EXPERIMENT_ID,DATE,PURPOSE,REFERENCE_BASELINE,DATASET,FEATURE_VERSION,CODE_COMMIT,MODEL,ARCHITECTURE,HYPERPARAMETERS,SEED,TRAIN_SPLIT,VALIDATION_SPLIT,TEST_SPLIT,METRICS,RUNTIME,CHECKPOINT,OUTPUT,STATUS,NOTES
CL0000,2026-09-24T18:25:11,repro,,FEATURE_TABLE_v2.parquet,v1_57,fb0d8aa,RF,,"{""n_estimators"": 200, ""max_depth"": 25, ""min_samples_leaf"": 3, ""class_weight"": ""balanced"", ""max_features"": ""sqrt"", ""random_state"": 42}",42,80/20 stratified rs42,,80/20 stratified rs42,"{""all"": {""roc_auc"": 0.9704471015873686, ""ap"": 0.7011235367097762, ""prevalence"": 0.06490611654381989, ""n"": 832202}}",252.81775426864624,not saved (sklearn/elapid models refit deterministically),results/baseline/predictions/repro__RF_v1_histlabel_80_20*.npz,complete,
CL0001,2026-09-24T18:57:29,repro,,FEATURE_TABLE_v2.parquet,v1_57,fb0d8aa,MaxEnt(elapid),,"{""feature_types"": [""linear"", ""hinge"", ""product""], ""beta_multiplier"": 4.0}",42,80/20 stratified rs42,,80/20 stratified rs42,"{""all"": {""roc_auc"": 0.959807125778993, ""ap"": 0.6275323865193543, ""prevalence"": 0.06490611654381989, ""n"": 832202}}",1894.537757396698,not saved (sklearn/elapid models refit deterministically),results/baseline/predictions/repro__MaxEnt_v1_histlabel_80_20_150k*.npz,complete,
CL0002,2026-09-24T19:01:12,trackA,,FEATURE_TABLE_v2.parquet,v2_57,fb0d8aa,RF,,"{""n_estimators"": 200, ""max_depth"": 25, ""min_samples_leaf"": 3, ""class_weight"": ""balanced"", ""max_features"": ""sqrt"", ""random_state"": 42}",42,v2 random 65/15/20 stratified rs42,v2 random 15%,v2 random 65/15/20 stratified rs42,"{""all"": {""roc_auc"": 0.9749735084314194, ""ap"": 0.720031563442909, ""prevalence"": 0.06450969411911738, ""n"": 832154}, ""forest"": {""roc_auc"": 0.8970765520860362, ""ap"": 0.7212450297922128, ""prevalence"": 0.22390196726939324, ""n"": 238859}}",162.5016486644745,not saved (sklearn/elapid models refit deterministically),results/baseline/predictions/trackA__RF_v2*.npz,complete,
CL0003,2026-09-24T19:07:28,trackA,,FEATURE_TABLE_v2.parquet,v1_57,fb0d8aa,RF,,"{""n_estimators"": 200, ""max_depth"": 25, ""min_samples_leaf"": 3, ""class_weight"": ""balanced"", ""max_features"": ""sqrt"", ""random_state"": 42}",42,v2 random 65/15/20 stratified rs42,v2 random 15%,v2 random 65/15/20 stratified rs42,"{""all"": {""roc_auc"": 0.9753953830039062, ""ap"": 0.7239802067269053, ""prevalence"": 0.06450969411911738, ""n"": 832154}, ""forest"": {""roc_auc"": 0.898123693372619, ""ap"": 0.724803305315416, ""prevalence"": 0.22390196726939324, ""n"": 238859}}",155.32460522651672,not saved (sklearn/elapid models refit deterministically),results/baseline/predictions/trackA__RF_v1_corrlabel*.npz,complete,
CL0004,2026-09-24T19:10:53,trackA,,FEATURE_TABLE_v2.parquet,v1_minus_labelderived,fb0d8aa,RF,,"{""n_estimators"": 200, ""max_depth"": 25, ""min_samples_leaf"": 3, ""class_weight"": ""balanced"", ""max_features"": ""sqrt"", ""random_state"": 42}",42,v2 random 65/15/20 stratified rs42,v2 random 15%,v2 random 65/15/20 stratified rs42,"{""all"": {""roc_auc"": 0.9754539976096536, ""ap"": 0.7245985631747756, ""prevalence"": 0.06450969411911738, ""n"": 832154}, ""forest"": {""roc_auc"": 0.8983539237806873, ""ap"": 0.7254320671493236, ""prevalence"": 0.22390196726939324, ""n"": 238859}}",155.29963088035583,not saved (sklearn/elapid models refit deterministically),results/baseline/predictions/trackA__RF_v1_corrlabel_minus_labelderived*.npz,complete,
CL0005,2026-09-24T19:14:32,trackA,,FEATURE_TABLE_v2.parquet,v1_57,fb0d8aa,RF,,"{""n_estimators"": 200, ""max_depth"": 25, ""min_samples_leaf"": 3, ""class_weight"": ""balanced"", ""max_features"": ""sqrt"", ""random_state"": 42}",42,v2 random 65/15/20 stratified rs42,v2 random 15%,v2 random 65/15/20 stratified rs42,"{""all"": {""roc_auc"": 0.9699103043246369, ""ap"": 0.6947292356347157, ""prevalence"": 0.06459982166762403, ""n"": 832154}, ""forest"": {""roc_auc"": 0.8867193691239562, ""ap"": 0.7015894967050997, ""prevalence"": 0.2210634725926174, ""n"": 238859}}",162.98003506660461,not saved (sklearn/elapid models refit deterministically),results/baseline/predictions/trackA__RF_v1_histlabel*.npz,complete,
CL0006,2026-09-24T19:17:03,trackA,Biswas-15,FEATURE_TABLE_v2.parquet,biswas15,fb0d8aa,RF,,"{""n_estimators"": 200, ""max_depth"": 25, ""min_samples_leaf"": 3, ""class_weight"": ""balanced"", ""max_features"": ""sqrt"", ""random_state"": 42}",42,v2 random 65/15/20 stratified rs42,v2 random 15%,v2 random 65/15/20 stratified rs42,"{""all"": {""roc_auc"": 0.9703848581014018, ""ap"": 0.6919155685194487, ""prevalence"": 0.06450969411911738, ""n"": 832154}, ""forest"": {""roc_auc"": 0.8847624426846665, ""ap"": 0.698030761632246, ""prevalence"": 0.22390196726939324, ""n"": 238859}}",103.03944993019104,not saved (sklearn/elapid models refit deterministically),results/baseline/predictions/trackA__RF_biswas15*.npz,complete,
CL0007,2026-09-24T19:20:20,trackA,,FEATURE_TABLE_v2.parquet,cdr7_static_1km,fb0d8aa,RF,,"{""n_estimators"": 200, ""max_depth"": 25, ""min_samples_leaf"": 3, ""class_weight"": ""balanced"", ""max_features"": ""sqrt"", ""random_state"": 42}",42,v2 random 65/15/20 stratified rs42,v2 random 15%,v2 random 65/15/20 stratified rs42,"{""all"": {""roc_auc"": 0.9576357866450098, ""ap"": 0.5467049099610621, ""prevalence"": 0.06450969411911738, ""n"": 832154}, ""forest"": {""roc_auc"": 0.8261018881754104, ""ap"": 0.5478792336952402, ""prevalence"": 0.22390196726939324, ""n"": 238859}}",82.38807582855225,not saved (sklearn/elapid models refit deterministically),results/baseline/predictions/trackA__RF_cdr7static*.npz,complete,
CL0008,2026-09-24T19:23:39,trackA,,FEATURE_TABLE_v2.parquet,v2_minus_landcover,fb0d8aa,RF,,"{""n_estimators"": 200, ""max_depth"": 25, ""min_samples_leaf"": 3, ""class_weight"": ""balanced"", ""max_features"": ""sqrt"", ""random_state"": 42}",42,v2 random 65/15/20 stratified rs42,v2 random 15%,v2 random 65/15/20 stratified rs42,"{""all"": {""roc_auc"": 0.9717121959628932, ""ap"": 0.6982573948609476, ""prevalence"": 0.06450969411911738, ""n"": 832154}, ""forest"": {""roc_auc"": 0.8893257222500615, ""ap"": 0.7042238435631463, ""prevalence"": 0.22390196726939324, ""n"": 238859}}",149.159601688385,not saved (sklearn/elapid models refit deterministically),results/baseline/predictions/trackA__RF_v2_minus_landcover*.npz,complete,
CL0009,2026-09-24T19:26:39,trackA,,FEATURE_TABLE_v2.parquet,v2_minus_trends,fb0d8aa,RF,,"{""n_estimators"": 200, ""max_depth"": 25, ""min_samples_leaf"": 3, ""class_weight"": ""balanced"", ""max_features"": ""sqrt"", ""random_state"": 42}",42,v2 random 65/15/20 stratified rs42,v2 random 15%,v2 random 65/15/20 stratified rs42,"{""all"": {""roc_auc"": 0.9736256653329022, ""ap"": 0.7073457780254773, ""prevalence"": 0.06450969411911738, ""n"": 832154}, ""forest"": {""roc_auc"": 0.8914622803941674, ""ap"": 0.7085677435966471, ""prevalence"": 0.22390196726939324, ""n"": 238859}}",131.53217673301697,not saved (sklearn/elapid models refit deterministically),results/baseline/predictions/trackA__RF_v2_minus_trends*.npz,complete,
CL0010,2026-09-24T19:29:58,trackA,,FEATURE_TABLE_v2.parquet,v2_minus_terrain,fb0d8aa,RF,,"{""n_estimators"": 200, ""max_depth"": 25, ""min_samples_leaf"": 3, ""class_weight"": ""balanced"", ""max_features"": ""sqrt"", ""random_state"": 42}",42,v2 random 65/15/20 stratified rs42,v2 random 15%,v2 random 65/15/20 stratified rs42,"{""all"": {""roc_auc"": 0.975076414408966, ""ap"": 0.7223579169332457, ""prevalence"": 0.06450969411911738, ""n"": 832154}, ""forest"": {""roc_auc"": 0.8976858307471092, ""ap"": 0.723583636144501, ""prevalence"": 0.22390196726939324, ""n"": 238859}}",151.37946391105652,not saved (sklearn/elapid models refit deterministically),results/baseline/predictions/trackA__RF_v2_minus_terrain*.npz,complete,
CL0011,2026-09-24T19:33:23,trackA,,FEATURE_TABLE_v2.parquet,v2_57,fb0d8aa,RF,,"{""n_estimators"": 200, ""max_depth"": 25, ""min_samples_leaf"": 3, ""class_weight"": ""balanced"", ""max_features"": ""sqrt"", ""random_state"": 42}",42,v2 random 65/15/20 stratified rs42,v2 random 15%,v2 random 65/15/20 stratified rs42,"{""all"": {""roc_auc"": 0.9747192936117234, ""ap"": 0.7131135608238375, ""prevalence"": 0.06285855743047561, ""n"": 832154}, ""forest"": {""roc_auc"": 0.8966032319639378, ""ap"": 0.714327842647306, ""prevalence"": 0.21816217936104565, ""n"": 238859}}",157.20149540901184,not saved (sklearn/elapid models refit deterministically),results/baseline/predictions/trackA__RF_v2_label_conf30*.npz,complete,
CL0012,2026-09-24T19:36:50,trackA,,FEATURE_TABLE_v2.parquet,v2_57,fb0d8aa,RF,,"{""n_estimators"": 200, ""max_depth"": 25, ""min_samples_leaf"": 3, ""class_weight"": ""balanced"", ""max_features"": ""sqrt"", ""random_state"": 42}",42,v2 random 65/15/20 stratified rs42,v2 random 15%,v2 random 65/15/20 stratified rs42,"{""all"": {""roc_auc"": 0.975039999892929, ""ap"": 0.7204721275034106, ""prevalence"": 0.06447364309971472, ""n"": 832154}, ""forest"": {""roc_auc"": 0.8973138267973337, ""ap"": 0.7216644687575585, ""prevalence"": 0.2237763701598014, ""n"": 238859}}",159.3782229423523,not saved (sklearn/elapid models refit deterministically),results/baseline/predictions/trackA__RF_v2_label_type0*.npz,complete,
CL0013,2026-09-24T19:40:15,trackA,,FEATURE_TABLE_v2.parquet,v2_57,fb0d8aa,RF,,"{""n_estimators"": 200, ""max_depth"": 25, ""min_samples_leaf"": 3, ""class_weight"": ""balanced"", ""max_features"": ""sqrt"", ""random_state"": 42}",42,v2 random 65/15/20 stratified rs42,v2 random 15%,v2 random 65/15/20 stratified rs42,"{""all"": {""roc_auc"": 0.9747002245749032, ""ap"": 0.7128014040249465, ""prevalence"": 0.06282370811171971, ""n"": 832154}, ""forest"": {""roc_auc"": 0.8965277297872495, ""ap"": 0.7140177329011774, ""prevalence"": 0.2180407688217735, ""n"": 238859}}",156.30310654640198,not saved (sklearn/elapid models refit deterministically),results/baseline/predictions/trackA__RF_v2_label_conf30_type0*.npz,complete,
CL0014,2026-09-24T20:10:08,trackA,,FEATURE_TABLE_v2.parquet,v2_57,fb0d8aa,MX_HIST,,"{""feature_types"": [""linear"", ""hinge"", ""product""], ""beta_multiplier"": 4.0}",42,v2 random 65/15/20 stratified rs42,v2 random 15%,v2 random 65/15/20 stratified rs42,"{""all"": {""roc_auc"": 0.967017946040157, ""ap"": 0.6625503491169731, ""prevalence"": 0.06450969411911738, ""n"": 832154}, ""forest"": {""roc_auc"": 0.8657422142808162, ""ap"": 0.6642872168342202, ""prevalence"": 0.22390196726939324, ""n"": 238859}}",1680.9342260360718,not saved (sklearn/elapid models refit deterministically),results/baseline/predictions/trackA__MaxEnt_v2*.npz,complete,
CL0015,2026-09-24T21:27:43,trackA,Biswas-15,FEATURE_TABLE_v2.parquet,biswas15,fb0d8aa,MX_BISWAS,,"{""feature_types"": [""linear"", ""quadratic"", ""hinge"", ""product""], ""beta_multiplier"": 1.0}",42,v2 random 65/15/20 stratified rs42,v2 random 15%,v2 random 65/15/20 stratified rs42,"{""all"": {""roc_auc"": 0.9450862820991363, ""ap"": 0.5628989688196737, ""prevalence"": 0.06450969411911738, ""n"": 832154}, ""forest"": {""roc_auc"": 0.8177907858472835, ""ap"": 0.5767986518639848, ""prevalence"": 0.22390196726939324, ""n"": 238859}}",1315.0233807563782,not saved (sklearn/elapid models refit deterministically),results/baseline/predictions/trackA__MaxEnt_biswas15_LQHP*.npz,complete,
CL0016,2026-09-24T22:05:28,trackA,,FEATURE_TABLE_v2.parquet,v1_57,fb0d8aa,MX_HIST,,"{""feature_types"": [""linear"", ""hinge"", ""product""], ""beta_multiplier"": 4.0}",42,v2 random 65/15/20 stratified rs42,v2 random 15%,v2 random 65/15/20 stratified rs42,"{""all"": {""roc_auc"": 0.9673708778498573, ""ap"": 0.6609482887756707, ""prevalence"": 0.06450969411911738, ""n"": 832154}, ""forest"": {""roc_auc"": 0.8657837422877185, ""ap"": 0.6621170077057018, ""prevalence"": 0.22390196726939324, ""n"": 238859}}",1875.6835062503815,not saved (sklearn/elapid models refit deterministically),results/baseline/predictions/trackA__MaxEnt_v1_corrlabel*.npz,complete,
CL0017,2026-09-24T22:08:31,trackA,,FEATURE_TABLE_v2.parquet,v2_57_lst005,fb0d8aa,RF,,"{""n_estimators"": 200, ""max_depth"": 25, ""min_samples_leaf"": 3, ""class_weight"": ""balanced"", ""max_features"": ""sqrt"", ""random_state"": 42}",42,v2 random 65/15/20 stratified rs42,v2 random 15%,v2 random 65/15/20 stratified rs42,"{""all"": {""roc_auc"": 0.9750441017471871, ""ap"": 0.7210777034340355, ""prevalence"": 0.06450969411911738, ""n"": 832154}, ""forest"": {""roc_auc"": 0.8972891665003189, ""ap"": 0.722286013268027, ""prevalence"": 0.22390196726939324, ""n"": 238859}}",143.99174857139587,not saved (sklearn/elapid models refit deterministically),results/baseline/predictions/trackA__RF_v2_lst005*.npz,complete,
CL0018,2026-09-24T22:11:36,trackA,,FEATURE_TABLE_v2.parquet,v2_57_slopezt,fb0d8aa,RF,,"{""n_estimators"": 200, ""max_depth"": 25, ""min_samples_leaf"": 3, ""class_weight"": ""balanced"", ""max_features"": ""sqrt"", ""random_state"": 42}",42,v2 random 65/15/20 stratified rs42,v2 random 15%,v2 random 65/15/20 stratified rs42,"{""all"": {""roc_auc"": 0.974977601402717, ""ap"": 0.7207281816208368, ""prevalence"": 0.06450969411911738, ""n"": 832154}, ""forest"": {""roc_auc"": 0.8971050288644659, ""ap"": 0.7219572058641195, ""prevalence"": 0.22390196726939324, ""n"": 238859}}",146.2971169948578,not saved (sklearn/elapid models refit deterministically),results/baseline/predictions/trackA__RF_v2_slopezt*.npz,complete,
CL0019,2026-09-24T22:14:37,trackA,,FEATURE_TABLE_v2.parquet,v2_57_slope025,fb0d8aa,RF,,"{""n_estimators"": 200, ""max_depth"": 25, ""min_samples_leaf"": 3, ""class_weight"": ""balanced"", ""max_features"": ""sqrt"", ""random_state"": 42}",42,v2 random 65/15/20 stratified rs42,v2 random 15%,v2 random 65/15/20 stratified rs42,"{""all"": {""roc_auc"": 0.9750530263126306, ""ap"": 0.720924570368143, ""prevalence"": 0.06450969411911738, ""n"": 832154}, ""forest"": {""roc_auc"": 0.8975567811117945, ""ap"": 0.7221508739494645, ""prevalence"": 0.22390196726939324, ""n"": 238859}}",142.14075541496277,not saved (sklearn/elapid models refit deterministically),results/baseline/predictions/trackA__RF_v2_slope025*.npz,complete,
CL0020,2026-09-24T22:14:52,bridge12_A,,cdr_pinn_monthly_stacks.npz (+v2 aggregated),cdr7,fb0d8aa,RF,,null,42,,,,"{""all"": {""roc_auc"": 0.9799910224475159, ""ap"": 0.9723920660422001, ""prevalence"": 0.42058562555456963, ""n"": 4508}, ""forest"": {""roc_auc"": 0.9501523028292274, ""ap"": 0.9728435294339917, ""prevalence"": 0.6523235800344234, ""n"": 2905}}",,not saved (sklearn/elapid models refit deterministically),results/baseline/predictions/bridge12_A__RF_cdr7*.npz,complete,
CL0021,2026-09-24T22:14:52,bridge12_A,,cdr_pinn_monthly_stacks.npz (+v2 aggregated),cdr7,fb0d8aa,LogReg,,null,42,,,,"{""all"": {""roc_auc"": 0.9237086741814798, ""ap"": 0.8781081929483622, ""prevalence"": 0.42058562555456963, ""n"": 4508}, ""forest"": {""roc_auc"": 0.8739515138848977, ""ap"": 0.8977887103201172, ""prevalence"": 0.6523235800344234, ""n"": 2905}}",,not saved (sklearn/elapid models refit deterministically),results/baseline/predictions/bridge12_A__LogReg_cdr7*.npz,complete,
CL0022,2026-09-24T22:14:52,bridge12_A,,cdr_pinn_monthly_stacks.npz (+v2 aggregated),cdr7,fb0d8aa,MaxEnt,,null,42,,,,"{""all"": {""roc_auc"": 0.9584520647966864, ""ap"": 0.9515641540796785, ""prevalence"": 0.42058562555456963, ""n"": 4508}, ""forest"": {""roc_auc"": 0.9269761488022153, ""ap"": 0.9602644869867993, ""prevalence"": 0.6523235800344234, ""n"": 2905}}",,not saved (sklearn/elapid models refit deterministically),results/baseline/predictions/bridge12_A__MaxEnt_cdr7*.npz,complete,
CL0023,2026-09-24T22:15:26,bridge12_A,,cdr_pinn_monthly_stacks.npz (+v2 aggregated),v2agg,fb0d8aa,RF,,null,42,,,,"{""all"": {""roc_auc"": 0.9808430418516294, ""ap"": 0.9754460405771505, ""prevalence"": 0.42058562555456963, ""n"": 4508}, ""forest"": {""roc_auc"": 0.9549026881579978, ""ap"": 0.9763525238966365, ""prevalence"": 0.6523235800344234, ""n"": 2905}}",,not saved (sklearn/elapid models refit deterministically),results/baseline/predictions/bridge12_A__RF_v2agg*.npz,complete,
CL0024,2026-09-24T22:15:26,bridge12_A,,cdr_pinn_monthly_stacks.npz (+v2 aggregated),v2agg,fb0d8aa,LogReg,,null,42,,,,"{""all"": {""roc_auc"": 0.9560808682419988, ""ap"": 0.9470943992458929, ""prevalence"": 0.42058562555456963, ""n"": 4508}, ""forest"": {""roc_auc"": 0.9190140808276077, ""ap"": 0.9552050151257827, ""prevalence"": 0.6523235800344234, ""n"": 2905}}",,not saved (sklearn/elapid models refit deterministically),results/baseline/predictions/bridge12_A__LogReg_v2agg*.npz,complete,
CL0025,2026-09-24T22:15:27,bridge12_A,,cdr_pinn_monthly_stacks.npz (+v2 aggregated),v2agg,fb0d8aa,MaxEnt,,null,42,,,,"{""all"": {""roc_auc"": 0.9661544655953374, ""ap"": 0.9539171468103395, ""prevalence"": 0.42058562555456963, ""n"": 4508}, ""forest"": {""roc_auc"": 0.9385297421562738, ""ap"": 0.9608445389344437, ""prevalence"": 0.6523235800344234, ""n"": 2905}}",,not saved (sklearn/elapid models refit deterministically),results/baseline/predictions/bridge12_A__MaxEnt_v2agg*.npz,complete,
CL0026,2026-09-24T22:15:38,bridge12_B1,,cdr_pinn_monthly_stacks.npz (+v2 aggregated),cdr7,fb0d8aa,RF,,null,42,,,,"{""all"": {""roc_auc"": 0.9820033957220002, ""ap"": 0.9720482711441827, ""prevalence"": 0.4031406336853808, ""n"": 7196}, ""forest"": {""roc_auc"": 0.9495226096072529, ""ap"": 0.9732534861018594, ""prevalence"": 0.671461716937355, ""n"": 4310}}",,not saved (sklearn/elapid models refit deterministically),results/baseline/predictions/bridge12_B1__RF_cdr7_f0*.npz,complete,
CL0027,2026-09-24T22:15:39,bridge12_B1,,cdr_pinn_monthly_stacks.npz (+v2 aggregated),cdr7,fb0d8aa,LogReg,,null,42,,,,"{""all"": {""roc_auc"": 0.9171530510734727, ""ap"": 0.8889436869505153, ""prevalence"": 0.4031406336853808, ""n"": 7196}, ""forest"": {""roc_auc"": 0.8826748991679648, ""ap"": 0.922833453927824, ""prevalence"": 0.671461716937355, ""n"": 4310}}",,not saved (sklearn/elapid models refit deterministically),results/baseline/predictions/bridge12_B1__LogReg_cdr7_f0*.npz,complete,
CL0028,2026-09-24T22:15:39,bridge12_B1,,cdr_pinn_monthly_stacks.npz (+v2 aggregated),cdr7,fb0d8aa,MaxEnt,,null,42,,,,"{""all"": {""roc_auc"": 0.9596983738496501, ""ap"": 0.9487315999636167, ""prevalence"": 0.4031406336853808, ""n"": 7196}, ""forest"": {""roc_auc"": 0.9297599455721755, ""ap"": 0.9618231672707374, ""prevalence"": 0.671461716937355, ""n"": 4310}}",,not saved (sklearn/elapid models refit deterministically),results/baseline/predictions/bridge12_B1__MaxEnt_cdr7_f0*.npz,complete,
CL0029,2026-09-24T22:16:05,bridge12_B1,,cdr_pinn_monthly_stacks.npz (+v2 aggregated),v2agg,fb0d8aa,RF,,null,42,,,,"{""all"": {""roc_auc"": 0.983678222635284, ""ap"": 0.9785001655182218, ""prevalence"": 0.4031406336853808, ""n"": 7196}, ""forest"": {""roc_auc"": 0.9582551226187828, ""ap"": 0.9802611919885369, ""prevalence"": 0.671461716937355, ""n"": 4310}}",,not saved (sklearn/elapid models refit deterministically),results/baseline/predictions/bridge12_B1__RF_v2agg_f0*.npz,complete,
CL0030,2026-09-24T22:16:06,bridge12_B1,,cdr_pinn_monthly_stacks.npz (+v2 aggregated),v2agg,fb0d8aa,LogReg,,null,42,,,,"{""all"": {""roc_auc"": 0.9557463425361332, ""ap"": 0.9455704224485227, ""prevalence"": 0.4031406336853808, ""n"": 7196}, ""forest"": {""roc_auc"": 0.9193157038329838, ""ap"": 0.9592609235909131, ""prevalence"": 0.671461716937355, ""n"": 4310}}",,not saved (sklearn/elapid models refit deterministically),results/baseline/predictions/bridge12_B1__LogReg_v2agg_f0*.npz,complete,
CL0031,2026-09-24T22:16:06,bridge12_B1,,cdr_pinn_monthly_stacks.npz (+v2 aggregated),v2agg,fb0d8aa,MaxEnt,,null,42,,,,"{""all"": {""roc_auc"": 0.9635146083864141, ""ap"": 0.9493192883011935, ""prevalence"": 0.4031406336853808, ""n"": 7196}, ""forest"": {""roc_auc"": 0.9345876574951488, ""ap"": 0.9602704208776671, ""prevalence"": 0.671461716937355, ""n"": 4310}}",,not saved (sklearn/elapid models refit deterministically),results/baseline/predictions/bridge12_B1__MaxEnt_v2agg_f0*.npz,complete,
CL0032,2026-09-24T22:16:16,bridge12_B1,,cdr_pinn_monthly_stacks.npz (+v2 aggregated),cdr7,fb0d8aa,RF,,null,42,,,,"{""all"": {""roc_auc"": 0.9659388721411514, ""ap"": 0.9299509420602795, ""prevalence"": 0.3305332824233168, ""n"": 7857}, ""forest"": {""roc_auc"": 0.9266434456318348, ""ap"": 0.9311987689905283, ""prevalence"": 0.5267222109327373, ""n"": 4921}}",,not saved (sklearn/elapid models refit deterministically),results/baseline/predictions/bridge12_B1__RF_cdr7_f1*.npz,complete,
CL0033,2026-09-24T22:16:16,bridge12_B1,,cdr_pinn_monthly_stacks.npz (+v2 aggregated),cdr7,fb0d8aa,LogReg,,null,42,,,,"{""all"": {""roc_auc"": 0.9250416903973727, ""ap"": 0.86034574342932, ""prevalence"": 0.3305332824233168, ""n"": 7857}, ""forest"": {""roc_auc"": 0.8866799254170444, ""ap"": 0.8799418919811449, ""prevalence"": 0.5267222109327373, ""n"": 4921}}",,not saved (sklearn/elapid models refit deterministically),results/baseline/predictions/bridge12_B1__LogReg_cdr7_f1*.npz,complete,
CL0034,2026-09-24T22:16:17,bridge12_B1,,cdr_pinn_monthly_stacks.npz (+v2 aggregated),cdr7,fb0d8aa,MaxEnt,,null,42,,,,"{""all"": {""roc_auc"": 0.9443936847283572, ""ap"": 0.9026595899658615, ""prevalence"": 0.3305332824233168, ""n"": 7857}, ""forest"": {""roc_auc"": 0.9119897435183859, ""ap"": 0.9149605703486274, ""prevalence"": 0.5267222109327373, ""n"": 4921}}",,not saved (sklearn/elapid models refit deterministically),results/baseline/predictions/bridge12_B1__MaxEnt_cdr7_f1*.npz,complete,
CL0035,2026-09-24T22:16:39,bridge12_B1,,cdr_pinn_monthly_stacks.npz (+v2 aggregated),v2agg,fb0d8aa,RF,,null,42,,,,"{""all"": {""roc_auc"": 0.9698541458336689, ""ap"": 0.9404503798426773, ""prevalence"": 0.3305332824233168, ""n"": 7857}, ""forest"": {""roc_auc"": 0.9353716260091492, ""ap"": 0.9416292943115206, ""prevalence"": 0.5267222109327373, ""n"": 4921}}",,not saved (sklearn/elapid models refit deterministically),results/baseline/predictions/bridge12_B1__RF_v2agg_f1*.npz,complete,
CL0036,2026-09-24T22:16:40,bridge12_B1,,cdr_pinn_monthly_stacks.npz (+v2 aggregated),v2agg,fb0d8aa,LogReg,,null,42,,,,"{""all"": {""roc_auc"": 0.9419859636228406, ""ap"": 0.8963410431142079, ""prevalence"": 0.3305332824233168, ""n"": 7857}, ""forest"": {""roc_auc"": 0.9052738153926074, ""ap"": 0.908959616902393, ""prevalence"": 0.5267222109327373, ""n"": 4921}}",,not saved (sklearn/elapid models refit deterministically),results/baseline/predictions/bridge12_B1__LogReg_v2agg_f1*.npz,complete,
CL0037,2026-09-24T22:16:40,bridge12_B1,,cdr_pinn_monthly_stacks.npz (+v2 aggregated),v2agg,fb0d8aa,MaxEnt,,null,42,,,,"{""all"": {""roc_auc"": 0.9447749377389236, ""ap"": 0.8798958450697699, ""prevalence"": 0.3305332824233168, ""n"": 7857}, ""forest"": {""roc_auc"": 0.9047376013124904, ""ap"": 0.8916719660878801, ""prevalence"": 0.5267222109327373, ""n"": 4921}}",,not saved (sklearn/elapid models refit deterministically),results/baseline/predictions/bridge12_B1__MaxEnt_v2agg_f1*.npz,complete,
CL0038,2026-09-24T22:16:47,bridge12_B1,,cdr_pinn_monthly_stacks.npz (+v2 aggregated),cdr7,fb0d8aa,RF,,null,42,,,,"{""all"": {""roc_auc"": 0.9727766782131655, ""ap"": 0.9707121808985963, ""prevalence"": 0.48911737214581386, ""n"": 7489}, ""forest"": {""roc_auc"": 0.932517147969581, ""ap"": 0.9716707471809889, ""prevalence"": 0.7158512720156556, ""n"": 5110}}",,not saved (sklearn/elapid models refit deterministically),results/baseline/predictions/bridge12_B1__RF_cdr7_f2*.npz,complete,
CL0039,2026-09-24T22:16:47,bridge12_B1,,cdr_pinn_monthly_stacks.npz (+v2 aggregated),cdr7,fb0d8aa,LogReg,,null,42,,,,"{""all"": {""roc_auc"": 0.9138169676591005, ""ap"": 0.8769163252188081, ""prevalence"": 0.48911737214581386, ""n"": 7489}, ""forest"": {""roc_auc"": 0.8372400128327361, ""ap"": 0.8904705899700678, ""prevalence"": 0.7158512720156556, ""n"": 5110}}",,not saved (sklearn/elapid models refit deterministically),results/baseline/predictions/bridge12_B1__LogReg_cdr7_f2*.npz,complete,
CL0040,2026-09-24T22:16:47,bridge12_B1,,cdr_pinn_monthly_stacks.npz (+v2 aggregated),cdr7,fb0d8aa,MaxEnt,,null,42,,,,"{""all"": {""roc_auc"": 0.9461910824953166, ""ap"": 0.947800412210062, ""prevalence"": 0.48911737214581386, ""n"": 7489}, ""forest"": {""roc_auc"": 0.908658915061445, ""ap"": 0.9586354458678116, ""prevalence"": 0.7158512720156556, ""n"": 5110}}",,not saved (sklearn/elapid models refit deterministically),results/baseline/predictions/bridge12_B1__MaxEnt_cdr7_f2*.npz,complete,
CL0041,2026-09-24T22:17:09,bridge12_B1,,cdr_pinn_monthly_stacks.npz (+v2 aggregated),v2agg,fb0d8aa,RF,,null,42,,,,"{""all"": {""roc_auc"": 0.9740054291805467, ""ap"": 0.9728734186751339, ""prevalence"": 0.48911737214581386, ""n"": 7489}, ""forest"": {""roc_auc"": 0.9375702260941339, ""ap"": 0.9741158321236081, ""prevalence"": 0.7158512720156556, ""n"": 5110}}",,not saved (sklearn/elapid models refit deterministically),results/baseline/predictions/bridge12_B1__RF_v2agg_f2*.npz,complete,
CL0042,2026-09-24T22:17:10,bridge12_B1,,cdr_pinn_monthly_stacks.npz (+v2 aggregated),v2agg,fb0d8aa,LogReg,,null,42,,,,"{""all"": {""roc_auc"": 0.9491000052944643, ""ap"": 0.9523913036166144, ""prevalence"": 0.48911737214581386, ""n"": 7489}, ""forest"": {""roc_auc"": 0.909514336666531, ""ap"": 0.96183339274417, ""prevalence"": 0.7158512720156556, ""n"": 5110}}",,not saved (sklearn/elapid models refit deterministically),results/baseline/predictions/bridge12_B1__LogReg_v2agg_f2*.npz,complete,
CL0043,2026-09-24T22:17:11,bridge12_B1,,cdr_pinn_monthly_stacks.npz (+v2 aggregated),v2agg,fb0d8aa,MaxEnt,,null,42,,,,"{""all"": {""roc_auc"": 0.9433437024916376, ""ap"": 0.9361436654338317, ""prevalence"": 0.48911737214581386, ""n"": 7489}, ""forest"": {""roc_auc"": 0.907195651780994, ""ap"": 0.9515538870437876, ""prevalence"": 0.7158512720156556, ""n"": 5110}}",,not saved (sklearn/elapid models refit deterministically),results/baseline/predictions/bridge12_B1__MaxEnt_v2agg_f2*.npz,complete,
CL0044,2026-09-24T22:17:22,bridge12_B2,,cdr_pinn_monthly_stacks.npz (+v2 aggregated),cdr7,fb0d8aa,RF,,null,42,,,,"{""all"": {""roc_auc"": 0.9493583036897537, ""ap"": 0.8012832061559333, ""prevalence"": 0.1847461418027287, ""n"": 4471}, ""forest"": {""roc_auc"": 0.8755530293720044, ""ap"": 0.8029043058195018, ""prevalence"": 0.3668744434550312, ""n"": 2246}}",,not saved (sklearn/elapid models refit deterministically),results/baseline/predictions/bridge12_B2__RF_cdr7_r0*.npz,complete,
CL0045,2026-09-24T22:17:23,bridge12_B2,,cdr_pinn_monthly_stacks.npz (+v2 aggregated),cdr7,fb0d8aa,LogReg,,null,42,,,,"{""all"": {""roc_auc"": 0.8500466658031003, ""ap"": 0.6840775859592825, ""prevalence"": 0.1847461418027287, ""n"": 4471}, ""forest"": {""roc_auc"": 0.7977807136127156, ""ap"": 0.7376216298245742, ""prevalence"": 0.3668744434550312, ""n"": 2246}}",,not saved (sklearn/elapid models refit deterministically),results/baseline/predictions/bridge12_B2__LogReg_cdr7_r0*.npz,complete,
CL0046,2026-09-24T22:17:23,bridge12_B2,,cdr_pinn_monthly_stacks.npz (+v2 aggregated),cdr7,fb0d8aa,MaxEnt,,null,42,,,,"{""all"": {""roc_auc"": 0.938675488330228, ""ap"": 0.7922730145775982, ""prevalence"": 0.1847461418027287, ""n"": 4471}, ""forest"": {""roc_auc"": 0.8771677385877952, ""ap"": 0.8019105673163108, ""prevalence"": 0.3668744434550312, ""n"": 2246}}",,not saved (sklearn/elapid models refit deterministically),results/baseline/predictions/bridge12_B2__MaxEnt_cdr7_r0*.npz,complete,
CL0047,2026-09-24T22:17:55,bridge12_B2,,cdr_pinn_monthly_stacks.npz (+v2 aggregated),v2agg,fb0d8aa,RF,,null,42,,,,"{""all"": {""roc_auc"": 0.9527891536052239, ""ap"": 0.8243359593189645, ""prevalence"": 0.1847461418027287, ""n"": 4471}, ""forest"": {""roc_auc"": 0.8858941665642537, ""ap"": 0.8260561667562675, ""prevalence"": 0.3668744434550312, ""n"": 2246}}",,not saved (sklearn/elapid models refit deterministically),results/baseline/predictions/bridge12_B2__RF_v2agg_r0*.npz,complete,
CL0048,2026-09-24T22:17:55,bridge12_B2,,cdr_pinn_monthly_stacks.npz (+v2 aggregated),v2agg,fb0d8aa,LogReg,,null,42,,,,"{""all"": {""roc_auc"": 0.8923682313826695, ""ap"": 0.7061385683087578, ""prevalence"": 0.1847461418027287, ""n"": 4471}, ""forest"": {""roc_auc"": 0.833838143323365, ""ap"": 0.7523634030483156, ""prevalence"": 0.3668744434550312, ""n"": 2246}}",,not saved (sklearn/elapid models refit deterministically),results/baseline/predictions/bridge12_B2__LogReg_v2agg_r0*.npz,complete,
CL0049,2026-09-24T22:17:55,bridge12_B2,,cdr_pinn_monthly_stacks.npz (+v2 aggregated),v2agg,fb0d8aa,MaxEnt,,null,42,,,,"{""all"": {""roc_auc"": 0.8919427588291367, ""ap"": 0.6378187204171175, ""prevalence"": 0.1847461418027287, ""n"": 4471}, ""forest"": {""roc_auc"": 0.812200869143692, ""ap"": 0.676556911085001, ""prevalence"": 0.3668744434550312, ""n"": 2246}}",,not saved (sklearn/elapid models refit deterministically),results/baseline/predictions/bridge12_B2__MaxEnt_v2agg_r0*.npz,complete,
CL0050,2026-09-24T22:18:06,bridge12_B2,,cdr_pinn_monthly_stacks.npz (+v2 aggregated),cdr7,fb0d8aa,RF,,null,42,,,,"{""all"": {""roc_auc"": 0.985239035821359, ""ap"": 0.9860566962086802, ""prevalence"": 0.5021004200840168, ""n"": 4999}, ""forest"": {""roc_auc"": 0.9571576508852139, ""ap"": 0.9868295224765469, ""prevalence"": 0.7627015515667782, ""n"": 3287}}",,not saved (sklearn/elapid models refit deterministically),results/baseline/predictions/bridge12_B2__RF_cdr7_r1*.npz,complete,
CL0051,2026-09-24T22:18:07,bridge12_B2,,cdr_pinn_monthly_stacks.npz (+v2 aggregated),cdr7,fb0d8aa,LogReg,,null,42,,,,"{""all"": {""roc_auc"": 0.9354962632395287, ""ap"": 0.9511405396356856, ""prevalence"": 0.5021004200840168, ""n"": 4999}, ""forest"": {""roc_auc"": 0.9274477616519898, ""ap"": 0.9780986968882701, ""prevalence"": 0.7627015515667782, ""n"": 3287}}",,not saved (sklearn/elapid models refit deterministically),results/baseline/predictions/bridge12_B2__LogReg_cdr7_r1*.npz,complete,
CL0052,2026-09-24T22:18:07,bridge12_B2,,cdr_pinn_monthly_stacks.npz (+v2 aggregated),cdr7,fb0d8aa,MaxEnt,,null,42,,,,"{""all"": {""roc_auc"": 0.9635585420471589, ""ap"": 0.971377603953154, ""prevalence"": 0.5021004200840168, ""n"": 4999}, ""forest"": {""roc_auc"": 0.9367821382181175, ""ap"": 0.9800657763670295, ""prevalence"": 0.7627015515667782, ""n"": 3287}}",,not saved (sklearn/elapid models refit deterministically),results/baseline/predictions/bridge12_B2__MaxEnt_cdr7_r1*.npz,complete,
CL0053,2026-09-24T22:18:41,bridge12_B2,,cdr_pinn_monthly_stacks.npz (+v2 aggregated),v2agg,fb0d8aa,RF,,null,42,,,,"{""all"": {""roc_auc"": 0.984781484748031, ""ap"": 0.9858873974550656, ""prevalence"": 0.5021004200840168, ""n"": 4999}, ""forest"": {""roc_auc"": 0.9576332423061581, ""ap"": 0.9869038887920653, ""prevalence"": 0.7627015515667782, ""n"": 3287}}",,not saved (sklearn/elapid models refit deterministically),results/baseline/predictions/bridge12_B2__RF_v2agg_r1*.npz,complete,
CL0054,2026-09-24T22:18:41,bridge12_B2,,cdr_pinn_monthly_stacks.npz (+v2 aggregated),v2agg,fb0d8aa,LogReg,,null,42,,,,"{""all"": {""roc_auc"": 0.9640611519370489, ""ap"": 0.970763155683068, ""prevalence"": 0.5021004200840168, ""n"": 4999}, ""forest"": {""roc_auc"": 0.930438106634756, ""ap"": 0.9793574757248769, ""prevalence"": 0.7627015515667782, ""n"": 3287}}",,not saved (sklearn/elapid models refit deterministically),results/baseline/predictions/bridge12_B2__LogReg_v2agg_r1*.npz,complete,
CL0055,2026-09-24T22:18:42,bridge12_B2,,cdr_pinn_monthly_stacks.npz (+v2 aggregated),v2agg,fb0d8aa,MaxEnt,,null,42,,,,"{""all"": {""roc_auc"": 0.9544890746375686, ""ap"": 0.9588947999271533, ""prevalence"": 0.5021004200840168, ""n"": 4999}, ""forest"": {""roc_auc"": 0.9196779785830445, ""ap"": 0.9709348148217145, ""prevalence"": 0.7627015515667782, ""n"": 3287}}",,not saved (sklearn/elapid models refit deterministically),results/baseline/predictions/bridge12_B2__MaxEnt_v2agg_r1*.npz,complete,
CL0056,2026-09-24T22:18:55,bridge12_B2,,cdr_pinn_monthly_stacks.npz (+v2 aggregated),cdr7,fb0d8aa,RF,,null,42,,,,"{""all"": {""roc_auc"": 0.9247819145230107, ""ap"": 0.8869203411246577, ""prevalence"": 0.45579793340987373, ""n"": 2613}, ""forest"": {""roc_auc"": 0.8533454773013129, ""ap"": 0.8894341571428359, ""prevalence"": 0.635048231511254, ""n"": 1866}}",,not saved (sklearn/elapid models refit deterministically),results/baseline/predictions/bridge12_B2__RF_cdr7_r2*.npz,complete,
CL0057,2026-09-24T22:18:55,bridge12_B2,,cdr_pinn_monthly_stacks.npz (+v2 aggregated),cdr7,fb0d8aa,LogReg,,null,42,,,,"{""all"": {""roc_auc"": 0.8635960514926175, ""ap"": 0.7835395600486778, ""prevalence"": 0.45579793340987373, ""n"": 2613}, ""forest"": {""roc_auc"": 0.7646362695713056, ""ap"": 0.795594078283131, ""prevalence"": 0.635048231511254, ""n"": 1866}}",,not saved (sklearn/elapid models refit deterministically),results/baseline/predictions/bridge12_B2__LogReg_cdr7_r2*.npz,complete,
CL0058,2026-09-24T22:18:56,bridge12_B2,,cdr_pinn_monthly_stacks.npz (+v2 aggregated),cdr7,fb0d8aa,MaxEnt,,null,42,,,,"{""all"": {""roc_auc"": 0.8973799629428874, ""ap"": 0.8589987870748041, ""prevalence"": 0.45579793340987373, ""n"": 2613}, ""forest"": {""roc_auc"": 0.8189774283289033, ""ap"": 0.8672568650690895, ""prevalence"": 0.635048231511254, ""n"": 1866}}",,not saved (sklearn/elapid models refit deterministically),results/baseline/predictions/bridge12_B2__MaxEnt_cdr7_r2*.npz,complete,
CL0059,2026-09-24T22:19:25,bridge12_B2,,cdr_pinn_monthly_stacks.npz (+v2 aggregated),v2agg,fb0d8aa,RF,,null,42,,,,"{""all"": {""roc_auc"": 0.9288451477974164, ""ap"": 0.9004484080498881, ""prevalence"": 0.45579793340987373, ""n"": 2613}, ""forest"": {""roc_auc"": 0.8653481787145981, ""ap"": 0.903703899703736, ""prevalence"": 0.635048231511254, ""n"": 1866}}",,not saved (sklearn/elapid models refit deterministically),results/baseline/predictions/bridge12_B2__RF_v2agg_r2*.npz,complete,
CL0060,2026-09-24T22:19:25,bridge12_B2,,cdr_pinn_monthly_stacks.npz (+v2 aggregated),v2agg,fb0d8aa,LogReg,,null,42,,,,"{""all"": {""roc_auc"": 0.8880826191749893, ""ap"": 0.8739463301518885, ""prevalence"": 0.45579793340987373, ""n"": 2613}, ""forest"": {""roc_auc"": 0.8247743142685428, ""ap"": 0.8882765762342297, ""prevalence"": 0.635048231511254, ""n"": 1866}}",,not saved (sklearn/elapid models refit deterministically),results/baseline/predictions/bridge12_B2__LogReg_v2agg_r2*.npz,complete,
CL0061,2026-09-24T22:19:26,bridge12_B2,,cdr_pinn_monthly_stacks.npz (+v2 aggregated),v2agg,fb0d8aa,MaxEnt,,null,42,,,,"{""all"": {""roc_auc"": 0.8936588997887345, ""ap"": 0.8632014071645677, ""prevalence"": 0.45579793340987373, ""n"": 2613}, ""forest"": {""roc_auc"": 0.8403340830374789, ""ap"": 0.8798132703197691, ""prevalence"": 0.635048231511254, ""n"": 1866}}",,not saved (sklearn/elapid models refit deterministically),results/baseline/predictions/bridge12_B2__MaxEnt_v2agg_r2*.npz,complete,
CL0062,2026-09-24T22:19:35,bridge12_B2,,cdr_pinn_monthly_stacks.npz (+v2 aggregated),cdr7,fb0d8aa,RF,,null,42,,,,"{""all"": {""roc_auc"": 0.9328019662921349, ""ap"": 0.9537500840218133, ""prevalence"": 0.6663890045814244, ""n"": 2401}, ""forest"": {""roc_auc"": 0.9046769538188277, ""ap"": 0.9538084780896855, ""prevalence"": 0.7397133610725843, ""n"": 2163}}",,not saved (sklearn/elapid models refit deterministically),results/baseline/predictions/bridge12_B2__RF_cdr7_r3*.npz,complete,
CL0063,2026-09-24T22:19:36,bridge12_B2,,cdr_pinn_monthly_stacks.npz (+v2 aggregated),cdr7,fb0d8aa,LogReg,,null,42,,,,"{""all"": {""roc_auc"": 0.8063619694132335, ""ap"": 0.840979898562447, ""prevalence"": 0.6663890045814244, ""n"": 2401}, ""forest"": {""roc_auc"": 0.7315658303730018, ""ap"": 0.8423922011194955, ""prevalence"": 0.7397133610725843, ""n"": 2163}}",,not saved (sklearn/elapid models refit deterministically),results/baseline/predictions/bridge12_B2__LogReg_cdr7_r3*.npz,complete,
CL0064,2026-09-24T22:19:36,bridge12_B2,,cdr_pinn_monthly_stacks.npz (+v2 aggregated),cdr7,fb0d8aa,MaxEnt,,null,42,,,,"{""all"": {""roc_auc"": 0.6522534332084894, ""ap"": 0.7672318122117211, ""prevalence"": 0.6663890045814244, ""n"": 2401}, ""forest"": {""roc_auc"": 0.6006538632326821, ""ap"": 0.7880987532613832, ""prevalence"": 0.7397133610725843, ""n"": 2163}}",,not saved (sklearn/elapid models refit deterministically),results/baseline/predictions/bridge12_B2__MaxEnt_cdr7_r3*.npz,complete,
CL0065,2026-09-24T22:20:06,bridge12_B2,,cdr_pinn_monthly_stacks.npz (+v2 aggregated),v2agg,fb0d8aa,RF,,null,42,,,,"{""all"": {""roc_auc"": 0.8895540730337078, ""ap"": 0.9180016214912934, ""prevalence"": 0.6663890045814244, ""n"": 2401}, ""forest"": {""roc_auc"": 0.8433653419182948, ""ap"": 0.9181113659568053, ""prevalence"": 0.7397133610725843, ""n"": 2163}}",,not saved (sklearn/elapid models refit deterministically),results/baseline/predictions/bridge12_B2__RF_v2agg_r3*.npz,complete,
CL0066,2026-09-24T22:20:06,bridge12_B2,,cdr_pinn_monthly_stacks.npz (+v2 aggregated),v2agg,fb0d8aa,LogReg,,null,42,,,,"{""all"": {""roc_auc"": 0.822100109238452, ""ap"": 0.864627772676579, ""prevalence"": 0.6663890045814244, ""n"": 2401}, ""forest"": {""roc_auc"": 0.7604745781527531, ""ap"": 0.8675443105969318, ""prevalence"": 0.7397133610725843, ""n"": 2163}}",,not saved (sklearn/elapid models refit deterministically),results/baseline/predictions/bridge12_B2__LogReg_v2agg_r3*.npz,complete,
CL0067,2026-09-24T22:20:07,bridge12_B2,,cdr_pinn_monthly_stacks.npz (+v2 aggregated),v2agg,fb0d8aa,MaxEnt,,null,42,,,,"{""all"": {""roc_auc"": 0.8035662453183521, ""ap"": 0.8530876185069188, ""prevalence"": 0.6663890045814244, ""n"": 2401}, ""forest"": {""roc_auc"": 0.7482837477797513, ""ap"": 0.8592365922381688, ""prevalence"": 0.7397133610725843, ""n"": 2163}}",,not saved (sklearn/elapid models refit deterministically),results/baseline/predictions/bridge12_B2__MaxEnt_v2agg_r3*.npz,complete,
CL0068,2026-09-24T22:20:17,bridge12_B2,,cdr_pinn_monthly_stacks.npz (+v2 aggregated),cdr7,fb0d8aa,RF,,null,42,,,,"{""all"": {""roc_auc"": 0.9887675197694292, ""ap"": 0.9554988425926938, ""prevalence"": 0.26150306748466257, ""n"": 3912}, ""forest"": {""roc_auc"": 0.9698632115699307, ""ap"": 0.9563442708653546, ""prevalence"": 0.5082048731974143, ""n"": 2011}}",,not saved (sklearn/elapid models refit deterministically),results/baseline/predictions/bridge12_B2__RF_cdr7_r4*.npz,complete,
CL0069,2026-09-24T22:20:17,bridge12_B2,,cdr_pinn_monthly_stacks.npz (+v2 aggregated),cdr7,fb0d8aa,LogReg,,null,42,,,,"{""all"": {""roc_auc"": 0.9017701890779974, ""ap"": 0.8770878332810317, ""prevalence"": 0.26150306748466257, ""n"": 3912}, ""forest"": {""roc_auc"": 0.9186739061179826, ""ap"": 0.9326071449960198, ""prevalence"": 0.5082048731974143, ""n"": 2011}}",,not saved (sklearn/elapid models refit deterministically),results/baseline/predictions/bridge12_B2__LogReg_cdr7_r4*.npz,complete,
CL0070,2026-09-24T22:20:17,bridge12_B2,,cdr_pinn_monthly_stacks.npz (+v2 aggregated),cdr7,fb0d8aa,MaxEnt,,null,42,,,,"{""all"": {""roc_auc"": 0.670151587898548, ""ap"": 0.5181750757383822, ""prevalence"": 0.26150306748466257, ""n"": 3912}, ""forest"": {""roc_auc"": 0.7942529270112133, ""ap"": 0.7852254385817857, ""prevalence"": 0.5082048731974143, ""n"": 2011}}",,not saved (sklearn/elapid models refit deterministically),results/baseline/predictions/bridge12_B2__MaxEnt_cdr7_r4*.npz,complete,
CL0071,2026-09-24T22:20:59,bridge12_B2,,cdr_pinn_monthly_stacks.npz (+v2 aggregated),v2agg,fb0d8aa,RF,,null,42,,,,"{""all"": {""roc_auc"": 0.9875771752970024, ""ap"": 0.9662691740881689, ""prevalence"": 0.26150306748466257, ""n"": 3912}, ""forest"": {""roc_auc"": 0.9688233978855473, ""ap"": 0.9674831710211347, ""prevalence"": 0.5082048731974143, ""n"": 2011}}",,not saved (sklearn/elapid models refit deterministically),results/baseline/predictions/bridge12_B2__RF_v2agg_r4*.npz,complete,
CL0072,2026-09-24T22:21:00,bridge12_B2,,cdr_pinn_monthly_stacks.npz (+v2 aggregated),v2agg,fb0d8aa,LogReg,,null,42,,,,"{""all"": {""roc_auc"": 0.90384906242609, ""ap"": 0.8015398464817756, ""prevalence"": 0.26150306748466257, ""n"": 3912}, ""forest"": {""roc_auc"": 0.8879558707425517, ""ap"": 0.8691381077020199, ""prevalence"": 0.5082048731974143, ""n"": 2011}}",,not saved (sklearn/elapid models refit deterministically),results/baseline/predictions/bridge12_B2__LogReg_v2agg_r4*.npz,complete,
CL0073,2026-09-24T22:21:00,bridge12_B2,,cdr_pinn_monthly_stacks.npz (+v2 aggregated),v2agg,fb0d8aa,MaxEnt,,null,42,,,,"{""all"": {""roc_auc"": 0.9089411855465519, ""ap"": 0.7071099038081138, ""prevalence"": 0.26150306748466257, ""n"": 3912}, ""forest"": {""roc_auc"": 0.8137546277150416, ""ap"": 0.7518222816595809, ""prevalence"": 0.5082048731974143, ""n"": 2011}}",,not saved (sklearn/elapid models refit deterministically),results/baseline/predictions/bridge12_B2__MaxEnt_v2agg_r4*.npz,complete,
CL0074,2026-09-24T22:21:10,bridge12_B2,,cdr_pinn_monthly_stacks.npz (+v2 aggregated),cdr7,fb0d8aa,RF,,null,42,,,,"{""all"": {""roc_auc"": 0.9736317932868055, ""ap"": 0.9703982089985891, ""prevalence"": 0.485045827303425, ""n"": 4146}, ""forest"": {""roc_auc"": 0.933455865997807, ""ap"": 0.9720081212898312, ""prevalence"": 0.7247109826589595, ""n"": 2768}}",,not saved (sklearn/elapid models refit deterministically),results/baseline/predictions/bridge12_B2__RF_cdr7_r5*.npz,complete,
CL0075,2026-09-24T22:21:11,bridge12_B2,,cdr_pinn_monthly_stacks.npz (+v2 aggregated),cdr7,fb0d8aa,LogReg,,null,42,,,,"{""all"": {""roc_auc"": 0.8736788413142237, ""ap"": 0.8974034142567534, ""prevalence"": 0.485045827303425, ""n"": 4146}, ""forest"": {""roc_auc"": 0.8702854690521612, ""ap"": 0.9499825835694766, ""prevalence"": 0.7247109826589595, ""n"": 2768}}",,not saved (sklearn/elapid models refit deterministically),results/baseline/predictions/bridge12_B2__LogReg_cdr7_r5*.npz,complete,
CL0076,2026-09-24T22:21:11,bridge12_B2,,cdr_pinn_monthly_stacks.npz (+v2 aggregated),cdr7,fb0d8aa,MaxEnt,,null,42,,,,"{""all"": {""roc_auc"": 0.9506651356648503, ""ap"": 0.956321873535041, ""prevalence"": 0.485045827303425, ""n"": 4146}, ""forest"": {""roc_auc"": 0.9148973682626661, ""ap"": 0.9667326742277975, ""prevalence"": 0.7247109826589595, ""n"": 2768}}",,not saved (sklearn/elapid models refit deterministically),results/baseline/predictions/bridge12_B2__MaxEnt_cdr7_r5*.npz,complete,
CL0077,2026-09-24T22:22:32,bridge12_B2,,cdr_pinn_monthly_stacks.npz (+v2 aggregated),v2agg,fb0d8aa,RF,,null,42,,,,"{""all"": {""roc_auc"": 0.9720537046245649, ""ap"": 0.9689705541693615, ""prevalence"": 0.485045827303425, ""n"": 4146}, ""forest"": {""roc_auc"": 0.9290789050172317, ""ap"": 0.9705226085831504, ""prevalence"": 0.7247109826589595, ""n"": 2768}}",,not saved (sklearn/elapid models refit deterministically),results/baseline/predictions/bridge12_B2__RF_v2agg_r5*.npz,complete,
CL0078,2026-09-24T22:22:32,bridge12_B2,,cdr_pinn_monthly_stacks.npz (+v2 aggregated),v2agg,fb0d8aa,LogReg,,null,42,,,,"{""all"": {""roc_auc"": 0.9434696988576878, ""ap"": 0.9549930652030664, ""prevalence"": 0.485045827303425, ""n"": 4146}, ""forest"": {""roc_auc"": 0.9116947059085212, ""ap"": 0.9684019364192338, ""prevalence"": 0.7247109826589595, ""n"": 2768}}",,not saved (sklearn/elapid models refit deterministically),results/baseline/predictions/bridge12_B2__LogReg_v2agg_r5*.npz,complete,
CL0079,2026-09-24T22:22:33,bridge12_B2,,cdr_pinn_monthly_stacks.npz (+v2 aggregated),v2agg,fb0d8aa,MaxEnt,,null,42,,,,"{""all"": {""roc_auc"": 0.9337207420079492, ""ap"": 0.9264294611252609, ""prevalence"": 0.485045827303425, ""n"": 4146}, ""forest"": {""roc_auc"": 0.8843816320068665, ""ap"": 0.9426848081563919, ""prevalence"": 0.7247109826589595, ""n"": 2768}}",,not saved (sklearn/elapid models refit deterministically),results/baseline/predictions/bridge12_B2__MaxEnt_v2agg_r5*.npz,complete,
CL0080,2026-09-24T22:23:02,bridge12_B3,,cdr_pinn_monthly_stacks.npz (+v2 aggregated),,fb0d8aa,null,,null,42,,,,"{""all"": {""roc_auc"": 0.908355983224128, ""ap"": 0.16491614197624202, ""prevalence"": 0.02463821918383929, ""n"": 856596}, ""forest"": {""roc_auc"": 0.85697400936314, ""ap"": 0.16507180632627713, ""prevalence"": 0.03872408515885628, ""n"": 544958}}",,not saved (sklearn/elapid models refit deterministically),results/baseline/predictions/bridge12_B3__null_climatological_frequency*.npz,complete,fit-year statistics only; no covariates
CL0081,2026-09-24T22:23:27,bridge12_B3,,cdr_pinn_monthly_stacks.npz (+v2 aggregated),,fb0d8aa,null,,null,42,,,,"{""all"": {""roc_auc"": 0.9298903329251147, ""ap"": 0.54557421236631, ""prevalence"": 0.02463821918383929, ""n"": 856596}, ""forest"": {""roc_auc"": 0.920143145978068, ""ap"": 0.547141984846226, ""prevalence"": 0.03872408515885628, ""n"": 544958}}",,not saved (sklearn/elapid models refit deterministically),results/baseline/predictions/bridge12_B3__null_seasonal_frequency*.npz,complete,fit-year statistics only; no covariates
CL0082,2026-09-24T22:26:10,bridge12_B3,,cdr_pinn_monthly_stacks.npz (+v2 aggregated),"cdr7 static + monthly ndvi_anomaly_t, dryness_t",fb0d8aa,RF,,null,42,,,,"{""all"": {""roc_auc"": 0.9024639206299246, ""ap"": 0.16074786770369942, ""prevalence"": 0.02463821918383929, ""n"": 856596}, ""forest"": {""roc_auc"": 0.8455751964861964, ""ap"": 0.16080778178362407, ""prevalence"": 0.03872408515885628, ""n"": 544958}}",,not saved (sklearn/elapid models refit deterministically),results/baseline/predictions/bridge12_B3__RF_monthly_cdr7*.npz,complete,
CL0083,2026-09-24T22:28:39,bridge12_B3,,cdr_pinn_monthly_stacks.npz (+v2 aggregated),"cdr7 static + monthly ndvi_anomaly_t, dryness_t + month sin/cos",fb0d8aa,RF,,null,42,,,,"{""all"": {""roc_auc"": 0.9719702662142942, ""ap"": 0.5419849709200654, ""prevalence"": 0.02463821918383929, ""n"": 856596}, ""forest"": {""roc_auc"": 0.9560588026260343, ""ap"": 0.5420697834771407, ""prevalence"": 0.03872408515885628, ""n"": 544958}}",,not saved (sklearn/elapid models refit deterministically),results/baseline/predictions/bridge12_B3__RF_monthly_cdr7_month*.npz,complete,
CL0084,2026-09-24T22:34:33,B1,,FEATURE_TABLE_v2.parquet,v2_57,fb0d8aa,RF,,"{""n_estimators"": 200, ""max_depth"": 25, ""min_samples_leaf"": 3, ""class_weight"": ""balanced"", ""max_features"": ""sqrt"", ""random_state"": 42}",42,"B1 fold 0 (CDR-PINO 2deg block permutation, block-carved validation)",block-carved,"B1 fold 0 (CDR-PINO 2deg block permutation, block-carved validation)","{""all"": {""roc_auc"": 0.9592795020774308, ""ap"": 0.5325179554518708, ""prevalence"": 0.06141935367914016, ""n"": 1335312}, ""forest"": {""roc_auc"": 0.8188131922711168, ""ap"": 0.533664069712653, ""prevalence"": 0.22828325161001914, ""n"": 357915}}",117.33452844619751,not saved (sklearn/elapid models refit deterministically),results/baseline/predictions/B1__RF_v2*.npz,complete,
CL0085,2026-09-24T22:37:21,B1,,FEATURE_TABLE_v2.parquet,v2_57,fb0d8aa,RF,,"{""n_estimators"": 200, ""max_depth"": 25, ""min_samples_leaf"": 3, ""class_weight"": ""balanced"", ""max_features"": ""sqrt"", ""random_state"": 42}",42,"B1 fold 1 (CDR-PINO 2deg block permutation, block-carved validation)",block-carved,"B1 fold 1 (CDR-PINO 2deg block permutation, block-carved validation)","{""all"": {""roc_auc"": 0.9766169117416105, ""ap"": 0.7021919367378563, ""prevalence"": 0.06022711821590794, ""n"": 1448849}, ""forest"": {""roc_auc"": 0.8918758364175156, ""ap"": 0.7038375994304005, ""prevalence"": 0.23318902002045258, ""n"": 372569}}",103.37482213973999,not saved (sklearn/elapid models refit deterministically),results/baseline/predictions/B1__RF_v2*.npz,complete,
CL0086,2026-09-24T22:40:18,B1,,FEATURE_TABLE_v2.parquet,v2_57,fb0d8aa,RF,,"{""n_estimators"": 200, ""max_depth"": 25, ""min_samples_leaf"": 3, ""class_weight"": ""balanced"", ""max_features"": ""sqrt"", ""random_state"": 42}",42,"B1 fold 2 (CDR-PINO 2deg block permutation, block-carved validation)",block-carved,"B1 fold 2 (CDR-PINO 2deg block permutation, block-carved validation)","{""all"": {""roc_auc"": 0.9421594639606428, ""ap"": 0.509780272922186, ""prevalence"": 0.07201552223366744, ""n"": 1376606}, ""forest"": {""roc_auc"": 0.8032688083205763, ""ap"": 0.5110104249616089, ""prevalence"": 0.21144450106411677, ""n"": 467054}}",109.91382670402527,not saved (sklearn/elapid models refit deterministically),results/baseline/predictions/B1__RF_v2*.npz,complete,
CL0087,2026-09-24T22:42:37,B1,Biswas-15,FEATURE_TABLE_v2.parquet,biswas15,fb0d8aa,RF,,"{""n_estimators"": 200, ""max_depth"": 25, ""min_samples_leaf"": 3, ""class_weight"": ""balanced"", ""max_features"": ""sqrt"", ""random_state"": 42}",42,"B1 fold 0 (CDR-PINO 2deg block permutation, block-carved validation)",block-carved,"B1 fold 0 (CDR-PINO 2deg block permutation, block-carved validation)","{""all"": {""roc_auc"": 0.947953049661507, ""ap"": 0.4989157504055564, ""prevalence"": 0.06141935367914016, ""n"": 1335312}, ""forest"": {""roc_auc"": 0.7905176836120031, ""ap"": 0.5084468247613027, ""prevalence"": 0.22828325161001914, ""n"": 357915}}",74.64462041854858,not saved (sklearn/elapid models refit deterministically),results/baseline/predictions/B1__RF_biswas15*.npz,complete,
CL0088,2026-09-24T22:44:48,B1,Biswas-15,FEATURE_TABLE_v2.parquet,biswas15,fb0d8aa,RF,,"{""n_estimators"": 200, ""max_depth"": 25, ""min_samples_leaf"": 3, ""class_weight"": ""balanced"", ""max_features"": ""sqrt"", ""random_state"": 42}",42,"B1 fold 1 (CDR-PINO 2deg block permutation, block-carved validation)",block-carved,"B1 fold 1 (CDR-PINO 2deg block permutation, block-carved validation)","{""all"": {""roc_auc"": 0.9657691393705403, ""ap"": 0.6399463483555619, ""prevalence"": 0.06022711821590794, ""n"": 1448849}, ""forest"": {""roc_auc"": 0.865997163422607, ""ap"": 0.6533149561190364, ""prevalence"": 0.23318902002045258, ""n"": 372569}}",64.79848217964172,not saved (sklearn/elapid models refit deterministically),results/baseline/predictions/B1__RF_biswas15*.npz,complete,
CL0089,2026-09-24T22:47:10,B1,Biswas-15,FEATURE_TABLE_v2.parquet,biswas15,fb0d8aa,RF,,"{""n_estimators"": 200, ""max_depth"": 25, ""min_samples_leaf"": 3, ""class_weight"": ""balanced"", ""max_features"": ""sqrt"", ""random_state"": 42}",42,"B1 fold 2 (CDR-PINO 2deg block permutation, block-carved validation)",block-carved,"B1 fold 2 (CDR-PINO 2deg block permutation, block-carved validation)","{""all"": {""roc_auc"": 0.9231403262305412, ""ap"": 0.4299657381407798, ""prevalence"": 0.07201552223366744, ""n"": 1376606}, ""forest"": {""roc_auc"": 0.7683380633711547, ""ap"": 0.44087625301891054, ""prevalence"": 0.21144450106411677, ""n"": 467054}}",71.10332751274109,not saved (sklearn/elapid models refit deterministically),results/baseline/predictions/B1__RF_biswas15*.npz,complete,
CL0090,2026-09-24T22:50:03,B1,,FEATURE_TABLE_v2.parquet,v1_57,fb0d8aa,RF,,"{""n_estimators"": 200, ""max_depth"": 25, ""min_samples_leaf"": 3, ""class_weight"": ""balanced"", ""max_features"": ""sqrt"", ""random_state"": 42}",42,"B1 fold 0 (CDR-PINO 2deg block permutation, block-carved validation)",block-carved,"B1 fold 0 (CDR-PINO 2deg block permutation, block-carved validation)","{""all"": {""roc_auc"": 0.9582129772640867, ""ap"": 0.5168548093280091, ""prevalence"": 0.06141935367914016, ""n"": 1335312}, ""forest"": {""roc_auc"": 0.8128400217479664, ""ap"": 0.5176747857651037, ""prevalence"": 0.22828325161001914, ""n"": 357915}}",115.78172492980957,not saved (sklearn/elapid models refit deterministically),results/baseline/predictions/B1__RF_v1_corrlabel*.npz,complete,
CL0091,2026-09-24T22:52:41,B1,,FEATURE_TABLE_v2.parquet,v1_57,fb0d8aa,RF,,"{""n_estimators"": 200, ""max_depth"": 25, ""min_samples_leaf"": 3, ""class_weight"": ""balanced"", ""max_features"": ""sqrt"", ""random_state"": 42}",42,"B1 fold 1 (CDR-PINO 2deg block permutation, block-carved validation)",block-carved,"B1 fold 1 (CDR-PINO 2deg block permutation, block-carved validation)","{""all"": {""roc_auc"": 0.9781012179590785, ""ap"": 0.7194680991897541, ""prevalence"": 0.06022711821590794, ""n"": 1448849}, ""forest"": {""roc_auc"": 0.8974453534043092, ""ap"": 0.7204864013083768, ""prevalence"": 0.23318902002045258, ""n"": 372569}}",98.18905472755432,not saved (sklearn/elapid models refit deterministically),results/baseline/predictions/B1__RF_v1_corrlabel*.npz,complete,
CL0092,2026-09-24T22:55:33,B1,,FEATURE_TABLE_v2.parquet,v1_57,fb0d8aa,RF,,"{""n_estimators"": 200, ""max_depth"": 25, ""min_samples_leaf"": 3, ""class_weight"": ""balanced"", ""max_features"": ""sqrt"", ""random_state"": 42}",42,"B1 fold 2 (CDR-PINO 2deg block permutation, block-carved validation)",block-carved,"B1 fold 2 (CDR-PINO 2deg block permutation, block-carved validation)","{""all"": {""roc_auc"": 0.942736297235335, ""ap"": 0.5094400550919693, ""prevalence"": 0.07201552223366744, ""n"": 1376606}, ""forest"": {""roc_auc"": 0.8036933156469236, ""ap"": 0.5103380294477879, ""prevalence"": 0.21144450106411677, ""n"": 467054}}",109.15479397773743,not saved (sklearn/elapid models refit deterministically),results/baseline/predictions/B1__RF_v1_corrlabel*.npz,complete,
CL0093,2026-09-24T22:57:25,B1,,FEATURE_TABLE_v2.parquet,cdr7_static_1km,fb0d8aa,RF,,"{""n_estimators"": 200, ""max_depth"": 25, ""min_samples_leaf"": 3, ""class_weight"": ""balanced"", ""max_features"": ""sqrt"", ""random_state"": 42}",42,"B1 fold 0 (CDR-PINO 2deg block permutation, block-carved validation)",block-carved,"B1 fold 0 (CDR-PINO 2deg block permutation, block-carved validation)","{""all"": {""roc_auc"": 0.9499860838750817, ""ap"": 0.4463227576859789, ""prevalence"": 0.06141935367914016, ""n"": 1335312}, ""forest"": {""roc_auc"": 0.778612945291063, ""ap"": 0.44747883621063295, ""prevalence"": 0.22828325161001914, ""n"": 357915}}",60.450676918029785,not saved (sklearn/elapid models refit deterministically),results/baseline/predictions/B1__RF_cdr7static*.npz,complete,
CL0094,2026-09-24T22:59:07,B1,,FEATURE_TABLE_v2.parquet,cdr7_static_1km,fb0d8aa,RF,,"{""n_estimators"": 200, ""max_depth"": 25, ""min_samples_leaf"": 3, ""class_weight"": ""balanced"", ""max_features"": ""sqrt"", ""random_state"": 42}",42,"B1 fold 1 (CDR-PINO 2deg block permutation, block-carved validation)",block-carved,"B1 fold 1 (CDR-PINO 2deg block permutation, block-carved validation)","{""all"": {""roc_auc"": 0.9631485177266494, ""ap"": 0.5541065002748692, ""prevalence"": 0.06022711821590794, ""n"": 1448849}, ""forest"": {""roc_auc"": 0.8295195100503996, ""ap"": 0.5555716667751533, ""prevalence"": 0.23318902002045258, ""n"": 372569}}",49.39210367202759,not saved (sklearn/elapid models refit deterministically),results/baseline/predictions/B1__RF_cdr7static*.npz,complete,
CL0095,2026-09-24T23:01:01,B1,,FEATURE_TABLE_v2.parquet,cdr7_static_1km,fb0d8aa,RF,,"{""n_estimators"": 200, ""max_depth"": 25, ""min_samples_leaf"": 3, ""class_weight"": ""balanced"", ""max_features"": ""sqrt"", ""random_state"": 42}",42,"B1 fold 2 (CDR-PINO 2deg block permutation, block-carved validation)",block-carved,"B1 fold 2 (CDR-PINO 2deg block permutation, block-carved validation)","{""all"": {""roc_auc"": 0.932686061526161, ""ap"": 0.41443308584651295, ""prevalence"": 0.07201552223366744, ""n"": 1376606}, ""forest"": {""roc_auc"": 0.7714014736217778, ""ap"": 0.4154282361787319, ""prevalence"": 0.21144450106411677, ""n"": 467054}}",56.05856513977051,not saved (sklearn/elapid models refit deterministically),results/baseline/predictions/B1__RF_cdr7static*.npz,complete,
CL0096,2026-09-24T23:26:14,B1,,FEATURE_TABLE_v2.parquet,v2_57,fb0d8aa,MX_HIST,,"{""feature_types"": [""linear"", ""hinge"", ""product""], ""beta_multiplier"": 4.0}",42,"B1 fold 0 (CDR-PINO 2deg block permutation, block-carved validation)",block-carved,"B1 fold 0 (CDR-PINO 2deg block permutation, block-carved validation)","{""all"": {""roc_auc"": 0.9567050689198932, ""ap"": 0.5379795949467582, ""prevalence"": 0.06141935367914016, ""n"": 1335312}, ""forest"": {""roc_auc"": 0.8103597356222407, ""ap"": 0.5396437417274088, ""prevalence"": 0.22828325161001914, ""n"": 357915}}",1384.3881151676178,not saved (sklearn/elapid models refit deterministically),results/baseline/predictions/B1__MaxEnt_v2*.npz,complete,
CL0097,2026-09-24T23:47:30,B1,,FEATURE_TABLE_v2.parquet,v2_57,fb0d8aa,MX_HIST,,"{""feature_types"": [""linear"", ""hinge"", ""product""], ""beta_multiplier"": 4.0}",42,"B1 fold 1 (CDR-PINO 2deg block permutation, block-carved validation)",block-carved,"B1 fold 1 (CDR-PINO 2deg block permutation, block-carved validation)","{""all"": {""roc_auc"": 0.9713142332009588, ""ap"": 0.6568418466795094, ""prevalence"": 0.06022711821590794, ""n"": 1448849}, ""forest"": {""roc_auc"": 0.8693230770026886, ""ap"": 0.6590389840048925, ""prevalence"": 0.23318902002045258, ""n"": 372569}}",1134.3002815246582,not saved (sklearn/elapid models refit deterministically),results/baseline/predictions/B1__MaxEnt_v2*.npz,complete,
CL0098,2026-09-25T00:06:38,B1,,FEATURE_TABLE_v2.parquet,v2_57,fb0d8aa,MX_HIST,,"{""feature_types"": [""linear"", ""hinge"", ""product""], ""beta_multiplier"": 4.0}",42,"B1 fold 2 (CDR-PINO 2deg block permutation, block-carved validation)",block-carved,"B1 fold 2 (CDR-PINO 2deg block permutation, block-carved validation)","{""all"": {""roc_auc"": 0.941231743793422, ""ap"": 0.4878315058647456, ""prevalence"": 0.07201552223366744, ""n"": 1376606}, ""forest"": {""roc_auc"": 0.8056533113555446, ""ap"": 0.49025070780119967, ""prevalence"": 0.21144450106411677, ""n"": 467054}}",1009.8173544406891,not saved (sklearn/elapid models refit deterministically),results/baseline/predictions/B1__MaxEnt_v2*.npz,complete,
CL0099,2026-09-25T00:13:25,B1,Biswas-15,FEATURE_TABLE_v2.parquet,biswas15,fb0d8aa,MX_BISWAS,,"{""feature_types"": [""linear"", ""quadratic"", ""hinge"", ""product""], ""beta_multiplier"": 1.0}",42,"B1 fold 0 (CDR-PINO 2deg block permutation, block-carved validation)",block-carved,"B1 fold 0 (CDR-PINO 2deg block permutation, block-carved validation)","{""all"": {""roc_auc"": 0.9353022528511945, ""ap"": 0.4563766747749969, ""prevalence"": 0.06141935367914016, ""n"": 1335312}, ""forest"": {""roc_auc"": 0.7662282068870808, ""ap"": 0.47185183191853297, ""prevalence"": 0.22828325161001914, ""n"": 357915}}",325.8326470851898,not saved (sklearn/elapid models refit deterministically),results/baseline/predictions/B1__MaxEnt_biswas15_LQHP*.npz,complete,
CL0100,2026-09-25T00:26:11,B1,Biswas-15,FEATURE_TABLE_v2.parquet,biswas15,fb0d8aa,MX_BISWAS,,"{""feature_types"": [""linear"", ""quadratic"", ""hinge"", ""product""], ""beta_multiplier"": 1.0}",42,"B1 fold 1 (CDR-PINO 2deg block permutation, block-carved validation)",block-carved,"B1 fold 1 (CDR-PINO 2deg block permutation, block-carved validation)","{""all"": {""roc_auc"": 0.9504187447458396, ""ap"": 0.5707937282054542, ""prevalence"": 0.06022711821590794, ""n"": 1448849}, ""forest"": {""roc_auc"": 0.8406398021686101, ""ap"": 0.5942901497943948, ""prevalence"": 0.23318902002045258, ""n"": 372569}}",678.5668609142303,not saved (sklearn/elapid models refit deterministically),results/baseline/predictions/B1__MaxEnt_biswas15_LQHP*.npz,complete,
CL0101,2026-09-25T00:36:56,B1,Biswas-15,FEATURE_TABLE_v2.parquet,biswas15,fb0d8aa,MX_BISWAS,,"{""feature_types"": [""linear"", ""quadratic"", ""hinge"", ""product""], ""beta_multiplier"": 1.0}",42,"B1 fold 2 (CDR-PINO 2deg block permutation, block-carved validation)",block-carved,"B1 fold 2 (CDR-PINO 2deg block permutation, block-carved validation)","{""all"": {""roc_auc"": 0.9106395781532128, ""ap"": 0.399470546223905, ""prevalence"": 0.07201552223366744, ""n"": 1376606}, ""forest"": {""roc_auc"": 0.7542591551151069, ""ap"": 0.4198141737227354, ""prevalence"": 0.21144450106411677, ""n"": 467054}}",562.9255487918854,not saved (sklearn/elapid models refit deterministically),results/baseline/predictions/B1__MaxEnt_biswas15_LQHP*.npz,complete,
CL0102,2026-09-25T00:40:04,B2,,FEATURE_TABLE_v2.parquet,v2_57,fb0d8aa,RF,,"{""n_estimators"": 200, ""max_depth"": 25, ""min_samples_leaf"": 3, ""class_weight"": ""balanced"", ""max_features"": ""sqrt"", ""random_state"": 42}",42,B2 region 0 (CDR-PINO KMeans regions),block-carved,B2 region 0 (CDR-PINO KMeans regions),"{""all"": {""roc_auc"": 0.9777055703327467, ""ap"": 0.26077484098147874, ""prevalence"": 0.009305068482887133, ""n"": 827506}, ""forest"": {""roc_auc"": 0.8296496325715357, ""ap"": 0.2625851100249469, ""prevalence"": 0.07282146196264, ""n"": 104818}}",151.04428577423096,not saved (sklearn/elapid models refit deterministically),results/baseline/predictions/B2__RF_v2*.npz,complete,
CL0103,2026-09-25T00:43:09,B2,,FEATURE_TABLE_v2.parquet,v2_57,fb0d8aa,RF,,"{""n_estimators"": 200, ""max_depth"": 25, ""min_samples_leaf"": 3, ""class_weight"": ""balanced"", ""max_features"": ""sqrt"", ""random_state"": 42}",42,B2 region 1 (CDR-PINO KMeans regions),block-carved,B2 region 1 (CDR-PINO KMeans regions),"{""all"": {""roc_auc"": 0.9428757073112775, ""ap"": 0.3899721048516881, ""prevalence"": 0.05845337678494385, ""n"": 954932}, ""forest"": {""roc_auc"": 0.7575299373692691, ""ap"": 0.3909679308963972, ""prevalence"": 0.2110708231663284, ""n"": 263106}}",138.56640934944153,not saved (sklearn/elapid models refit deterministically),results/baseline/predictions/B2__RF_v2*.npz,complete,
CL0104,2026-09-25T00:46:15,B2,,FEATURE_TABLE_v2.parquet,v2_57,fb0d8aa,RF,,"{""n_estimators"": 200, ""max_depth"": 25, ""min_samples_leaf"": 3, ""class_weight"": ""balanced"", ""max_features"": ""sqrt"", ""random_state"": 42}",42,B2 region 2 (CDR-PINO KMeans regions),block-carved,B2 region 2 (CDR-PINO KMeans regions),"{""all"": {""roc_auc"": 0.9123356238873743, ""ap"": 0.2844054176735449, ""prevalence"": 0.04337745104295627, ""n"": 470106}, ""forest"": {""roc_auc"": 0.7242565711325195, ""ap"": 0.28525077792089604, ""prevalence"": 0.1264052987388105, ""n"": 160642}}",160.28433394432068,not saved (sklearn/elapid models refit deterministically),results/baseline/predictions/B2__RF_v2*.npz,complete,
CL0105,2026-09-25T00:49:25,B2,,FEATURE_TABLE_v2.parquet,v2_57,fb0d8aa,RF,,"{""n_estimators"": 200, ""max_depth"": 25, ""min_samples_leaf"": 3, ""class_weight"": ""balanced"", ""max_features"": ""sqrt"", ""random_state"": 42}",42,B2 region 3 (CDR-PINO KMeans regions),block-carved,B2 region 3 (CDR-PINO KMeans regions),"{""all"": {""roc_auc"": 0.8674401605853361, ""ap"": 0.6141953008700201, ""prevalence"": 0.2642600442314781, ""n"": 390672}, ""forest"": {""roc_auc"": 0.7839449450513947, ""ap"": 0.6156499707447189, ""prevalence"": 0.3721152246707505, ""n"": 276538}}",162.5430028438568,not saved (sklearn/elapid models refit deterministically),results/baseline/predictions/B2__RF_v2*.npz,complete,
CL0106,2026-09-25T00:52:35,B2,,FEATURE_TABLE_v2.parquet,v2_57,fb0d8aa,RF,,"{""n_estimators"": 200, ""max_depth"": 25, ""min_samples_leaf"": 3, ""class_weight"": ""balanced"", ""max_features"": ""sqrt"", ""random_state"": 42}",42,B2 region 4 (CDR-PINO KMeans regions),block-carved,B2 region 4 (CDR-PINO KMeans regions),"{""all"": {""roc_auc"": 0.95608819772493, ""ap"": 0.4138418025722061, ""prevalence"": 0.035425976445909835, ""n"": 716988}, ""forest"": {""roc_auc"": 0.8005736743291214, ""ap"": 0.41509860881417765, ""prevalence"": 0.14569399196472768, ""n"": 173734}}",155.16996836662292,not saved (sklearn/elapid models refit deterministically),results/baseline/predictions/B2__RF_v2*.npz,complete,
CL0107,2026-09-25T00:55:45,B2,,FEATURE_TABLE_v2.parquet,v2_57,fb0d8aa,RF,,"{""n_estimators"": 200, ""max_depth"": 25, ""min_samples_leaf"": 3, ""class_weight"": ""balanced"", ""max_features"": ""sqrt"", ""random_state"": 42}",42,B2 region 5 (CDR-PINO KMeans regions),block-carved,B2 region 5 (CDR-PINO KMeans regions),"{""all"": {""roc_auc"": 0.9544550994070606, ""ap"": 0.5062053185959723, ""prevalence"": 0.06977705717469185, ""n"": 800564}, ""forest"": {""roc_auc"": 0.7972327134508408, ""ap"": 0.5074028424522716, ""prevalence"": 0.25446730681298585, ""n"": 218700}}",149.47039008140564,not saved (sklearn/elapid models refit deterministically),results/baseline/predictions/B2__RF_v2*.npz,complete,
CL0108,2026-09-25T00:57:50,B2,Biswas-15,FEATURE_TABLE_v2.parquet,biswas15,fb0d8aa,RF,,"{""n_estimators"": 200, ""max_depth"": 25, ""min_samples_leaf"": 3, ""class_weight"": ""balanced"", ""max_features"": ""sqrt"", ""random_state"": 42}",42,B2 region 0 (CDR-PINO KMeans regions),block-carved,B2 region 0 (CDR-PINO KMeans regions),"{""all"": {""roc_auc"": 0.8999729027592875, ""ap"": 0.17390774572270568, ""prevalence"": 0.009305068482887133, ""n"": 827506}, ""forest"": {""roc_auc"": 0.7432133562806227, ""ap"": 0.21222204699058808, ""prevalence"": 0.07282146196264, ""n"": 104818}}",90.71146368980408,not saved (sklearn/elapid models refit deterministically),results/baseline/predictions/B2__RF_biswas15*.npz,complete,
CL0109,2026-09-25T01:00:06,B2,Biswas-15,FEATURE_TABLE_v2.parquet,biswas15,fb0d8aa,RF,,"{""n_estimators"": 200, ""max_depth"": 25, ""min_samples_leaf"": 3, ""class_weight"": ""balanced"", ""max_features"": ""sqrt"", ""random_state"": 42}",42,B2 region 1 (CDR-PINO KMeans regions),block-carved,B2 region 1 (CDR-PINO KMeans regions),"{""all"": {""roc_auc"": 0.9264108592198784, ""ap"": 0.3822014166354218, ""prevalence"": 0.05845337678494385, ""n"": 954932}, ""forest"": {""roc_auc"": 0.7274394525421188, ""ap"": 0.3903078019820331, ""prevalence"": 0.2110708231663284, ""n"": 263106}}",89.58122324943542,not saved (sklearn/elapid models refit deterministically),results/baseline/predictions/B2__RF_biswas15*.npz,complete,
CL0110,2026-09-25T01:02:10,B2,Biswas-15,FEATURE_TABLE_v2.parquet,biswas15,fb0d8aa,RF,,"{""n_estimators"": 200, ""max_depth"": 25, ""min_samples_leaf"": 3, ""class_weight"": ""balanced"", ""max_features"": ""sqrt"", ""random_state"": 42}",42,B2 region 2 (CDR-PINO KMeans regions),block-carved,B2 region 2 (CDR-PINO KMeans regions),"{""all"": {""roc_auc"": 0.8655134820370461, ""ap"": 0.15757852459477023, ""prevalence"": 0.04337745104295627, ""n"": 470106}, ""forest"": {""roc_auc"": 0.6278574394676735, ""ap"": 0.1642484863765072, ""prevalence"": 0.1264052987388105, ""n"": 160642}}",100.3608980178833,not saved (sklearn/elapid models refit deterministically),results/baseline/predictions/B2__RF_biswas15*.npz,complete,
CL0111,2026-09-25T01:04:20,B2,Biswas-15,FEATURE_TABLE_v2.parquet,biswas15,fb0d8aa,RF,,"{""n_estimators"": 200, ""max_depth"": 25, ""min_samples_leaf"": 3, ""class_weight"": ""balanced"", ""max_features"": ""sqrt"", ""random_state"": 42}",42,B2 region 3 (CDR-PINO KMeans regions),block-carved,B2 region 3 (CDR-PINO KMeans regions),"{""all"": {""roc_auc"": 0.7931527044950734, ""ap"": 0.5312262166704219, ""prevalence"": 0.2642600442314781, ""n"": 390672}, ""forest"": {""roc_auc"": 0.7087358062823392, ""ap"": 0.5576675194562066, ""prevalence"": 0.3721152246707505, ""n"": 276538}}",104.68998408317566,not saved (sklearn/elapid models refit deterministically),results/baseline/predictions/B2__RF_biswas15*.npz,complete,
CL0112,2026-09-25T01:06:33,B2,Biswas-15,FEATURE_TABLE_v2.parquet,biswas15,fb0d8aa,RF,,"{""n_estimators"": 200, ""max_depth"": 25, ""min_samples_leaf"": 3, ""class_weight"": ""balanced"", ""max_features"": ""sqrt"", ""random_state"": 42}",42,B2 region 4 (CDR-PINO KMeans regions),block-carved,B2 region 4 (CDR-PINO KMeans regions),"{""all"": {""roc_auc"": 0.9327610080274455, ""ap"": 0.3337240769567273, ""prevalence"": 0.035425976445909835, ""n"": 716988}, ""forest"": {""roc_auc"": 0.761980988907649, ""ap"": 0.351446996874862, ""prevalence"": 0.14569399196472768, ""n"": 173734}}",99.62964367866516,not saved (sklearn/elapid models refit deterministically),results/baseline/predictions/B2__RF_biswas15*.npz,complete,
CL0113,2026-09-25T01:08:46,B2,Biswas-15,FEATURE_TABLE_v2.parquet,biswas15,fb0d8aa,RF,,"{""n_estimators"": 200, ""max_depth"": 25, ""min_samples_leaf"": 3, ""class_weight"": ""balanced"", ""max_features"": ""sqrt"", ""random_state"": 42}",42,B2 region 5 (CDR-PINO KMeans regions),block-carved,B2 region 5 (CDR-PINO KMeans regions),"{""all"": {""roc_auc"": 0.9186323443593586, ""ap"": 0.4154415006140385, ""prevalence"": 0.06977705717469185, ""n"": 800564}, ""forest"": {""roc_auc"": 0.7227100686259045, ""ap"": 0.4349822412664376, ""prevalence"": 0.25446730681298585, ""n"": 218700}}",92.94787836074829,not saved (sklearn/elapid models refit deterministically),results/baseline/predictions/B2__RF_biswas15*.npz,complete,
CL0114,2026-09-25T01:10:19,B2,,FEATURE_TABLE_v2.parquet,cdr7_static_1km,fb0d8aa,RF,,"{""n_estimators"": 200, ""max_depth"": 25, ""min_samples_leaf"": 3, ""class_weight"": ""balanced"", ""max_features"": ""sqrt"", ""random_state"": 42}",42,B2 region 0 (CDR-PINO KMeans regions),block-carved,B2 region 0 (CDR-PINO KMeans regions),"{""all"": {""roc_auc"": 0.9740403956355718, ""ap"": 0.22523930866745379, ""prevalence"": 0.009305068482887133, ""n"": 827506}, ""forest"": {""roc_auc"": 0.8046793396835448, ""ap"": 0.22688724075131256, ""prevalence"": 0.07282146196264, ""n"": 104818}}",69.90624451637268,not saved (sklearn/elapid models refit deterministically),results/baseline/predictions/B2__RF_cdr7static*.npz,complete,
CL0115,2026-09-25T01:12:09,B2,,FEATURE_TABLE_v2.parquet,cdr7_static_1km,fb0d8aa,RF,,"{""n_estimators"": 200, ""max_depth"": 25, ""min_samples_leaf"": 3, ""class_weight"": ""balanced"", ""max_features"": ""sqrt"", ""random_state"": 42}",42,B2 region 1 (CDR-PINO KMeans regions),block-carved,B2 region 1 (CDR-PINO KMeans regions),"{""all"": {""roc_auc"": 0.9406731894039572, ""ap"": 0.3818914816364299, ""prevalence"": 0.05845337678494385, ""n"": 954932}, ""forest"": {""roc_auc"": 0.7497641958492494, ""ap"": 0.38305469399472003, ""prevalence"": 0.2110708231663284, ""n"": 263106}}",72.56379508972168,not saved (sklearn/elapid models refit deterministically),results/baseline/predictions/B2__RF_cdr7static*.npz,complete,
CL0116,2026-09-25T01:13:48,B2,,FEATURE_TABLE_v2.parquet,cdr7_static_1km,fb0d8aa,RF,,"{""n_estimators"": 200, ""max_depth"": 25, ""min_samples_leaf"": 3, ""class_weight"": ""balanced"", ""max_features"": ""sqrt"", ""random_state"": 42}",42,B2 region 2 (CDR-PINO KMeans regions),block-carved,B2 region 2 (CDR-PINO KMeans regions),"{""all"": {""roc_auc"": 0.8843952537129945, ""ap"": 0.157455667596069, ""prevalence"": 0.04337745104295627, ""n"": 470106}, ""forest"": {""roc_auc"": 0.6354122792470056, ""ap"": 0.15791977414556974, ""prevalence"": 0.1264052987388105, ""n"": 160642}}",80.29418444633484,not saved (sklearn/elapid models refit deterministically),results/baseline/predictions/B2__RF_cdr7static*.npz,complete,
CL0117,2026-09-25T01:15:35,B2,,FEATURE_TABLE_v2.parquet,cdr7_static_1km,fb0d8aa,RF,,"{""n_estimators"": 200, ""max_depth"": 25, ""min_samples_leaf"": 3, ""class_weight"": ""balanced"", ""max_features"": ""sqrt"", ""random_state"": 42}",42,B2 region 3 (CDR-PINO KMeans regions),block-carved,B2 region 3 (CDR-PINO KMeans regions),"{""all"": {""roc_auc"": 0.8375424726894714, ""ap"": 0.5965215353224907, ""prevalence"": 0.2642600442314781, ""n"": 390672}, ""forest"": {""roc_auc"": 0.7410410838815871, ""ap"": 0.5996944229169638, ""prevalence"": 0.3721152246707505, ""n"": 276538}}",83.1629900932312,not saved (sklearn/elapid models refit deterministically),results/baseline/predictions/B2__RF_cdr7static*.npz,complete,
CL0118,2026-09-25T01:17:23,B2,,FEATURE_TABLE_v2.parquet,cdr7_static_1km,fb0d8aa,RF,,"{""n_estimators"": 200, ""max_depth"": 25, ""min_samples_leaf"": 3, ""class_weight"": ""balanced"", ""max_features"": ""sqrt"", ""random_state"": 42}",42,B2 region 4 (CDR-PINO KMeans regions),block-carved,B2 region 4 (CDR-PINO KMeans regions),"{""all"": {""roc_auc"": 0.9541063112014394, ""ap"": 0.3788967103518887, ""prevalence"": 0.035425976445909835, ""n"": 716988}, ""forest"": {""roc_auc"": 0.7971295567560794, ""ap"": 0.38041657310957877, ""prevalence"": 0.14569399196472768, ""n"": 173734}}",81.76834797859192,not saved (sklearn/elapid models refit deterministically),results/baseline/predictions/B2__RF_cdr7static*.npz,complete,
CL0119,2026-09-25T01:19:08,B2,,FEATURE_TABLE_v2.parquet,cdr7_static_1km,fb0d8aa,RF,,"{""n_estimators"": 200, ""max_depth"": 25, ""min_samples_leaf"": 3, ""class_weight"": ""balanced"", ""max_features"": ""sqrt"", ""random_state"": 42}",42,B2 region 5 (CDR-PINO KMeans regions),block-carved,B2 region 5 (CDR-PINO KMeans regions),"{""all"": {""roc_auc"": 0.9479390822557512, ""ap"": 0.44962585635376895, ""prevalence"": 0.06977705717469185, ""n"": 800564}, ""forest"": {""roc_auc"": 0.7687828118172045, ""ap"": 0.4507612165787287, ""prevalence"": 0.25446730681298585, ""n"": 218700}}",74.6177351474762,not saved (sklearn/elapid models refit deterministically),results/baseline/predictions/B2__RF_cdr7static*.npz,complete,
CL0120,2026-09-25T01:42:41,B2,,FEATURE_TABLE_v2.parquet,v2_57,fb0d8aa,MX_HIST,,"{""feature_types"": [""linear"", ""hinge"", ""product""], ""beta_multiplier"": 4.0}",42,B2 region 0 (CDR-PINO KMeans regions),block-carved,B2 region 0 (CDR-PINO KMeans regions),"{""all"": {""roc_auc"": 0.9740334841968156, ""ap"": 0.19629915213917953, ""prevalence"": 0.009305068482887133, ""n"": 827506}, ""forest"": {""roc_auc"": 0.7998331277795369, ""ap"": 0.19800838247546584, ""prevalence"": 0.07282146196264, ""n"": 104818}}",1332.9401502609253,not saved (sklearn/elapid models refit deterministically),results/baseline/predictions/B2__MaxEnt_v2*.npz,complete,
CL0121,2026-09-25T02:07:25,B2,,FEATURE_TABLE_v2.parquet,v2_57,fb0d8aa,MX_HIST,,"{""feature_types"": [""linear"", ""hinge"", ""product""], ""beta_multiplier"": 4.0}",42,B2 region 1 (CDR-PINO KMeans regions),block-carved,B2 region 1 (CDR-PINO KMeans regions),"{""all"": {""roc_auc"": 0.9440744953132885, ""ap"": 0.41092247211357313, ""prevalence"": 0.05845337678494385, ""n"": 954932}, ""forest"": {""roc_auc"": 0.7639666276875823, ""ap"": 0.4121885906349716, ""prevalence"": 0.2110708231663284, ""n"": 263106}}",1389.559963941574,not saved (sklearn/elapid models refit deterministically),results/baseline/predictions/B2__MaxEnt_v2*.npz,complete,
CL0122,2026-09-25T02:31:12,B2,,FEATURE_TABLE_v2.parquet,v2_57,fb0d8aa,MX_HIST,,"{""feature_types"": [""linear"", ""hinge"", ""product""], ""beta_multiplier"": 4.0}",42,B2 region 2 (CDR-PINO KMeans regions),block-carved,B2 region 2 (CDR-PINO KMeans regions),"{""all"": {""roc_auc"": 0.879213892037217, ""ap"": 0.1617184262938709, ""prevalence"": 0.04337745104295627, ""n"": 470106}, ""forest"": {""roc_auc"": 0.637388510599143, ""ap"": 0.16557915896100295, ""prevalence"": 0.1264052987388105, ""n"": 160642}}",1364.4119048118591,not saved (sklearn/elapid models refit deterministically),results/baseline/predictions/B2__MaxEnt_v2*.npz,complete,
CL0123,2026-09-25T02:41:14,B2,,FEATURE_TABLE_v2.parquet,v2_57,fb0d8aa,MX_HIST,,"{""feature_types"": [""linear"", ""hinge"", ""product""], ""beta_multiplier"": 4.0}",42,B2 region 3 (CDR-PINO KMeans regions),block-carved,B2 region 3 (CDR-PINO KMeans regions),"{""all"": {""roc_auc"": 0.7721838767507855, ""ap"": 0.49965321673339985, ""prevalence"": 0.2642600442314781, ""n"": 390672}, ""forest"": {""roc_auc"": 0.6584369680333468, ""ap"": 0.5125268137355259, ""prevalence"": 0.3721152246707505, ""n"": 276538}}",541.5057504177094,not saved (sklearn/elapid models refit deterministically),results/baseline/predictions/B2__MaxEnt_v2*.npz,complete,
CL0124,2026-09-25T03:06:45,B2,,FEATURE_TABLE_v2.parquet,v2_57,fb0d8aa,MX_HIST,,"{""feature_types"": [""linear"", ""hinge"", ""product""], ""beta_multiplier"": 4.0}",42,B2 region 4 (CDR-PINO KMeans regions),block-carved,B2 region 4 (CDR-PINO KMeans regions),"{""all"": {""roc_auc"": 0.8861336619604071, ""ap"": 0.25728863413606035, ""prevalence"": 0.035425976445909835, ""n"": 716988}, ""forest"": {""roc_auc"": 0.7469295967450312, ""ap"": 0.32191124226822654, ""prevalence"": 0.14569399196472768, ""n"": 173734}}",1448.790237903595,not saved (sklearn/elapid models refit deterministically),results/baseline/predictions/B2__MaxEnt_v2*.npz,complete,
CL0125,2026-09-25T03:32:40,B2,,FEATURE_TABLE_v2.parquet,v2_57,fb0d8aa,MX_HIST,,"{""feature_types"": [""linear"", ""hinge"", ""product""], ""beta_multiplier"": 4.0}",42,B2 region 5 (CDR-PINO KMeans regions),block-carved,B2 region 5 (CDR-PINO KMeans regions),"{""all"": {""roc_auc"": 0.9488232384777847, ""ap"": 0.4901362322875341, ""prevalence"": 0.06977705717469185, ""n"": 800564}, ""forest"": {""roc_auc"": 0.7746358173248971, ""ap"": 0.49492692772474506, ""prevalence"": 0.25446730681298585, ""n"": 218700}}",1470.2763214111328,not saved (sklearn/elapid models refit deterministically),results/baseline/predictions/B2__MaxEnt_v2*.npz,complete,
CL0126,2026-09-25T03:44:13,B2,Biswas-15,FEATURE_TABLE_v2.parquet,biswas15,fb0d8aa,MX_BISWAS,,"{""feature_types"": [""linear"", ""quadratic"", ""hinge"", ""product""], ""beta_multiplier"": 1.0}",42,B2 region 0 (CDR-PINO KMeans regions),block-carved,B2 region 0 (CDR-PINO KMeans regions),"{""all"": {""roc_auc"": 0.9194283156506047, ""ap"": 0.18340906696189915, ""prevalence"": 0.009305068482887133, ""n"": 827506}, ""forest"": {""roc_auc"": 0.7984353902725942, ""ap"": 0.25521213709067697, ""prevalence"": 0.07282146196264, ""n"": 104818}}",645.8489785194397,not saved (sklearn/elapid models refit deterministically),results/baseline/predictions/B2__MaxEnt_biswas15_LQHP*.npz,complete,
CL0127,2026-09-25T03:57:04,B2,Biswas-15,FEATURE_TABLE_v2.parquet,biswas15,fb0d8aa,MX_BISWAS,,"{""feature_types"": [""linear"", ""quadratic"", ""hinge"", ""product""], ""beta_multiplier"": 1.0}",42,B2 region 1 (CDR-PINO KMeans regions),block-carved,B2 region 1 (CDR-PINO KMeans regions),"{""all"": {""roc_auc"": 0.9132627289529294, ""ap"": 0.340594215865372, ""prevalence"": 0.05845337678494385, ""n"": 954932}, ""forest"": {""roc_auc"": 0.7116966228926153, ""ap"": 0.3525079073516195, ""prevalence"": 0.2110708231663284, ""n"": 263106}}",716.3849637508392,not saved (sklearn/elapid models refit deterministically),results/baseline/predictions/B2__MaxEnt_biswas15_LQHP*.npz,complete,
CL0128,2026-09-25T04:06:34,B2,Biswas-15,FEATURE_TABLE_v2.parquet,biswas15,fb0d8aa,MX_BISWAS,,"{""feature_types"": [""linear"", ""quadratic"", ""hinge"", ""product""], ""beta_multiplier"": 1.0}",42,B2 region 2 (CDR-PINO KMeans regions),block-carved,B2 region 2 (CDR-PINO KMeans regions),"{""all"": {""roc_auc"": 0.8251178675533731, ""ap"": 0.11188661193917515, ""prevalence"": 0.04337745104295627, ""n"": 470106}, ""forest"": {""roc_auc"": 0.5119682394732837, ""ap"": 0.12093492499529016, ""prevalence"": 0.1264052987388105, ""n"": 160642}}",535.2976126670837,not saved (sklearn/elapid models refit deterministically),results/baseline/predictions/B2__MaxEnt_biswas15_LQHP*.npz,complete,
CL0129,2026-09-25T04:14:48,B2,Biswas-15,FEATURE_TABLE_v2.parquet,biswas15,fb0d8aa,MX_BISWAS,,"{""feature_types"": [""linear"", ""quadratic"", ""hinge"", ""product""], ""beta_multiplier"": 1.0}",42,B2 region 3 (CDR-PINO KMeans regions),block-carved,B2 region 3 (CDR-PINO KMeans regions),"{""all"": {""roc_auc"": 0.6631503716952929, ""ap"": 0.3285251384161133, ""prevalence"": 0.2642600442314781, ""n"": 390672}, ""forest"": {""roc_auc"": 0.5378541479641896, ""ap"": 0.358540000425708, ""prevalence"": 0.3721152246707505, ""n"": 276538}}",457.8849513530731,not saved (sklearn/elapid models refit deterministically),results/baseline/predictions/B2__MaxEnt_biswas15_LQHP*.npz,complete,
CL0130,2026-09-25T04:25:14,B2,Biswas-15,FEATURE_TABLE_v2.parquet,biswas15,fb0d8aa,MX_BISWAS,,"{""feature_types"": [""linear"", ""quadratic"", ""hinge"", ""product""], ""beta_multiplier"": 1.0}",42,B2 region 4 (CDR-PINO KMeans regions),block-carved,B2 region 4 (CDR-PINO KMeans regions),"{""all"": {""roc_auc"": 0.9082115638440054, ""ap"": 0.2344922717670236, ""prevalence"": 0.035425976445909835, ""n"": 716988}, ""forest"": {""roc_auc"": 0.7542867913667116, ""ap"": 0.2921033999884213, ""prevalence"": 0.14569399196472768, ""n"": 173734}}",585.5969226360321,not saved (sklearn/elapid models refit deterministically),results/baseline/predictions/B2__MaxEnt_biswas15_LQHP*.npz,complete,
CL0131,2026-09-25T04:38:07,B2,Biswas-15,FEATURE_TABLE_v2.parquet,biswas15,fb0d8aa,MX_BISWAS,,"{""feature_types"": [""linear"", ""quadratic"", ""hinge"", ""product""], ""beta_multiplier"": 1.0}",42,B2 region 5 (CDR-PINO KMeans regions),block-carved,B2 region 5 (CDR-PINO KMeans regions),"{""all"": {""roc_auc"": 0.9059160903455513, ""ap"": 0.4164836114562209, ""prevalence"": 0.06977705717469185, ""n"": 800564}, ""forest"": {""roc_auc"": 0.725096913324633, ""ap"": 0.4530315401491393, ""prevalence"": 0.25446730681298585, ""n"": 218700}}",726.6848275661469,not saved (sklearn/elapid models refit deterministically),results/baseline/predictions/B2__MaxEnt_biswas15_LQHP*.npz,complete,
CL0132,2026-09-25T04:39:50,B3static,,FEATURE_TABLE_v2.parquet,,fb0d8aa,null,,null,42,,,,"{""all"": {""roc_auc"": 0.806777596143096, ""ap"": 0.13132871627103512, ""prevalence"": 0.016858426136713223, ""n"": 4160768}, ""forest"": {""roc_auc"": 0.7435086567408757, ""ap"": 0.14573986436518635, ""prevalence"": 0.05848666180112865, ""n"": 1197538}}",,not saved (sklearn/elapid models refit deterministically),results/baseline/predictions/B3static__persistence_null_everburned_trainyears*.npz,complete,score = pixel burned in any non-test year
CL0133,2026-09-25T04:46:33,B3static,,FEATURE_TABLE_v2.parquet,v2_57,fb0d8aa,RF,,null,42,,,,"{""all"": {""roc_auc"": 0.9646303030902287, ""ap"": 0.28220136856733524, ""prevalence"": 0.016858426136713223, ""n"": 4160768}, ""forest"": {""roc_auc"": 0.8721851901251414, ""ap"": 0.28230265583030933, ""prevalence"": 0.05848666180112865, ""n"": 1197538}}",195.14232563972473,not saved (sklearn/elapid models refit deterministically),results/baseline/predictions/B3static__RF_v2*.npz,complete,same pixels in train and test; temporal-only generalisation
CL0134,2026-09-25T04:52:08,B3static,Biswas-15,FEATURE_TABLE_v2.parquet,biswas15,fb0d8aa,RF,,null,42,,,,"{""all"": {""roc_auc"": 0.9614692457320975, ""ap"": 0.264988664087321, ""prevalence"": 0.016858426136713223, ""n"": 4160768}, ""forest"": {""roc_auc"": 0.8644581442444272, ""ap"": 0.26619779104246066, ""prevalence"": 0.05848666180112865, ""n"": 1197538}}",127.99018168449402,not saved (sklearn/elapid models refit deterministically),results/baseline/predictions/B3static__RF_biswas15*.npz,complete,same pixels in train and test; temporal-only generalisation
CL0135,2026-09-25T05:16:07,B3static,,FEATURE_TABLE_v2.parquet,v2_57,fb0d8aa,MX_HIST,,null,42,,,,"{""all"": {""roc_auc"": 0.957469563808129, ""ap"": 0.2523533913030022, ""prevalence"": 0.016858426136713223, ""n"": 4160768}, ""forest"": {""roc_auc"": 0.8468220622404489, ""ap"": 0.25263593565462444, ""prevalence"": 0.05848666180112865, ""n"": 1197538}}",914.9021232128143,not saved (sklearn/elapid models refit deterministically),results/baseline/predictions/B3static__MaxEnt_v2*.npz,complete,same pixels in train and test; temporal-only generalisation
CL0136,2026-09-25T05:18:42,B1hist,,FEATURE_TABLE_v2.parquet,v1_57,fb0d8aa,RF,,null,42,GroupKFold(3) fold 0 (historical),,GroupKFold(3) fold 0 (historical),"{""all"": {""roc_auc"": 0.9491865250196538, ""ap"": 0.5871035890745535, ""prevalence"": 0.07477760082132148, ""n"": 1387033}}",138.36897945404053,not saved (sklearn/elapid models refit deterministically),results/baseline/predictions/B1hist__RF_v1_histlabel_fold0*.npz,complete,
CL0137,2026-09-25T05:37:22,B1hist,,FEATURE_TABLE_v2.parquet,v1_57,fb0d8aa,MX_HIST,,null,42,GroupKFold(3) fold 0 (historical),,GroupKFold(3) fold 0 (historical),"{""all"": {""roc_auc"": 0.9480592773784289, ""ap"": 0.6198362220322211, ""prevalence"": 0.07477760082132148, ""n"": 1387033}}",1065.6483089923859,not saved (sklearn/elapid models refit deterministically),results/baseline/predictions/B1hist__MX_HIST_v1_histlabel_fold0*.npz,complete,
CL0138,2026-09-25T05:40:02,B1hist,,FEATURE_TABLE_v2.parquet,v1_57,fb0d8aa,RF,,null,42,GroupKFold(3) fold 1 (historical),,GroupKFold(3) fold 1 (historical),"{""all"": {""roc_auc"": 0.9662538203686312, ""ap"": 0.5588567961497838, ""prevalence"": 0.04780208053942902, ""n"": 1386948}}",155.59167909622192,not saved (sklearn/elapid models refit deterministically),results/baseline/predictions/B1hist__RF_v1_histlabel_fold1*.npz,complete,
CL0139,2026-09-25T06:02:44,B1hist,,FEATURE_TABLE_v2.parquet,v1_57,fb0d8aa,MX_HIST,,null,42,GroupKFold(3) fold 1 (historical),,GroupKFold(3) fold 1 (historical),"{""all"": {""roc_auc"": 0.9625708643881916, ""ap"": 0.5480840388871275, ""prevalence"": 0.04780208053942902, ""n"": 1386948}}",1312.8134722709656,not saved (sklearn/elapid models refit deterministically),results/baseline/predictions/B1hist__MX_HIST_v1_histlabel_fold1*.npz,complete,
CL0140,2026-09-25T06:05:19,B1hist,,FEATURE_TABLE_v2.parquet,v1_57,fb0d8aa,RF,,null,42,GroupKFold(3) fold 2 (historical),,GroupKFold(3) fold 2 (historical),"{""all"": {""roc_auc"": 0.9423118038793051, ""ap"": 0.49016973951688936, ""prevalence"": 0.07213697200056524, ""n"": 1387028}}",149.7959566116333,not saved (sklearn/elapid models refit deterministically),results/baseline/predictions/B1hist__RF_v1_histlabel_fold2*.npz,complete,
CL0141,2026-09-25T06:21:24,B1hist,,FEATURE_TABLE_v2.parquet,v1_57,fb0d8aa,MX_HIST,,null,42,GroupKFold(3) fold 2 (historical),,GroupKFold(3) fold 2 (historical),"{""all"": {""roc_auc"": 0.9358294314763272, ""ap"": 0.4526708577254694, ""prevalence"": 0.07213697200056524, ""n"": 1387028}}",916.5639092922211,not saved (sklearn/elapid models refit deterministically),results/baseline/predictions/B1hist__MX_HIST_v1_histlabel_fold2*.npz,complete,
CL0142,2026-09-25T06:24:47,maxent_n,,FEATURE_TABLE_v2.parquet,v2_57,fb0d8aa,MaxEnt(elapid),,"{""feature_types"": [""linear"", ""hinge"", ""product""], ""beta_multiplier"": 4.0}",42,,,,"{""all"": {""roc_auc"": 0.9634711070731345, ""ap"": 0.6319498899158258, ""prevalence"": 0.06450969411911738, ""n"": 832154}, ""forest"": {""roc_auc"": 0.852185155929126, ""ap"": 0.6338413308307491, ""prevalence"": 0.22390196726939324, ""n"": 238859}}",149.80831861495972,not saved (sklearn/elapid models refit deterministically),results/baseline/predictions/maxent_n__MaxEnt_v2_n50000_seed42*.npz,complete,
CL0143,2026-09-25T06:28:15,maxent_n,,FEATURE_TABLE_v2.parquet,v2_57,fb0d8aa,MaxEnt(elapid),,"{""feature_types"": [""linear"", ""hinge"", ""product""], ""beta_multiplier"": 4.0}",43,,,,"{""all"": {""roc_auc"": 0.9641870712229876, ""ap"": 0.637120768025689, ""prevalence"": 0.06450969411911738, ""n"": 832154}, ""forest"": {""roc_auc"": 0.8559234010161846, ""ap"": 0.6391878450428834, ""prevalence"": 0.22390196726939324, ""n"": 238859}}",160.05639028549194,not saved (sklearn/elapid models refit deterministically),results/baseline/predictions/maxent_n__MaxEnt_v2_n50000_seed43*.npz,complete,
CL0144,2026-09-25T06:31:34,maxent_n,,FEATURE_TABLE_v2.parquet,v2_57,fb0d8aa,MaxEnt(elapid),,"{""feature_types"": [""linear"", ""hinge"", ""product""], ""beta_multiplier"": 4.0}",44,,,,"{""all"": {""roc_auc"": 0.9643335295905473, ""ap"": 0.6356578395604856, ""prevalence"": 0.06450969411911738, ""n"": 832154}, ""forest"": {""roc_auc"": 0.85563645413542, ""ap"": 0.6376231519030798, ""prevalence"": 0.22390196726939324, ""n"": 238859}}",151.16416692733765,not saved (sklearn/elapid models refit deterministically),results/baseline/predictions/maxent_n__MaxEnt_v2_n50000_seed44*.npz,complete,
CL0145,2026-09-25T06:41:04,maxent_n,,FEATURE_TABLE_v2.parquet,v2_57,fb0d8aa,MaxEnt(elapid),,"{""feature_types"": [""linear"", ""hinge"", ""product""], ""beta_multiplier"": 4.0}",42,,,,"{""all"": {""roc_auc"": 0.9659334539204971, ""ap"": 0.6529275655009448, ""prevalence"": 0.06450969411911738, ""n"": 832154}, ""forest"": {""roc_auc"": 0.8615247277917302, ""ap"": 0.6547490560619134, ""prevalence"": 0.22390196726939324, ""n"": 238859}}",517.509268283844,not saved (sklearn/elapid models refit deterministically),results/baseline/predictions/maxent_n__MaxEnt_v2_n100000_seed42*.npz,complete,
CL0146,2026-09-25T06:50:35,maxent_n,,FEATURE_TABLE_v2.parquet,v2_57,fb0d8aa,MaxEnt(elapid),,"{""feature_types"": [""linear"", ""hinge"", ""product""], ""beta_multiplier"": 4.0}",43,,,,"{""all"": {""roc_auc"": 0.9664001068720138, ""ap"": 0.6542099507664052, ""prevalence"": 0.06450969411911738, ""n"": 832154}, ""forest"": {""roc_auc"": 0.8635067701530594, ""ap"": 0.6560263599811829, ""prevalence"": 0.22390196726939324, ""n"": 238859}}",517.8680572509766,not saved (sklearn/elapid models refit deterministically),results/baseline/predictions/maxent_n__MaxEnt_v2_n100000_seed43*.npz,complete,
CL0147,2026-09-25T06:59:29,maxent_n,,FEATURE_TABLE_v2.parquet,v2_57,fb0d8aa,MaxEnt(elapid),,"{""feature_types"": [""linear"", ""hinge"", ""product""], ""beta_multiplier"": 4.0}",44,,,,"{""all"": {""roc_auc"": 0.9665493458254502, ""ap"": 0.6550440539643757, ""prevalence"": 0.06450969411911738, ""n"": 832154}, ""forest"": {""roc_auc"": 0.8637289694044606, ""ap"": 0.6567477230011389, ""prevalence"": 0.22390196726939324, ""n"": 238859}}",486.8511550426483,not saved (sklearn/elapid models refit deterministically),results/baseline/predictions/maxent_n__MaxEnt_v2_n100000_seed44*.npz,complete,
CL0148,2026-09-25T07:19:02,maxent_n,,FEATURE_TABLE_v2.parquet,v2_57,fb0d8aa,MaxEnt(elapid),,"{""feature_types"": [""linear"", ""hinge"", ""product""], ""beta_multiplier"": 4.0}",42,,,,"{""all"": {""roc_auc"": 0.967017946040157, ""ap"": 0.6625503491169731, ""prevalence"": 0.06450969411911738, ""n"": 832154}, ""forest"": {""roc_auc"": 0.8657422142808162, ""ap"": 0.6642872168342202, ""prevalence"": 0.22390196726939324, ""n"": 238859}}",1120.2393865585327,not saved (sklearn/elapid models refit deterministically),results/baseline/predictions/maxent_n__MaxEnt_v2_n150000_seed42*.npz,complete,
CL0149,2026-09-25T07:38:46,maxent_n,,FEATURE_TABLE_v2.parquet,v2_57,fb0d8aa,MaxEnt(elapid),,"{""feature_types"": [""linear"", ""hinge"", ""product""], ""beta_multiplier"": 4.0}",43,,,,"{""all"": {""roc_auc"": 0.9674375422051159, ""ap"": 0.6639592012631754, ""prevalence"": 0.06450969411911738, ""n"": 832154}, ""forest"": {""roc_auc"": 0.8673118635430892, ""ap"": 0.665654294340582, ""prevalence"": 0.22390196726939324, ""n"": 238859}}",1131.0525925159454,not saved (sklearn/elapid models refit deterministically),results/baseline/predictions/maxent_n__MaxEnt_v2_n150000_seed43*.npz,complete,
CL0150,2026-09-25T07:58:47,maxent_n,,FEATURE_TABLE_v2.parquet,v2_57,fb0d8aa,MaxEnt(elapid),,"{""feature_types"": [""linear"", ""hinge"", ""product""], ""beta_multiplier"": 4.0}",44,,,,"{""all"": {""roc_auc"": 0.9673215026820302, ""ap"": 0.6637383578050334, ""prevalence"": 0.06450969411911738, ""n"": 832154}, ""forest"": {""roc_auc"": 0.8669297536716488, ""ap"": 0.6654297591055566, ""prevalence"": 0.22390196726939324, ""n"": 238859}}",1153.4912769794464,not saved (sklearn/elapid models refit deterministically),results/baseline/predictions/maxent_n__MaxEnt_v2_n150000_seed44*.npz,complete,
CL0151,2026-09-25T08:56:32,maxent_n,,FEATURE_TABLE_v2.parquet,v2_57,fb0d8aa,MaxEnt(elapid),,"{""feature_types"": [""linear"", ""hinge"", ""product""], ""beta_multiplier"": 4.0}",42,,,,"{""all"": {""roc_auc"": 0.968035180108956, ""ap"": 0.6708564177080311, ""prevalence"": 0.06450969411911738, ""n"": 832154}, ""forest"": {""roc_auc"": 0.8697249985944354, ""ap"": 0.6725388377804064, ""prevalence"": 0.22390196726939324, ""n"": 238859}}",3411.1269290447235,not saved (sklearn/elapid models refit deterministically),results/baseline/predictions/maxent_n__MaxEnt_v2_n300000_seed42*.npz,complete,
CL0152,2026-09-25T10:59:02,maxent_n,,FEATURE_TABLE_v2.parquet,v2_57,fb0d8aa,MaxEnt(elapid),,"{""feature_types"": [""linear"", ""hinge"", ""product""], ""beta_multiplier"": 4.0}",42,,,,"{""all"": {""roc_auc"": 0.9685398307156893, ""ap"": 0.6756184627901425, ""prevalence"": 0.06450969411911738, ""n"": 832154}, ""forest"": {""roc_auc"": 0.87172447186151, ""ap"": 0.6773031146931056, ""prevalence"": 0.22390196726939324, ""n"": 238859}}",7302.929088592529,not saved (sklearn/elapid models refit deterministically),results/baseline/predictions/maxent_n__MaxEnt_v2_n500000_seed42*.npz,complete,
CL0153,2026-09-25T11:13:17,B1hist_v2origin,,FEATURE_TABLE_v2.parquet,v1_57,fb0d8aa,RF,,null,42,GroupKFold(3) fold 0 (historical),,GroupKFold(3) fold 0 (historical),"{""all"": {""roc_auc"": 0.9458577378629924, ""ap"": 0.42149062170314666, ""prevalence"": 0.05000893930786688, ""n"": 1387132}}",154.06520771980286,not saved (sklearn/elapid models refit deterministically),results/baseline/predictions/B1hist_v2origin__RF_v1_histlabel_fold0*.npz,complete,
CL0154,2026-09-25T11:15:56,B1hist_v2origin,,FEATURE_TABLE_v2.parquet,v1_57,fb0d8aa,RF,,null,42,GroupKFold(3) fold 1 (historical),,GroupKFold(3) fold 1 (historical),"{""all"": {""roc_auc"": 0.9526675142567874, ""ap"": 0.5846870211401594, ""prevalence"": 0.09010477013802318, ""n"": 1386941}}",153.60759377479553,not saved (sklearn/elapid models refit deterministically),results/baseline/predictions/B1hist_v2origin__RF_v1_histlabel_fold1*.npz,complete,
CL0155,2026-09-25T11:18:27,B1hist_v2origin,,FEATURE_TABLE_v2.parquet,v1_57,fb0d8aa,RF,,null,42,GroupKFold(3) fold 2 (historical),,GroupKFold(3) fold 2 (historical),"{""all"": {""roc_auc"": 0.950802802853872, ""ap"": 0.5557885601273672, ""prevalence"": 0.05460598037688834, ""n"": 1386936}}",146.66769576072693,not saved (sklearn/elapid models refit deterministically),results/baseline/predictions/B1hist_v2origin__RF_v1_histlabel_fold2*.npz,complete,
CDR_A_nophys_s42,2026-09-24,CDR-PINO unified A,,cdr_pinn_monthly_stacks.npz,7 CDR covariates,cd1d298,CDR-PINO/nophys,"FNO2d width32 L4 modes16x16 + D/v/rho heads; 1,054,613 params","{""window"": 24, ""epochs"": 80, ""width"": 32, ""layers"": 4, ""modes"": 16, ""lr"": 0.001, ""weight_decay"": 0.0, ""optimizer"": ""AdamW"", ""scheduler"": ""ReduceLROnPlateau(val BCE, factor .5, patience 2 checks)"", ""early_stop"": ""val AUC, check every 5 ep, patience 4 checks"", ""split_seed"": 42}",42,A_nophys_s42,see protocol,A_nophys_s42,"{""test_auc"": 0.9447639222736994, ""test_ap"": 0.9290896001016082, ""val_auc"": 0.9428044716977149, ""prevalence"": 0.42058563232421875}",103.51467204093933,D:\FOREST FIRE MAPPING(INDIA)\results\cdr_pino\unified\ckpt_A_nophys_s42.pt,results/cdr_pino/unified/pred_A_nophys_s42.npz,complete,
CDR_A_nophys_s43,2026-09-24,CDR-PINO unified A,,cdr_pinn_monthly_stacks.npz,7 CDR covariates,cd1d298,CDR-PINO/nophys,"FNO2d width32 L4 modes16x16 + D/v/rho heads; 1,054,613 params","{""window"": 24, ""epochs"": 80, ""width"": 32, ""layers"": 4, ""modes"": 16, ""lr"": 0.001, ""weight_decay"": 0.0, ""optimizer"": ""AdamW"", ""scheduler"": ""ReduceLROnPlateau(val BCE, factor .5, patience 2 checks)"", ""early_stop"": ""val AUC, check every 5 ep, patience 4 checks"", ""split_seed"": 42}",43,A_nophys_s43,see protocol,A_nophys_s43,"{""test_auc"": 0.9468782711729699, ""test_ap"": 0.9342008117356139, ""val_auc"": 0.943530110649475, ""prevalence"": 0.42058563232421875}",97.19235253334045,D:\FOREST FIRE MAPPING(INDIA)\results\cdr_pino\unified\ckpt_A_nophys_s43.pt,results/cdr_pino/unified/pred_A_nophys_s43.npz,complete,
CDR_A_nophys_s44,2026-09-24,CDR-PINO unified A,,cdr_pinn_monthly_stacks.npz,7 CDR covariates,cd1d298,CDR-PINO/nophys,"FNO2d width32 L4 modes16x16 + D/v/rho heads; 1,054,613 params","{""window"": 24, ""epochs"": 80, ""width"": 32, ""layers"": 4, ""modes"": 16, ""lr"": 0.001, ""weight_decay"": 0.0, ""optimizer"": ""AdamW"", ""scheduler"": ""ReduceLROnPlateau(val BCE, factor .5, patience 2 checks)"", ""early_stop"": ""val AUC, check every 5 ep, patience 4 checks"", ""split_seed"": 42}",44,A_nophys_s44,see protocol,A_nophys_s44,"{""test_auc"": 0.9433378322057883, ""test_ap"": 0.929677667758892, ""val_auc"": 0.9396527561904082, ""prevalence"": 0.42058563232421875}",85.30237555503845,D:\FOREST FIRE MAPPING(INDIA)\results\cdr_pino\unified\ckpt_A_nophys_s44.pt,results/cdr_pino/unified/pred_A_nophys_s44.npz,complete,
CDR_A_diff_s42,2026-09-24,CDR-PINO unified A,,cdr_pinn_monthly_stacks.npz,7 CDR covariates,cd1d298,CDR-PINO/diff,"FNO2d width32 L4 modes16x16 + D/v/rho heads; 1,054,613 params","{""window"": 24, ""epochs"": 80, ""width"": 32, ""layers"": 4, ""modes"": 16, ""lr"": 0.001, ""weight_decay"": 0.0, ""optimizer"": ""AdamW"", ""scheduler"": ""ReduceLROnPlateau(val BCE, factor .5, patience 2 checks)"", ""early_stop"": ""val AUC, check every 5 ep, patience 4 checks"", ""split_seed"": 42}",42,A_diff_s42,see protocol,A_diff_s42,"{""test_auc"": 0.9263695310834125, ""test_ap"": 0.9120553008196906, ""val_auc"": 0.9161846060437517, ""prevalence"": 0.42058563232421875}",134.00547695159912,D:\FOREST FIRE MAPPING(INDIA)\results\cdr_pino\unified\ckpt_A_diff_s42.pt,results/cdr_pino/unified/pred_A_diff_s42.npz,complete,
CDR_A_diff_s43,2026-09-24,CDR-PINO unified A,,cdr_pinn_monthly_stacks.npz,7 CDR covariates,cd1d298,CDR-PINO/diff,"FNO2d width32 L4 modes16x16 + D/v/rho heads; 1,054,613 params","{""window"": 24, ""epochs"": 80, ""width"": 32, ""layers"": 4, ""modes"": 16, ""lr"": 0.001, ""weight_decay"": 0.0, ""optimizer"": ""AdamW"", ""scheduler"": ""ReduceLROnPlateau(val BCE, factor .5, patience 2 checks)"", ""early_stop"": ""val AUC, check every 5 ep, patience 4 checks"", ""split_seed"": 42}",43,A_diff_s43,see protocol,A_diff_s43,"{""test_auc"": 0.9273204933736534, ""test_ap"": 0.9146887539392047, ""val_auc"": 0.9165335024246205, ""prevalence"": 0.42058563232421875}",190.81641793251038,D:\FOREST FIRE MAPPING(INDIA)\results\cdr_pino\unified\ckpt_A_diff_s43.pt,results/cdr_pino/unified/pred_A_diff_s43.npz,complete,
CDR_A_diff_s44,2026-09-24,CDR-PINO unified A,,cdr_pinn_monthly_stacks.npz,7 CDR covariates,cd1d298,CDR-PINO/diff,"FNO2d width32 L4 modes16x16 + D/v/rho heads; 1,054,613 params","{""window"": 24, ""epochs"": 80, ""width"": 32, ""layers"": 4, ""modes"": 16, ""lr"": 0.001, ""weight_decay"": 0.0, ""optimizer"": ""AdamW"", ""scheduler"": ""ReduceLROnPlateau(val BCE, factor .5, patience 2 checks)"", ""early_stop"": ""val AUC, check every 5 ep, patience 4 checks"", ""split_seed"": 42}",44,A_diff_s44,see protocol,A_diff_s44,"{""test_auc"": 0.9189819302020535, ""test_ap"": 0.9056642692282312, ""val_auc"": 0.9105014352617942, ""prevalence"": 0.42058563232421875}",134.80929589271545,D:\FOREST FIRE MAPPING(INDIA)\results\cdr_pino\unified\ckpt_A_diff_s44.pt,results/cdr_pino/unified/pred_A_diff_s44.npz,complete,
CDR_A_diffadv_s42,2026-09-24,CDR-PINO unified A,,cdr_pinn_monthly_stacks.npz,7 CDR covariates,cd1d298,CDR-PINO/diffadv,"FNO2d width32 L4 modes16x16 + D/v/rho heads; 1,054,613 params","{""window"": 24, ""epochs"": 80, ""width"": 32, ""layers"": 4, ""modes"": 16, ""lr"": 0.001, ""weight_decay"": 0.0, ""optimizer"": ""AdamW"", ""scheduler"": ""ReduceLROnPlateau(val BCE, factor .5, patience 2 checks)"", ""early_stop"": ""val AUC, check every 5 ep, patience 4 checks"", ""split_seed"": 42}",42,A_diffadv_s42,see protocol,A_diffadv_s42,"{""test_auc"": 0.9387997864449055, ""test_ap"": 0.9197965844057779, ""val_auc"": 0.9300867709121248, ""prevalence"": 0.42058563232421875}",261.26002168655396,D:\FOREST FIRE MAPPING(INDIA)\results\cdr_pino\unified\ckpt_A_diffadv_s42.pt,results/cdr_pino/unified/pred_A_diffadv_s42.npz,complete,
CDR_A_diffadv_s43,2026-09-24,CDR-PINO unified A,,cdr_pinn_monthly_stacks.npz,7 CDR covariates,cd1d298,CDR-PINO/diffadv,"FNO2d width32 L4 modes16x16 + D/v/rho heads; 1,054,613 params","{""window"": 24, ""epochs"": 80, ""width"": 32, ""layers"": 4, ""modes"": 16, ""lr"": 0.001, ""weight_decay"": 0.0, ""optimizer"": ""AdamW"", ""scheduler"": ""ReduceLROnPlateau(val BCE, factor .5, patience 2 checks)"", ""early_stop"": ""val AUC, check every 5 ep, patience 4 checks"", ""split_seed"": 42}",43,A_diffadv_s43,see protocol,A_diffadv_s43,"{""test_auc"": 0.9409247363676895, ""test_ap"": 0.9243532185157535, ""val_auc"": 0.9346491780459911, ""prevalence"": 0.42058563232421875}",442.398149728775,D:\FOREST FIRE MAPPING(INDIA)\results\cdr_pino\unified\ckpt_A_diffadv_s43.pt,results/cdr_pino/unified/pred_A_diffadv_s43.npz,complete,
CDR_A_diffadv_s44,2026-09-24,CDR-PINO unified A,,cdr_pinn_monthly_stacks.npz,7 CDR covariates,cd1d298,CDR-PINO/diffadv,"FNO2d width32 L4 modes16x16 + D/v/rho heads; 1,054,613 params","{""window"": 24, ""epochs"": 80, ""width"": 32, ""layers"": 4, ""modes"": 16, ""lr"": 0.001, ""weight_decay"": 0.0, ""optimizer"": ""AdamW"", ""scheduler"": ""ReduceLROnPlateau(val BCE, factor .5, patience 2 checks)"", ""early_stop"": ""val AUC, check every 5 ep, patience 4 checks"", ""split_seed"": 42}",44,A_diffadv_s44,see protocol,A_diffadv_s44,"{""test_auc"": 0.9386237084924495, ""test_ap"": 0.92047495590526, ""val_auc"": 0.9327068607916181, ""prevalence"": 0.42058563232421875}",537.6714770793915,D:\FOREST FIRE MAPPING(INDIA)\results\cdr_pino\unified\ckpt_A_diffadv_s44.pt,results/cdr_pino/unified/pred_A_diffadv_s44.npz,complete,
CDR_A_full_s42,2026-09-24,CDR-PINO unified A,,cdr_pinn_monthly_stacks.npz,7 CDR covariates,cd1d298,CDR-PINO/full,"FNO2d width32 L4 modes16x16 + D/v/rho heads; 1,054,613 params","{""window"": 24, ""epochs"": 80, ""width"": 32, ""layers"": 4, ""modes"": 16, ""lr"": 0.001, ""weight_decay"": 0.0, ""optimizer"": ""AdamW"", ""scheduler"": ""ReduceLROnPlateau(val BCE, factor .5, patience 2 checks)"", ""early_stop"": ""val AUC, check every 5 ep, patience 4 checks"", ""split_seed"": 42}",42,A_full_s42,see protocol,A_full_s42,"{""test_auc"": 0.9398620090009758, ""test_ap"": 0.9232822513258702, ""val_auc"": 0.9342731634800676, ""prevalence"": 0.42058563232421875}",185.6096270084381,D:\FOREST FIRE MAPPING(INDIA)\results\cdr_pino\unified\ckpt_A_full_s42.pt,results/cdr_pino/unified/pred_A_full_s42.npz,complete,
CDR_A_full_s43,2026-09-24,CDR-PINO unified A,,cdr_pinn_monthly_stacks.npz,7 CDR covariates,cd1d298,CDR-PINO/full,"FNO2d width32 L4 modes16x16 + D/v/rho heads; 1,054,613 params","{""window"": 24, ""epochs"": 80, ""width"": 32, ""layers"": 4, ""modes"": 16, ""lr"": 0.001, ""weight_decay"": 0.0, ""optimizer"": ""AdamW"", ""scheduler"": ""ReduceLROnPlateau(val BCE, factor .5, patience 2 checks)"", ""early_stop"": ""val AUC, check every 5 ep, patience 4 checks"", ""split_seed"": 42}",43,A_full_s43,see protocol,A_full_s43,"{""test_auc"": 0.9394822904349286, ""test_ap"": 0.9196738667484374, ""val_auc"": 0.9339382811948311, ""prevalence"": 0.42058563232421875}",200.00955605506897,D:\FOREST FIRE MAPPING(INDIA)\results\cdr_pino\unified\ckpt_A_full_s43.pt,results/cdr_pino/unified/pred_A_full_s43.npz,complete,
CDR_A_full_s44,2026-09-24,CDR-PINO unified A,,cdr_pinn_monthly_stacks.npz,7 CDR covariates,cd1d298,CDR-PINO/full,"FNO2d width32 L4 modes16x16 + D/v/rho heads; 1,054,613 params","{""window"": 24, ""epochs"": 80, ""width"": 32, ""layers"": 4, ""modes"": 16, ""lr"": 0.001, ""weight_decay"": 0.0, ""optimizer"": ""AdamW"", ""scheduler"": ""ReduceLROnPlateau(val BCE, factor .5, patience 2 checks)"", ""early_stop"": ""val AUC, check every 5 ep, patience 4 checks"", ""split_seed"": 42}",44,A_full_s44,see protocol,A_full_s44,"{""test_auc"": 0.9369366313218446, ""test_ap"": 0.9182036660458225, ""val_auc"": 0.9279566283760322, ""prevalence"": 0.42058563232421875}",281.5492765903473,D:\FOREST FIRE MAPPING(INDIA)\results\cdr_pino\unified\ckpt_A_full_s44.pt,results/cdr_pino/unified/pred_A_full_s44.npz,complete,
CDR_B1_f0_nophys_s42,2026-09-24,CDR-PINO unified B1,,cdr_pinn_monthly_stacks.npz,7 CDR covariates,cd1d298,CDR-PINO/nophys,"FNO2d width32 L4 modes16x16 + D/v/rho heads; 1,054,613 params","{""window"": 24, ""epochs"": 80, ""width"": 32, ""layers"": 4, ""modes"": 16, ""lr"": 0.001, ""weight_decay"": 0.0, ""optimizer"": ""AdamW"", ""scheduler"": ""ReduceLROnPlateau(val BCE, factor .5, patience 2 checks)"", ""early_stop"": ""val AUC, check every 5 ep, patience 4 checks"", ""split_seed"": 42}",42,B1_f0_nophys_s42,see protocol,B1_f0_nophys_s42,"{""test_auc"": 0.7258430816879411, ""test_ap"": 0.676587970647903, ""val_auc"": 0.6812418246812249, ""prevalence"": 0.4031406342983246}",63.84309411048889,D:\FOREST FIRE MAPPING(INDIA)\results\cdr_pino\unified\ckpt_B1_f0_nophys_s42.pt,results/cdr_pino/unified/pred_B1_f0_nophys_s42.npz,complete,
CDR_B1_f1_nophys_s42,2026-09-24,CDR-PINO unified B1,,cdr_pinn_monthly_stacks.npz,7 CDR covariates,cd1d298,CDR-PINO/nophys,"FNO2d width32 L4 modes16x16 + D/v/rho heads; 1,054,613 params","{""window"": 24, ""epochs"": 80, ""width"": 32, ""layers"": 4, ""modes"": 16, ""lr"": 0.001, ""weight_decay"": 0.0, ""optimizer"": ""AdamW"", ""scheduler"": ""ReduceLROnPlateau(val BCE, factor .5, patience 2 checks)"", ""early_stop"": ""val AUC, check every 5 ep, patience 4 checks"", ""split_seed"": 42}",42,B1_f1_nophys_s42,see protocol,B1_f1_nophys_s42,"{""test_auc"": 0.7186188802230125, ""test_ap"": 0.558299708265886, ""val_auc"": 0.7544614642032352, ""prevalence"": 0.33053329586982727}",38.6850962638855,D:\FOREST FIRE MAPPING(INDIA)\results\cdr_pino\unified\ckpt_B1_f1_nophys_s42.pt,results/cdr_pino/unified/pred_B1_f1_nophys_s42.npz,complete,
CDR_B1_f2_nophys_s42,2026-09-24,CDR-PINO unified B1,,cdr_pinn_monthly_stacks.npz,7 CDR covariates,cd1d298,CDR-PINO/nophys,"FNO2d width32 L4 modes16x16 + D/v/rho heads; 1,054,613 params","{""window"": 24, ""epochs"": 80, ""width"": 32, ""layers"": 4, ""modes"": 16, ""lr"": 0.001, ""weight_decay"": 0.0, ""optimizer"": ""AdamW"", ""scheduler"": ""ReduceLROnPlateau(val BCE, factor .5, patience 2 checks)"", ""early_stop"": ""val AUC, check every 5 ep, patience 4 checks"", ""split_seed"": 42}",42,B1_f2_nophys_s42,see protocol,B1_f2_nophys_s42,"{""test_auc"": 0.7373280351586677, ""test_ap"": 0.7085419190346358, ""val_auc"": 0.6169254185692542, ""prevalence"": 0.4891173839569092}",124.664541721344,D:\FOREST FIRE MAPPING(INDIA)\results\cdr_pino\unified\ckpt_B1_f2_nophys_s42.pt,results/cdr_pino/unified/pred_B1_f2_nophys_s42.npz,complete,
CDR_B1_f0_nophys_s43,2026-09-24,CDR-PINO unified B1,,cdr_pinn_monthly_stacks.npz,7 CDR covariates,cd1d298,CDR-PINO/nophys,"FNO2d width32 L4 modes16x16 + D/v/rho heads; 1,054,613 params","{""window"": 24, ""epochs"": 80, ""width"": 32, ""layers"": 4, ""modes"": 16, ""lr"": 0.001, ""weight_decay"": 0.0, ""optimizer"": ""AdamW"", ""scheduler"": ""ReduceLROnPlateau(val BCE, factor .5, patience 2 checks)"", ""early_stop"": ""val AUC, check every 5 ep, patience 4 checks"", ""split_seed"": 42}",43,B1_f0_nophys_s43,see protocol,B1_f0_nophys_s43,"{""test_auc"": 0.7242279668325201, ""test_ap"": 0.6804829277935869, ""val_auc"": 0.6959723761595222, ""prevalence"": 0.4031406342983246}",46.120959997177124,D:\FOREST FIRE MAPPING(INDIA)\results\cdr_pino\unified\ckpt_B1_f0_nophys_s43.pt,results/cdr_pino/unified/pred_B1_f0_nophys_s43.npz,complete,
CDR_B1_f1_nophys_s43,2026-09-24,CDR-PINO unified B1,,cdr_pinn_monthly_stacks.npz,7 CDR covariates,cd1d298,CDR-PINO/nophys,"FNO2d width32 L4 modes16x16 + D/v/rho heads; 1,054,613 params","{""window"": 24, ""epochs"": 80, ""width"": 32, ""layers"": 4, ""modes"": 16, ""lr"": 0.001, ""weight_decay"": 0.0, ""optimizer"": ""AdamW"", ""scheduler"": ""ReduceLROnPlateau(val BCE, factor .5, patience 2 checks)"", ""early_stop"": ""val AUC, check every 5 ep, patience 4 checks"", ""split_seed"": 42}",43,B1_f1_nophys_s43,see protocol,B1_f1_nophys_s43,"{""test_auc"": 0.7296638341110172, ""test_ap"": 0.5718931064729031, ""val_auc"": 0.7701262796020637, ""prevalence"": 0.33053329586982727}",37.14377784729004,D:\FOREST FIRE MAPPING(INDIA)\results\cdr_pino\unified\ckpt_B1_f1_nophys_s43.pt,results/cdr_pino/unified/pred_B1_f1_nophys_s43.npz,complete,
CDR_B1_f2_nophys_s43,2026-09-24,CDR-PINO unified B1,,cdr_pinn_monthly_stacks.npz,7 CDR covariates,cd1d298,CDR-PINO/nophys,"FNO2d width32 L4 modes16x16 + D/v/rho heads; 1,054,613 params","{""window"": 24, ""epochs"": 80, ""width"": 32, ""layers"": 4, ""modes"": 16, ""lr"": 0.001, ""weight_decay"": 0.0, ""optimizer"": ""AdamW"", ""scheduler"": ""ReduceLROnPlateau(val BCE, factor .5, patience 2 checks)"", ""early_stop"": ""val AUC, check every 5 ep, patience 4 checks"", ""split_seed"": 42}",43,B1_f2_nophys_s43,see protocol,B1_f2_nophys_s43,"{""test_auc"": 0.7403983963053488, ""test_ap"": 0.7190626520320399, ""val_auc"": 0.6683149416539828, ""prevalence"": 0.4891173839569092}",139.26245284080505,D:\FOREST FIRE MAPPING(INDIA)\results\cdr_pino\unified\ckpt_B1_f2_nophys_s43.pt,results/cdr_pino/unified/pred_B1_f2_nophys_s43.npz,complete,
CDR_B1_f0_nophys_s44,2026-09-24,CDR-PINO unified B1,,cdr_pinn_monthly_stacks.npz,7 CDR covariates,cd1d298,CDR-PINO/nophys,"FNO2d width32 L4 modes16x16 + D/v/rho heads; 1,054,613 params","{""window"": 24, ""epochs"": 80, ""width"": 32, ""layers"": 4, ""modes"": 16, ""lr"": 0.001, ""weight_decay"": 0.0, ""optimizer"": ""AdamW"", ""scheduler"": ""ReduceLROnPlateau(val BCE, factor .5, patience 2 checks)"", ""early_stop"": ""val AUC, check every 5 ep, patience 4 checks"", ""split_seed"": 42}",44,B1_f0_nophys_s44,see protocol,B1_f0_nophys_s44,"{""test_auc"": 0.7107810762536624, ""test_ap"": 0.6340577548585862, ""val_auc"": 0.670108101428871, ""prevalence"": 0.4031406342983246}",56.227365493774414,D:\FOREST FIRE MAPPING(INDIA)\results\cdr_pino\unified\ckpt_B1_f0_nophys_s44.pt,results/cdr_pino/unified/pred_B1_f0_nophys_s44.npz,complete,
CDR_B1_f1_nophys_s44,2026-09-24,CDR-PINO unified B1,,cdr_pinn_monthly_stacks.npz,7 CDR covariates,cd1d298,CDR-PINO/nophys,"FNO2d width32 L4 modes16x16 + D/v/rho heads; 1,054,613 params","{""window"": 24, ""epochs"": 80, ""width"": 32, ""layers"": 4, ""modes"": 16, ""lr"": 0.001, ""weight_decay"": 0.0, ""optimizer"": ""AdamW"", ""scheduler"": ""ReduceLROnPlateau(val BCE, factor .5, patience 2 checks)"", ""early_stop"": ""val AUC, check every 5 ep, patience 4 checks"", ""split_seed"": 42}",44,B1_f1_nophys_s44,see protocol,B1_f1_nophys_s44,"{""test_auc"": 0.7267130031580751, ""test_ap"": 0.5704050200615406, ""val_auc"": 0.7616520115688906, ""prevalence"": 0.33053329586982727}",40.85358262062073,D:\FOREST FIRE MAPPING(INDIA)\results\cdr_pino\unified\ckpt_B1_f1_nophys_s44.pt,results/cdr_pino/unified/pred_B1_f1_nophys_s44.npz,complete,
CDR_B1_f2_nophys_s44,2026-09-24,CDR-PINO unified B1,,cdr_pinn_monthly_stacks.npz,7 CDR covariates,cd1d298,CDR-PINO/nophys,"FNO2d width32 L4 modes16x16 + D/v/rho heads; 1,054,613 params","{""window"": 24, ""epochs"": 80, ""width"": 32, ""layers"": 4, ""modes"": 16, ""lr"": 0.001, ""weight_decay"": 0.0, ""optimizer"": ""AdamW"", ""scheduler"": ""ReduceLROnPlateau(val BCE, factor .5, patience 2 checks)"", ""early_stop"": ""val AUC, check every 5 ep, patience 4 checks"", ""split_seed"": 42}",44,B1_f2_nophys_s44,see protocol,B1_f2_nophys_s44,"{""test_auc"": 0.6982794703651997, ""test_ap"": 0.6631228475266507, ""val_auc"": 0.5600665905631659, ""prevalence"": 0.4891173839569092}",156.71739530563354,D:\FOREST FIRE MAPPING(INDIA)\results\cdr_pino\unified\ckpt_B1_f2_nophys_s44.pt,results/cdr_pino/unified/pred_B1_f2_nophys_s44.npz,complete,
CDR_B1_f0_diff_s42,2026-09-24,CDR-PINO unified B1,,cdr_pinn_monthly_stacks.npz,7 CDR covariates,cd1d298,CDR-PINO/diff,"FNO2d width32 L4 modes16x16 + D/v/rho heads; 1,054,613 params","{""window"": 24, ""epochs"": 80, ""width"": 32, ""layers"": 4, ""modes"": 16, ""lr"": 0.001, ""weight_decay"": 0.0, ""optimizer"": ""AdamW"", ""scheduler"": ""ReduceLROnPlateau(val BCE, factor .5, patience 2 checks)"", ""early_stop"": ""val AUC, check every 5 ep, patience 4 checks"", ""split_seed"": 42}",42,B1_f0_diff_s42,see protocol,B1_f0_diff_s42,"{""test_auc"": 0.7346086352143033, ""test_ap"": 0.6990840956989133, ""val_auc"": 0.677688057294631, ""prevalence"": 0.4031406342983246}",109.43243432044983,D:\FOREST FIRE MAPPING(INDIA)\results\cdr_pino\unified\ckpt_B1_f0_diff_s42.pt,results/cdr_pino/unified/pred_B1_f0_diff_s42.npz,complete,
CDR_B1_f1_diff_s42,2026-09-24,CDR-PINO unified B1,,cdr_pinn_monthly_stacks.npz,7 CDR covariates,cd1d298,CDR-PINO/diff,"FNO2d width32 L4 modes16x16 + D/v/rho heads; 1,054,613 params","{""window"": 24, ""epochs"": 80, ""width"": 32, ""layers"": 4, ""modes"": 16, ""lr"": 0.001, ""weight_decay"": 0.0, ""optimizer"": ""AdamW"", ""scheduler"": ""ReduceLROnPlateau(val BCE, factor .5, patience 2 checks)"", ""early_stop"": ""val AUC, check every 5 ep, patience 4 checks"", ""split_seed"": 42}",42,B1_f1_diff_s42,see protocol,B1_f1_diff_s42,"{""test_auc"": 0.6569256937296765, ""test_ap"": 0.525615288843903, ""val_auc"": 0.7115539567052367, ""prevalence"": 0.33053329586982727}",105.34911441802979,D:\FOREST FIRE MAPPING(INDIA)\results\cdr_pino\unified\ckpt_B1_f1_diff_s42.pt,results/cdr_pino/unified/pred_B1_f1_diff_s42.npz,complete,
CDR_B1_f2_diff_s42,2026-09-24,CDR-PINO unified B1,,cdr_pinn_monthly_stacks.npz,7 CDR covariates,cd1d298,CDR-PINO/diff,"FNO2d width32 L4 modes16x16 + D/v/rho heads; 1,054,613 params","{""window"": 24, ""epochs"": 80, ""width"": 32, ""layers"": 4, ""modes"": 16, ""lr"": 0.001, ""weight_decay"": 0.0, ""optimizer"": ""AdamW"", ""scheduler"": ""ReduceLROnPlateau(val BCE, factor .5, patience 2 checks)"", ""early_stop"": ""val AUC, check every 5 ep, patience 4 checks"", ""split_seed"": 42}",42,B1_f2_diff_s42,see protocol,B1_f2_diff_s42,"{""test_auc"": 0.5704122717975306, ""test_ap"": 0.5777206201082112, ""val_auc"": 0.6586707255200406, ""prevalence"": 0.4891173839569092}",260.0204758644104,D:\FOREST FIRE MAPPING(INDIA)\results\cdr_pino\unified\ckpt_B1_f2_diff_s42.pt,results/cdr_pino/unified/pred_B1_f2_diff_s42.npz,complete,
CDR_B1_f0_diff_s43,2026-09-24,CDR-PINO unified B1,,cdr_pinn_monthly_stacks.npz,7 CDR covariates,cd1d298,CDR-PINO/diff,"FNO2d width32 L4 modes16x16 + D/v/rho heads; 1,054,613 params","{""window"": 24, ""epochs"": 80, ""width"": 32, ""layers"": 4, ""modes"": 16, ""lr"": 0.001, ""weight_decay"": 0.0, ""optimizer"": ""AdamW"", ""scheduler"": ""ReduceLROnPlateau(val BCE, factor .5, patience 2 checks)"", ""early_stop"": ""val AUC, check every 5 ep, patience 4 checks"", ""split_seed"": 42}",43,B1_f0_diff_s43,see protocol,B1_f0_diff_s43,"{""test_auc"": 0.6716134976538539, ""test_ap"": 0.6145480838574428, ""val_auc"": 0.6358581962875316, ""prevalence"": 0.4031406342983246}",108.68213725090027,D:\FOREST FIRE MAPPING(INDIA)\results\cdr_pino\unified\ckpt_B1_f0_diff_s43.pt,results/cdr_pino/unified/pred_B1_f0_diff_s43.npz,complete,
CDR_B1_f1_diff_s43,2026-09-24,CDR-PINO unified B1,,cdr_pinn_monthly_stacks.npz,7 CDR covariates,cd1d298,CDR-PINO/diff,"FNO2d width32 L4 modes16x16 + D/v/rho heads; 1,054,613 params","{""window"": 24, ""epochs"": 80, ""width"": 32, ""layers"": 4, ""modes"": 16, ""lr"": 0.001, ""weight_decay"": 0.0, ""optimizer"": ""AdamW"", ""scheduler"": ""ReduceLROnPlateau(val BCE, factor .5, patience 2 checks)"", ""early_stop"": ""val AUC, check every 5 ep, patience 4 checks"", ""split_seed"": 42}",43,B1_f1_diff_s43,see protocol,B1_f1_diff_s43,"{""test_auc"": 0.6835720800982708, ""test_ap"": 0.5517865093898994, ""val_auc"": 0.732212873407598, ""prevalence"": 0.33053329586982727}",102.85485410690308,D:\FOREST FIRE MAPPING(INDIA)\results\cdr_pino\unified\ckpt_B1_f1_diff_s43.pt,results/cdr_pino/unified/pred_B1_f1_diff_s43.npz,complete,
CDR_B1_f2_diff_s43,2026-09-24,CDR-PINO unified B1,,cdr_pinn_monthly_stacks.npz,7 CDR covariates,cd1d298,CDR-PINO/diff,"FNO2d width32 L4 modes16x16 + D/v/rho heads; 1,054,613 params","{""window"": 24, ""epochs"": 80, ""width"": 32, ""layers"": 4, ""modes"": 16, ""lr"": 0.001, ""weight_decay"": 0.0, ""optimizer"": ""AdamW"", ""scheduler"": ""ReduceLROnPlateau(val BCE, factor .5, patience 2 checks)"", ""early_stop"": ""val AUC, check every 5 ep, patience 4 checks"", ""split_seed"": 42}",43,B1_f2_diff_s43,see protocol,B1_f2_diff_s43,"{""test_auc"": 0.5757936808642506, ""test_ap"": 0.5900509864354033, ""val_auc"": 0.6552289446981229, ""prevalence"": 0.4891173839569092}",166.77906441688538,D:\FOREST FIRE MAPPING(INDIA)\results\cdr_pino\unified\ckpt_B1_f2_diff_s43.pt,results/cdr_pino/unified/pred_B1_f2_diff_s43.npz,complete,
CDR_B1_f0_diff_s44,2026-09-24,CDR-PINO unified B1,,cdr_pinn_monthly_stacks.npz,7 CDR covariates,cd1d298,CDR-PINO/diff,"FNO2d width32 L4 modes16x16 + D/v/rho heads; 1,054,613 params","{""window"": 24, ""epochs"": 80, ""width"": 32, ""layers"": 4, ""modes"": 16, ""lr"": 0.001, ""weight_decay"": 0.0, ""optimizer"": ""AdamW"", ""scheduler"": ""ReduceLROnPlateau(val BCE, factor .5, patience 2 checks)"", ""early_stop"": ""val AUC, check every 5 ep, patience 4 checks"", ""split_seed"": 42}",44,B1_f0_diff_s44,see protocol,B1_f0_diff_s44,"{""test_auc"": 0.6839930753274834, ""test_ap"": 0.630508169189259, ""val_auc"": 0.6598240496659976, ""prevalence"": 0.4031406342983246}",110.71431398391724,D:\FOREST FIRE MAPPING(INDIA)\results\cdr_pino\unified\ckpt_B1_f0_diff_s44.pt,results/cdr_pino/unified/pred_B1_f0_diff_s44.npz,complete,
CDR_B1_f1_diff_s44,2026-09-24,CDR-PINO unified B1,,cdr_pinn_monthly_stacks.npz,7 CDR covariates,cd1d298,CDR-PINO/diff,"FNO2d width32 L4 modes16x16 + D/v/rho heads; 1,054,613 params","{""window"": 24, ""epochs"": 80, ""width"": 32, ""layers"": 4, ""modes"": 16, ""lr"": 0.001, ""weight_decay"": 0.0, ""optimizer"": ""AdamW"", ""scheduler"": ""ReduceLROnPlateau(val BCE, factor .5, patience 2 checks)"", ""early_stop"": ""val AUC, check every 5 ep, patience 4 checks"", ""split_seed"": 42}",44,B1_f1_diff_s44,see protocol,B1_f1_diff_s44,"{""test_auc"": 0.6505564698079533, ""test_ap"": 0.5103788438186658, ""val_auc"": 0.7366064073921772, ""prevalence"": 0.33053329586982727}",106.7128643989563,D:\FOREST FIRE MAPPING(INDIA)\results\cdr_pino\unified\ckpt_B1_f1_diff_s44.pt,results/cdr_pino/unified/pred_B1_f1_diff_s44.npz,complete,
CDR_B1_f2_diff_s44,2026-09-24,CDR-PINO unified B1,,cdr_pinn_monthly_stacks.npz,7 CDR covariates,cd1d298,CDR-PINO/diff,"FNO2d width32 L4 modes16x16 + D/v/rho heads; 1,054,613 params","{""window"": 24, ""epochs"": 80, ""width"": 32, ""layers"": 4, ""modes"": 16, ""lr"": 0.001, ""weight_decay"": 0.0, ""optimizer"": ""AdamW"", ""scheduler"": ""ReduceLROnPlateau(val BCE, factor .5, patience 2 checks)"", ""early_stop"": ""val AUC, check every 5 ep, patience 4 checks"", ""split_seed"": 42}",44,B1_f2_diff_s44,see protocol,B1_f2_diff_s44,"{""test_auc"": 0.5515615886760685, ""test_ap"": 0.5585692783895035, ""val_auc"": 0.5928735413495688, ""prevalence"": 0.4891173839569092}",122.5685703754425,D:\FOREST FIRE MAPPING(INDIA)\results\cdr_pino\unified\ckpt_B1_f2_diff_s44.pt,results/cdr_pino/unified/pred_B1_f2_diff_s44.npz,complete,
CDR_B1_f0_diffadv_s42,2026-09-24,CDR-PINO unified B1,,cdr_pinn_monthly_stacks.npz,7 CDR covariates,cd1d298,CDR-PINO/diffadv,"FNO2d width32 L4 modes16x16 + D/v/rho heads; 1,054,613 params","{""window"": 24, ""epochs"": 80, ""width"": 32, ""layers"": 4, ""modes"": 16, ""lr"": 0.001, ""weight_decay"": 0.0, ""optimizer"": ""AdamW"", ""scheduler"": ""ReduceLROnPlateau(val BCE, factor .5, patience 2 checks)"", ""early_stop"": ""val AUC, check every 5 ep, patience 4 checks"", ""split_seed"": 42}",42,B1_f0_diffadv_s42,see protocol,B1_f0_diffadv_s42,"{""test_auc"": 0.7303179947984698, ""test_ap"": 0.6397886060461975, ""val_auc"": 0.645187108708025, ""prevalence"": 0.4031406342983246}",357.3294723033905,D:\FOREST FIRE MAPPING(INDIA)\results\cdr_pino\unified\ckpt_B1_f0_diffadv_s42.pt,results/cdr_pino/unified/pred_B1_f0_diffadv_s42.npz,complete,
CDR_B1_f1_diffadv_s42,2026-09-24,CDR-PINO unified B1,,cdr_pinn_monthly_stacks.npz,7 CDR covariates,cd1d298,CDR-PINO/diffadv,"FNO2d width32 L4 modes16x16 + D/v/rho heads; 1,054,613 params","{""window"": 24, ""epochs"": 80, ""width"": 32, ""layers"": 4, ""modes"": 16, ""lr"": 0.001, ""weight_decay"": 0.0, ""optimizer"": ""AdamW"", ""scheduler"": ""ReduceLROnPlateau(val BCE, factor .5, patience 2 checks)"", ""early_stop"": ""val AUC, check every 5 ep, patience 4 checks"", ""split_seed"": 42}",42,B1_f1_diffadv_s42,see protocol,B1_f1_diffadv_s42,"{""test_auc"": 0.7275818032213245, ""test_ap"": 0.572424731576225, ""val_auc"": 0.7528527482533911, ""prevalence"": 0.33053329586982727}",180.35010814666748,D:\FOREST FIRE MAPPING(INDIA)\results\cdr_pino\unified\ckpt_B1_f1_diffadv_s42.pt,results/cdr_pino/unified/pred_B1_f1_diffadv_s42.npz,complete,
CDR_B1_f2_diffadv_s42,2026-09-24,CDR-PINO unified B1,,cdr_pinn_monthly_stacks.npz,7 CDR covariates,cd1d298,CDR-PINO/diffadv,"FNO2d width32 L4 modes16x16 + D/v/rho heads; 1,054,613 params","{""window"": 24, ""epochs"": 80, ""width"": 32, ""layers"": 4, ""modes"": 16, ""lr"": 0.001, ""weight_decay"": 0.0, ""optimizer"": ""AdamW"", ""scheduler"": ""ReduceLROnPlateau(val BCE, factor .5, patience 2 checks)"", ""early_stop"": ""val AUC, check every 5 ep, patience 4 checks"", ""split_seed"": 42}",42,B1_f2_diffadv_s42,see protocol,B1_f2_diffadv_s42,"{""test_auc"": 0.726910284803646, ""test_ap"": 0.6945277992760185, ""val_auc"": 0.5371093353627601, ""prevalence"": 0.4891173839569092}",355.94062781333923,D:\FOREST FIRE MAPPING(INDIA)\results\cdr_pino\unified\ckpt_B1_f2_diffadv_s42.pt,results/cdr_pino/unified/pred_B1_f2_diffadv_s42.npz,complete,
CDR_B1_f0_diffadv_s43,2026-09-24,CDR-PINO unified B1,,cdr_pinn_monthly_stacks.npz,7 CDR covariates,cd1d298,CDR-PINO/diffadv,"FNO2d width32 L4 modes16x16 + D/v/rho heads; 1,054,613 params","{""window"": 24, ""epochs"": 80, ""width"": 32, ""layers"": 4, ""modes"": 16, ""lr"": 0.001, ""weight_decay"": 0.0, ""optimizer"": ""AdamW"", ""scheduler"": ""ReduceLROnPlateau(val BCE, factor .5, patience 2 checks)"", ""early_stop"": ""val AUC, check every 5 ep, patience 4 checks"", ""split_seed"": 42}",43,B1_f0_diffadv_s43,see protocol,B1_f0_diffadv_s43,"{""test_auc"": 0.749396679479879, ""test_ap"": 0.6646456640384396, ""val_auc"": 0.7119498197685449, ""prevalence"": 0.4031406342983246}",332.43876695632935,D:\FOREST FIRE MAPPING(INDIA)\results\cdr_pino\unified\ckpt_B1_f0_diffadv_s43.pt,results/cdr_pino/unified/pred_B1_f0_diffadv_s43.npz,complete,
CDR_B1_f1_diffadv_s43,2026-09-24,CDR-PINO unified B1,,cdr_pinn_monthly_stacks.npz,7 CDR covariates,cd1d298,CDR-PINO/diffadv,"FNO2d width32 L4 modes16x16 + D/v/rho heads; 1,054,613 params","{""window"": 24, ""epochs"": 80, ""width"": 32, ""layers"": 4, ""modes"": 16, ""lr"": 0.001, ""weight_decay"": 0.0, ""optimizer"": ""AdamW"", ""scheduler"": ""ReduceLROnPlateau(val BCE, factor .5, patience 2 checks)"", ""early_stop"": ""val AUC, check every 5 ep, patience 4 checks"", ""split_seed"": 42}",43,B1_f1_diffadv_s43,see protocol,B1_f1_diffadv_s43,"{""test_auc"": 0.7534839116793141, ""test_ap"": 0.6399951751826732, ""val_auc"": 0.7692509960602613, ""prevalence"": 0.33053329586982727}",315.33221983909607,D:\FOREST FIRE MAPPING(INDIA)\results\cdr_pino\unified\ckpt_B1_f1_diffadv_s43.pt,results/cdr_pino/unified/pred_B1_f1_diffadv_s43.npz,complete,
CDR_B1_f2_diffadv_s43,2026-09-24,CDR-PINO unified B1,,cdr_pinn_monthly_stacks.npz,7 CDR covariates,cd1d298,CDR-PINO/diffadv,"FNO2d width32 L4 modes16x16 + D/v/rho heads; 1,054,613 params","{""window"": 24, ""epochs"": 80, ""width"": 32, ""layers"": 4, ""modes"": 16, ""lr"": 0.001, ""weight_decay"": 0.0, ""optimizer"": ""AdamW"", ""scheduler"": ""ReduceLROnPlateau(val BCE, factor .5, patience 2 checks)"", ""early_stop"": ""val AUC, check every 5 ep, patience 4 checks"", ""split_seed"": 42}",43,B1_f2_diffadv_s43,see protocol,B1_f2_diffadv_s43,"{""test_auc"": 0.6777430854796249, ""test_ap"": 0.6213504627322873, ""val_auc"": 0.5948985286656521, ""prevalence"": 0.4891173839569092}",317.89141058921814,D:\FOREST FIRE MAPPING(INDIA)\results\cdr_pino\unified\ckpt_B1_f2_diffadv_s43.pt,results/cdr_pino/unified/pred_B1_f2_diffadv_s43.npz,complete,
CDR_B1_f0_diffadv_s44,2026-09-24,CDR-PINO unified B1,,cdr_pinn_monthly_stacks.npz,7 CDR covariates,cd1d298,CDR-PINO/diffadv,"FNO2d width32 L4 modes16x16 + D/v/rho heads; 1,054,613 params","{""window"": 24, ""epochs"": 80, ""width"": 32, ""layers"": 4, ""modes"": 16, ""lr"": 0.001, ""weight_decay"": 0.0, ""optimizer"": ""AdamW"", ""scheduler"": ""ReduceLROnPlateau(val BCE, factor .5, patience 2 checks)"", ""early_stop"": ""val AUC, check every 5 ep, patience 4 checks"", ""split_seed"": 42}",44,B1_f0_diffadv_s44,see protocol,B1_f0_diffadv_s44,"{""test_auc"": 0.7649703305712494, ""test_ap"": 0.6684305028724186, ""val_auc"": 0.6791855135847586, ""prevalence"": 0.4031406342983246}",279.8940796852112,D:\FOREST FIRE MAPPING(INDIA)\results\cdr_pino\unified\ckpt_B1_f0_diffadv_s44.pt,results/cdr_pino/unified/pred_B1_f0_diffadv_s44.npz,complete,
CDR_B1_f1_diffadv_s44,2026-09-24,CDR-PINO unified B1,,cdr_pinn_monthly_stacks.npz,7 CDR covariates,cd1d298,CDR-PINO/diffadv,"FNO2d width32 L4 modes16x16 + D/v/rho heads; 1,054,613 params","{""window"": 24, ""epochs"": 80, ""width"": 32, ""layers"": 4, ""modes"": 16, ""lr"": 0.001, ""weight_decay"": 0.0, ""optimizer"": ""AdamW"", ""scheduler"": ""ReduceLROnPlateau(val BCE, factor .5, patience 2 checks)"", ""early_stop"": ""val AUC, check every 5 ep, patience 4 checks"", ""split_seed"": 42}",44,B1_f1_diffadv_s44,see protocol,B1_f1_diffadv_s44,"{""test_auc"": 0.7224199537049916, ""test_ap"": 0.5679400966192784, ""val_auc"": 0.7675305964123431, ""prevalence"": 0.33053329586982727}",143.0104374885559,D:\FOREST FIRE MAPPING(INDIA)\results\cdr_pino\unified\ckpt_B1_f1_diffadv_s44.pt,results/cdr_pino/unified/pred_B1_f1_diffadv_s44.npz,complete,
CDR_B1_f2_diffadv_s44,2026-09-24,CDR-PINO unified B1,,cdr_pinn_monthly_stacks.npz,7 CDR covariates,cd1d298,CDR-PINO/diffadv,"FNO2d width32 L4 modes16x16 + D/v/rho heads; 1,054,613 params","{""window"": 24, ""epochs"": 80, ""width"": 32, ""layers"": 4, ""modes"": 16, ""lr"": 0.001, ""weight_decay"": 0.0, ""optimizer"": ""AdamW"", ""scheduler"": ""ReduceLROnPlateau(val BCE, factor .5, patience 2 checks)"", ""early_stop"": ""val AUC, check every 5 ep, patience 4 checks"", ""split_seed"": 42}",44,B1_f2_diffadv_s44,see protocol,B1_f2_diffadv_s44,"{""test_auc"": 0.715716881163823, ""test_ap"": 0.6648216843620913, ""val_auc"": 0.526005834601725, ""prevalence"": 0.4891173839569092}",246.38869071006775,D:\FOREST FIRE MAPPING(INDIA)\results\cdr_pino\unified\ckpt_B1_f2_diffadv_s44.pt,results/cdr_pino/unified/pred_B1_f2_diffadv_s44.npz,complete,
CDR_B1_f0_full_s42,2026-09-24,CDR-PINO unified B1,,cdr_pinn_monthly_stacks.npz,7 CDR covariates,cd1d298,CDR-PINO/full,"FNO2d width32 L4 modes16x16 + D/v/rho heads; 1,054,613 params","{""window"": 24, ""epochs"": 80, ""width"": 32, ""layers"": 4, ""modes"": 16, ""lr"": 0.001, ""weight_decay"": 0.0, ""optimizer"": ""AdamW"", ""scheduler"": ""ReduceLROnPlateau(val BCE, factor .5, patience 2 checks)"", ""early_stop"": ""val AUC, check every 5 ep, patience 4 checks"", ""split_seed"": 42}",42,B1_f0_full_s42,see protocol,B1_f0_full_s42,"{""test_auc"": 0.7013872218603918, ""test_ap"": 0.5952659762192738, ""val_auc"": 0.6594836194070833, ""prevalence"": 0.4031406342983246}",317.7688698768616,D:\FOREST FIRE MAPPING(INDIA)\results\cdr_pino\unified\ckpt_B1_f0_full_s42.pt,results/cdr_pino/unified/pred_B1_f0_full_s42.npz,complete,
CDR_B1_f1_full_s42,2026-09-24,CDR-PINO unified B1,,cdr_pinn_monthly_stacks.npz,7 CDR covariates,cd1d298,CDR-PINO/full,"FNO2d width32 L4 modes16x16 + D/v/rho heads; 1,054,613 params","{""window"": 24, ""epochs"": 80, ""width"": 32, ""layers"": 4, ""modes"": 16, ""lr"": 0.001, ""weight_decay"": 0.0, ""optimizer"": ""AdamW"", ""scheduler"": ""ReduceLROnPlateau(val BCE, factor .5, patience 2 checks)"", ""early_stop"": ""val AUC, check every 5 ep, patience 4 checks"", ""split_seed"": 42}",42,B1_f1_full_s42,see protocol,B1_f1_full_s42,"{""test_auc"": 0.7237345738209194, ""test_ap"": 0.5670811054920237, ""val_auc"": 0.7494055303542171, ""prevalence"": 0.33053329586982727}",212.9419355392456,D:\FOREST FIRE MAPPING(INDIA)\results\cdr_pino\unified\ckpt_B1_f1_full_s42.pt,results/cdr_pino/unified/pred_B1_f1_full_s42.npz,complete,
CDR_B1_f2_full_s42,2026-09-24,CDR-PINO unified B1,,cdr_pinn_monthly_stacks.npz,7 CDR covariates,cd1d298,CDR-PINO/full,"FNO2d width32 L4 modes16x16 + D/v/rho heads; 1,054,613 params","{""window"": 24, ""epochs"": 80, ""width"": 32, ""layers"": 4, ""modes"": 16, ""lr"": 0.001, ""weight_decay"": 0.0, ""optimizer"": ""AdamW"", ""scheduler"": ""ReduceLROnPlateau(val BCE, factor .5, patience 2 checks)"", ""early_stop"": ""val AUC, check every 5 ep, patience 4 checks"", ""split_seed"": 42}",42,B1_f2_full_s42,see protocol,B1_f2_full_s42,"{""test_auc"": 0.7132347977878557, ""test_ap"": 0.6784164350644961, ""val_auc"": 0.4746689497716895, ""prevalence"": 0.4891173839569092}",277.796443939209,D:\FOREST FIRE MAPPING(INDIA)\results\cdr_pino\unified\ckpt_B1_f2_full_s42.pt,results/cdr_pino/unified/pred_B1_f2_full_s42.npz,complete,
CDR_B1_f0_full_s43,2026-09-24,CDR-PINO unified B1,,cdr_pinn_monthly_stacks.npz,7 CDR covariates,cd1d298,CDR-PINO/full,"FNO2d width32 L4 modes16x16 + D/v/rho heads; 1,054,613 params","{""window"": 24, ""epochs"": 80, ""width"": 32, ""layers"": 4, ""modes"": 16, ""lr"": 0.001, ""weight_decay"": 0.0, ""optimizer"": ""AdamW"", ""scheduler"": ""ReduceLROnPlateau(val BCE, factor .5, patience 2 checks)"", ""early_stop"": ""val AUC, check every 5 ep, patience 4 checks"", ""split_seed"": 42}",43,B1_f0_full_s43,see protocol,B1_f0_full_s43,"{""test_auc"": 0.7372034210835732, ""test_ap"": 0.6713525630327223, ""val_auc"": 0.6977790592017893, ""prevalence"": 0.4031406342983246}",277.9146122932434,D:\FOREST FIRE MAPPING(INDIA)\results\cdr_pino\unified\ckpt_B1_f0_full_s43.pt,results/cdr_pino/unified/pred_B1_f0_full_s43.npz,complete,
CDR_B1_f1_full_s43,2026-09-24,CDR-PINO unified B1,,cdr_pinn_monthly_stacks.npz,7 CDR covariates,cd1d298,CDR-PINO/full,"FNO2d width32 L4 modes16x16 + D/v/rho heads; 1,054,613 params","{""window"": 24, ""epochs"": 80, ""width"": 32, ""layers"": 4, ""modes"": 16, ""lr"": 0.001, ""weight_decay"": 0.0, ""optimizer"": ""AdamW"", ""scheduler"": ""ReduceLROnPlateau(val BCE, factor .5, patience 2 checks)"", ""early_stop"": ""val AUC, check every 5 ep, patience 4 checks"", ""split_seed"": 42}",43,B1_f1_full_s43,see protocol,B1_f1_full_s43,"{""test_auc"": 0.7202455743758154, ""test_ap"": 0.559584298812299, ""val_auc"": 0.7551418361570195, ""prevalence"": 0.33053329586982727}",117.9186441898346,D:\FOREST FIRE MAPPING(INDIA)\results\cdr_pino\unified\ckpt_B1_f1_full_s43.pt,results/cdr_pino/unified/pred_B1_f1_full_s43.npz,complete,
CDR_B1_f2_full_s43,2026-09-24,CDR-PINO unified B1,,cdr_pinn_monthly_stacks.npz,7 CDR covariates,cd1d298,CDR-PINO/full,"FNO2d width32 L4 modes16x16 + D/v/rho heads; 1,054,613 params","{""window"": 24, ""epochs"": 80, ""width"": 32, ""layers"": 4, ""modes"": 16, ""lr"": 0.001, ""weight_decay"": 0.0, ""optimizer"": ""AdamW"", ""scheduler"": ""ReduceLROnPlateau(val BCE, factor .5, patience 2 checks)"", ""early_stop"": ""val AUC, check every 5 ep, patience 4 checks"", ""split_seed"": 42}",43,B1_f2_full_s43,see protocol,B1_f2_full_s43,"{""test_auc"": 0.6908492392026109, ""test_ap"": 0.6386103686532189, ""val_auc"": 0.4938489345509894, ""prevalence"": 0.4891173839569092}",161.21044325828552,D:\FOREST FIRE MAPPING(INDIA)\results\cdr_pino\unified\ckpt_B1_f2_full_s43.pt,results/cdr_pino/unified/pred_B1_f2_full_s43.npz,complete,
CDR_B1_f0_full_s44,2026-09-24,CDR-PINO unified B1,,cdr_pinn_monthly_stacks.npz,7 CDR covariates,cd1d298,CDR-PINO/full,"FNO2d width32 L4 modes16x16 + D/v/rho heads; 1,054,613 params","{""window"": 24, ""epochs"": 80, ""width"": 32, ""layers"": 4, ""modes"": 16, ""lr"": 0.001, ""weight_decay"": 0.0, ""optimizer"": ""AdamW"", ""scheduler"": ""ReduceLROnPlateau(val BCE, factor .5, patience 2 checks)"", ""early_stop"": ""val AUC, check every 5 ep, patience 4 checks"", ""split_seed"": 42}",44,B1_f0_full_s44,see protocol,B1_f0_full_s44,"{""test_auc"": 0.7295571877386425, ""test_ap"": 0.6319250785779005, ""val_auc"": 0.6918266782494085, ""prevalence"": 0.4031406342983246}",218.3038625717163,D:\FOREST FIRE MAPPING(INDIA)\results\cdr_pino\unified\ckpt_B1_f0_full_s44.pt,results/cdr_pino/unified/pred_B1_f0_full_s44.npz,complete,
CDR_B1_f1_full_s44,2026-09-24,CDR-PINO unified B1,,cdr_pinn_monthly_stacks.npz,7 CDR covariates,cd1d298,CDR-PINO/full,"FNO2d width32 L4 modes16x16 + D/v/rho heads; 1,054,613 params","{""window"": 24, ""epochs"": 80, ""width"": 32, ""layers"": 4, ""modes"": 16, ""lr"": 0.001, ""weight_decay"": 0.0, ""optimizer"": ""AdamW"", ""scheduler"": ""ReduceLROnPlateau(val BCE, factor .5, patience 2 checks)"", ""early_stop"": ""val AUC, check every 5 ep, patience 4 checks"", ""split_seed"": 42}",44,B1_f1_full_s44,see protocol,B1_f1_full_s44,"{""test_auc"": 0.7367348402880773, ""test_ap"": 0.5929225432914426, ""val_auc"": 0.785071355613304, ""prevalence"": 0.33053329586982727}",229.96878623962402,D:\FOREST FIRE MAPPING(INDIA)\results\cdr_pino\unified\ckpt_B1_f1_full_s44.pt,results/cdr_pino/unified/pred_B1_f1_full_s44.npz,complete,
CDR_B1_f2_full_s44,2026-09-24,CDR-PINO unified B1,,cdr_pinn_monthly_stacks.npz,7 CDR covariates,cd1d298,CDR-PINO/full,"FNO2d width32 L4 modes16x16 + D/v/rho heads; 1,054,613 params","{""window"": 24, ""epochs"": 80, ""width"": 32, ""layers"": 4, ""modes"": 16, ""lr"": 0.001, ""weight_decay"": 0.0, ""optimizer"": ""AdamW"", ""scheduler"": ""ReduceLROnPlateau(val BCE, factor .5, patience 2 checks)"", ""early_stop"": ""val AUC, check every 5 ep, patience 4 checks"", ""split_seed"": 42}",44,B1_f2_full_s44,see protocol,B1_f2_full_s44,"{""test_auc"": 0.7132851023337171, ""test_ap"": 0.63734561375921, ""val_auc"": 0.5114732369355657, ""prevalence"": 0.4891173839569092}",250.52952408790588,D:\FOREST FIRE MAPPING(INDIA)\results\cdr_pino\unified\ckpt_B1_f2_full_s44.pt,results/cdr_pino/unified/pred_B1_f2_full_s44.npz,complete,
CDR_B2_r0_nophys_s42,2026-09-24,CDR-PINO unified B2,,cdr_pinn_monthly_stacks.npz,7 CDR covariates,cd1d298,CDR-PINO/nophys,"FNO2d width32 L4 modes16x16 + D/v/rho heads; 1,054,613 params","{""window"": 24, ""epochs"": 80, ""width"": 32, ""layers"": 4, ""modes"": 16, ""lr"": 0.001, ""weight_decay"": 0.0, ""optimizer"": ""AdamW"", ""scheduler"": ""ReduceLROnPlateau(val BCE, factor .5, patience 2 checks)"", ""early_stop"": ""val AUC, check every 5 ep, patience 4 checks"", ""split_seed"": 42}",42,B2_r0_nophys_s42,see protocol,B2_r0_nophys_s42,"{""test_auc"": 0.5071234268974383, ""test_ap"": 0.24984981179943677, ""val_auc"": 0.7880448774243841, ""prevalence"": 0.1847461462020874}",37.72925162315369,D:\FOREST FIRE MAPPING(INDIA)\results\cdr_pino\unified\ckpt_B2_r0_nophys_s42.pt,results/cdr_pino/unified/pred_B2_r0_nophys_s42.npz,complete,
CDR_B2_r1_nophys_s42,2026-09-24,CDR-PINO unified B2,,cdr_pinn_monthly_stacks.npz,7 CDR covariates,cd1d298,CDR-PINO/nophys,"FNO2d width32 L4 modes16x16 + D/v/rho heads; 1,054,613 params","{""window"": 24, ""epochs"": 80, ""width"": 32, ""layers"": 4, ""modes"": 16, ""lr"": 0.001, ""weight_decay"": 0.0, ""optimizer"": ""AdamW"", ""scheduler"": ""ReduceLROnPlateau(val BCE, factor .5, patience 2 checks)"", ""early_stop"": ""val AUC, check every 5 ep, patience 4 checks"", ""split_seed"": 42}",42,B2_r1_nophys_s42,see protocol,B2_r1_nophys_s42,"{""test_auc"": 0.6171698101127031, ""test_ap"": 0.6031229793367583, ""val_auc"": 0.8091165786725885, ""prevalence"": 0.50210040807724}",78.59744024276733,D:\FOREST FIRE MAPPING(INDIA)\results\cdr_pino\unified\ckpt_B2_r1_nophys_s42.pt,results/cdr_pino/unified/pred_B2_r1_nophys_s42.npz,complete,
CDR_B2_r2_nophys_s42,2026-09-24,CDR-PINO unified B2,,cdr_pinn_monthly_stacks.npz,7 CDR covariates,cd1d298,CDR-PINO/nophys,"FNO2d width32 L4 modes16x16 + D/v/rho heads; 1,054,613 params","{""window"": 24, ""epochs"": 80, ""width"": 32, ""layers"": 4, ""modes"": 16, ""lr"": 0.001, ""weight_decay"": 0.0, ""optimizer"": ""AdamW"", ""scheduler"": ""ReduceLROnPlateau(val BCE, factor .5, patience 2 checks)"", ""early_stop"": ""val AUC, check every 5 ep, patience 4 checks"", ""split_seed"": 42}",42,B2_r2_nophys_s42,see protocol,B2_r2_nophys_s42,"{""test_auc"": 0.4904056561104675, ""test_ap"": 0.472293045483399, ""val_auc"": 0.7882927637025997, ""prevalence"": 0.45579794049263}",46.67142367362976,D:\FOREST FIRE MAPPING(INDIA)\results\cdr_pino\unified\ckpt_B2_r2_nophys_s42.pt,results/cdr_pino/unified/pred_B2_r2_nophys_s42.npz,complete,
CDR_B2_r3_nophys_s42,2026-09-24,CDR-PINO unified B2,,cdr_pinn_monthly_stacks.npz,7 CDR covariates,cd1d298,CDR-PINO/nophys,"FNO2d width32 L4 modes16x16 + D/v/rho heads; 1,054,613 params","{""window"": 24, ""epochs"": 80, ""width"": 32, ""layers"": 4, ""modes"": 16, ""lr"": 0.001, ""weight_decay"": 0.0, ""optimizer"": ""AdamW"", ""scheduler"": ""ReduceLROnPlateau(val BCE, factor .5, patience 2 checks)"", ""early_stop"": ""val AUC, check every 5 ep, patience 4 checks"", ""split_seed"": 42}",42,B2_r3_nophys_s42,see protocol,B2_r3_nophys_s42,"{""test_auc"": 0.8007798845193509, ""test_ap"": 0.8745693520756217, ""val_auc"": 0.7614482929677935, ""prevalence"": 0.666388988494873}",86.6229796409607,D:\FOREST FIRE MAPPING(INDIA)\results\cdr_pino\unified\ckpt_B2_r3_nophys_s42.pt,results/cdr_pino/unified/pred_B2_r3_nophys_s42.npz,complete,
CDR_B2_r4_nophys_s42,2026-09-24,CDR-PINO unified B2,,cdr_pinn_monthly_stacks.npz,7 CDR covariates,cd1d298,CDR-PINO/nophys,"FNO2d width32 L4 modes16x16 + D/v/rho heads; 1,054,613 params","{""window"": 24, ""epochs"": 80, ""width"": 32, ""layers"": 4, ""modes"": 16, ""lr"": 0.001, ""weight_decay"": 0.0, ""optimizer"": ""AdamW"", ""scheduler"": ""ReduceLROnPlateau(val BCE, factor .5, patience 2 checks)"", ""early_stop"": ""val AUC, check every 5 ep, patience 4 checks"", ""split_seed"": 42}",42,B2_r4_nophys_s42,see protocol,B2_r4_nophys_s42,"{""test_auc"": 0.7624311990707328, ""test_ap"": 0.4762956318050523, ""val_auc"": 0.7169979891995131, ""prevalence"": 0.26150307059288025}",48.21476364135742,D:\FOREST FIRE MAPPING(INDIA)\results\cdr_pino\unified\ckpt_B2_r4_nophys_s42.pt,results/cdr_pino/unified/pred_B2_r4_nophys_s42.npz,complete,
CDR_B2_r5_nophys_s42,2026-09-24,CDR-PINO unified B2,,cdr_pinn_monthly_stacks.npz,7 CDR covariates,cd1d298,CDR-PINO/nophys,"FNO2d width32 L4 modes16x16 + D/v/rho heads; 1,054,613 params","{""window"": 24, ""epochs"": 80, ""width"": 32, ""layers"": 4, ""modes"": 16, ""lr"": 0.001, ""weight_decay"": 0.0, ""optimizer"": ""AdamW"", ""scheduler"": ""ReduceLROnPlateau(val BCE, factor .5, patience 2 checks)"", ""early_stop"": ""val AUC, check every 5 ep, patience 4 checks"", ""split_seed"": 42}",42,B2_r5_nophys_s42,see protocol,B2_r5_nophys_s42,"{""test_auc"": 0.5485830275405643, ""test_ap"": 0.5349213800249741, ""val_auc"": 0.7974013556176659, ""prevalence"": 0.48504582047462463}",47.03874635696411,D:\FOREST FIRE MAPPING(INDIA)\results\cdr_pino\unified\ckpt_B2_r5_nophys_s42.pt,results/cdr_pino/unified/pred_B2_r5_nophys_s42.npz,complete,
CDR_B2_r0_nophys_s43,2026-09-24,CDR-PINO unified B2,,cdr_pinn_monthly_stacks.npz,7 CDR covariates,cd1d298,CDR-PINO/nophys,"FNO2d width32 L4 modes16x16 + D/v/rho heads; 1,054,613 params","{""window"": 24, ""epochs"": 80, ""width"": 32, ""layers"": 4, ""modes"": 16, ""lr"": 0.001, ""weight_decay"": 0.0, ""optimizer"": ""AdamW"", ""scheduler"": ""ReduceLROnPlateau(val BCE, factor .5, patience 2 checks)"", ""early_stop"": ""val AUC, check every 5 ep, patience 4 checks"", ""split_seed"": 42}",43,B2_r0_nophys_s43,see protocol,B2_r0_nophys_s43,"{""test_auc"": 0.5617408503472534, ""test_ap"": 0.27335136798630794, ""val_auc"": 0.8026240252537769, ""prevalence"": 0.1847461462020874}",39.432703256607056,D:\FOREST FIRE MAPPING(INDIA)\results\cdr_pino\unified\ckpt_B2_r0_nophys_s43.pt,results/cdr_pino/unified/pred_B2_r0_nophys_s43.npz,complete,
CDR_B2_r1_nophys_s43,2026-09-24,CDR-PINO unified B2,,cdr_pinn_monthly_stacks.npz,7 CDR covariates,cd1d298,CDR-PINO/nophys,"FNO2d width32 L4 modes16x16 + D/v/rho heads; 1,054,613 params","{""window"": 24, ""epochs"": 80, ""width"": 32, ""layers"": 4, ""modes"": 16, ""lr"": 0.001, ""weight_decay"": 0.0, ""optimizer"": ""AdamW"", ""scheduler"": ""ReduceLROnPlateau(val BCE, factor .5, patience 2 checks)"", ""early_stop"": ""val AUC, check every 5 ep, patience 4 checks"", ""split_seed"": 42}",43,B2_r1_nophys_s43,see protocol,B2_r1_nophys_s43,"{""test_auc"": 0.6289326422714125, ""test_ap"": 0.6145921249804387, ""val_auc"": 0.8322122945709279, ""prevalence"": 0.50210040807724}",38.12533354759216,D:\FOREST FIRE MAPPING(INDIA)\results\cdr_pino\unified\ckpt_B2_r1_nophys_s43.pt,results/cdr_pino/unified/pred_B2_r1_nophys_s43.npz,complete,
CDR_B2_r2_nophys_s43,2026-09-24,CDR-PINO unified B2,,cdr_pinn_monthly_stacks.npz,7 CDR covariates,cd1d298,CDR-PINO/nophys,"FNO2d width32 L4 modes16x16 + D/v/rho heads; 1,054,613 params","{""window"": 24, ""epochs"": 80, ""width"": 32, ""layers"": 4, ""modes"": 16, ""lr"": 0.001, ""weight_decay"": 0.0, ""optimizer"": ""AdamW"", ""scheduler"": ""ReduceLROnPlateau(val BCE, factor .5, patience 2 checks)"", ""early_stop"": ""val AUC, check every 5 ep, patience 4 checks"", ""split_seed"": 42}",43,B2_r2_nophys_s43,see protocol,B2_r2_nophys_s43,"{""test_auc"": 0.4475216136967245, ""test_ap"": 0.43076657944909325, ""val_auc"": 0.8177330544736523, ""prevalence"": 0.45579794049263}",48.007346868515015,D:\FOREST FIRE MAPPING(INDIA)\results\cdr_pino\unified\ckpt_B2_r2_nophys_s43.pt,results/cdr_pino/unified/pred_B2_r2_nophys_s43.npz,complete,
CDR_B2_r3_nophys_s43,2026-09-24,CDR-PINO unified B2,,cdr_pinn_monthly_stacks.npz,7 CDR covariates,cd1d298,CDR-PINO/nophys,"FNO2d width32 L4 modes16x16 + D/v/rho heads; 1,054,613 params","{""window"": 24, ""epochs"": 80, ""width"": 32, ""layers"": 4, ""modes"": 16, ""lr"": 0.001, ""weight_decay"": 0.0, ""optimizer"": ""AdamW"", ""scheduler"": ""ReduceLROnPlateau(val BCE, factor .5, patience 2 checks)"", ""early_stop"": ""val AUC, check every 5 ep, patience 4 checks"", ""split_seed"": 42}",43,B2_r3_nophys_s43,see protocol,B2_r3_nophys_s43,"{""test_auc"": 0.7718250624219726, ""test_ap"": 0.8488550050624806, ""val_auc"": 0.8129432412576214, ""prevalence"": 0.666388988494873}",37.67744851112366,D:\FOREST FIRE MAPPING(INDIA)\results\cdr_pino\unified\ckpt_B2_r3_nophys_s43.pt,results/cdr_pino/unified/pred_B2_r3_nophys_s43.npz,complete,
CDR_B2_r4_nophys_s43,2026-09-24,CDR-PINO unified B2,,cdr_pinn_monthly_stacks.npz,7 CDR covariates,cd1d298,CDR-PINO/nophys,"FNO2d width32 L4 modes16x16 + D/v/rho heads; 1,054,613 params","{""window"": 24, ""epochs"": 80, ""width"": 32, ""layers"": 4, ""modes"": 16, ""lr"": 0.001, ""weight_decay"": 0.0, ""optimizer"": ""AdamW"", ""scheduler"": ""ReduceLROnPlateau(val BCE, factor .5, patience 2 checks)"", ""early_stop"": ""val AUC, check every 5 ep, patience 4 checks"", ""split_seed"": 42}",43,B2_r4_nophys_s43,see protocol,B2_r4_nophys_s43,"{""test_auc"": 0.8063839412447593, ""test_ap"": 0.47235295310865216, ""val_auc"": 0.742352064937423, ""prevalence"": 0.26150307059288025}",39.47585654258728,D:\FOREST FIRE MAPPING(INDIA)\results\cdr_pino\unified\ckpt_B2_r4_nophys_s43.pt,results/cdr_pino/unified/pred_B2_r4_nophys_s43.npz,complete,
CDR_B2_r5_nophys_s43,2026-09-24,CDR-PINO unified B2,,cdr_pinn_monthly_stacks.npz,7 CDR covariates,cd1d298,CDR-PINO/nophys,"FNO2d width32 L4 modes16x16 + D/v/rho heads; 1,054,613 params","{""window"": 24, ""epochs"": 80, ""width"": 32, ""layers"": 4, ""modes"": 16, ""lr"": 0.001, ""weight_decay"": 0.0, ""optimizer"": ""AdamW"", ""scheduler"": ""ReduceLROnPlateau(val BCE, factor .5, patience 2 checks)"", ""early_stop"": ""val AUC, check every 5 ep, patience 4 checks"", ""split_seed"": 42}",43,B2_r5_nophys_s43,see protocol,B2_r5_nophys_s43,"{""test_auc"": 0.5703929325478021, ""test_ap"": 0.5502390286009442, ""val_auc"": 0.8608119137066751, ""prevalence"": 0.48504582047462463}",124.17993831634521,D:\FOREST FIRE MAPPING(INDIA)\results\cdr_pino\unified\ckpt_B2_r5_nophys_s43.pt,results/cdr_pino/unified/pred_B2_r5_nophys_s43.npz,complete,
CDR_B2_r0_nophys_s44,2026-09-24,CDR-PINO unified B2,,cdr_pinn_monthly_stacks.npz,7 CDR covariates,cd1d298,CDR-PINO/nophys,"FNO2d width32 L4 modes16x16 + D/v/rho heads; 1,054,613 params","{""window"": 24, ""epochs"": 80, ""width"": 32, ""layers"": 4, ""modes"": 16, ""lr"": 0.001, ""weight_decay"": 0.0, ""optimizer"": ""AdamW"", ""scheduler"": ""ReduceLROnPlateau(val BCE, factor .5, patience 2 checks)"", ""early_stop"": ""val AUC, check every 5 ep, patience 4 checks"", ""split_seed"": 42}",44,B2_r0_nophys_s44,see protocol,B2_r0_nophys_s44,"{""test_auc"": 0.48814157175739104, ""test_ap"": 0.2371856766129773, ""val_auc"": 0.8161399448054838, ""prevalence"": 0.1847461462020874}",39.326027631759644,D:\FOREST FIRE MAPPING(INDIA)\results\cdr_pino\unified\ckpt_B2_r0_nophys_s44.pt,results/cdr_pino/unified/pred_B2_r0_nophys_s44.npz,complete,
CDR_B2_r1_nophys_s44,2026-09-24,CDR-PINO unified B2,,cdr_pinn_monthly_stacks.npz,7 CDR covariates,cd1d298,CDR-PINO/nophys,"FNO2d width32 L4 modes16x16 + D/v/rho heads; 1,054,613 params","{""window"": 24, ""epochs"": 80, ""width"": 32, ""layers"": 4, ""modes"": 16, ""lr"": 0.001, ""weight_decay"": 0.0, ""optimizer"": ""AdamW"", ""scheduler"": ""ReduceLROnPlateau(val BCE, factor .5, patience 2 checks)"", ""early_stop"": ""val AUC, check every 5 ep, patience 4 checks"", ""split_seed"": 42}",44,B2_r1_nophys_s44,see protocol,B2_r1_nophys_s44,"{""test_auc"": 0.5725839110412508, ""test_ap"": 0.549301384581061, ""val_auc"": 0.8494572621519398, ""prevalence"": 0.50210040807724}",39.628578901290894,D:\FOREST FIRE MAPPING(INDIA)\results\cdr_pino\unified\ckpt_B2_r1_nophys_s44.pt,results/cdr_pino/unified/pred_B2_r1_nophys_s44.npz,complete,
CDR_B2_r2_nophys_s44,2026-09-24,CDR-PINO unified B2,,cdr_pinn_monthly_stacks.npz,7 CDR covariates,cd1d298,CDR-PINO/nophys,"FNO2d width32 L4 modes16x16 + D/v/rho heads; 1,054,613 params","{""window"": 24, ""epochs"": 80, ""width"": 32, ""layers"": 4, ""modes"": 16, ""lr"": 0.001, ""weight_decay"": 0.0, ""optimizer"": ""AdamW"", ""scheduler"": ""ReduceLROnPlateau(val BCE, factor .5, patience 2 checks)"", ""early_stop"": ""val AUC, check every 5 ep, patience 4 checks"", ""split_seed"": 42}",44,B2_r2_nophys_s44,see protocol,B2_r2_nophys_s44,"{""test_auc"": 0.4362423993358534, ""test_ap"": 0.42267727807921956, ""val_auc"": 0.8060651980613408, ""prevalence"": 0.45579794049263}",46.432565212249756,D:\FOREST FIRE MAPPING(INDIA)\results\cdr_pino\unified\ckpt_B2_r2_nophys_s44.pt,results/cdr_pino/unified/pred_B2_r2_nophys_s44.npz,complete,
CDR_B2_r3_nophys_s44,2026-09-24,CDR-PINO unified B2,,cdr_pinn_monthly_stacks.npz,7 CDR covariates,cd1d298,CDR-PINO/nophys,"FNO2d width32 L4 modes16x16 + D/v/rho heads; 1,054,613 params","{""window"": 24, ""epochs"": 80, ""width"": 32, ""layers"": 4, ""modes"": 16, ""lr"": 0.001, ""weight_decay"": 0.0, ""optimizer"": ""AdamW"", ""scheduler"": ""ReduceLROnPlateau(val BCE, factor .5, patience 2 checks)"", ""early_stop"": ""val AUC, check every 5 ep, patience 4 checks"", ""split_seed"": 42}",44,B2_r3_nophys_s44,see protocol,B2_r3_nophys_s44,"{""test_auc"": 0.7407131710362047, ""test_ap"": 0.8241173325643962, ""val_auc"": 0.7974945526928849, ""prevalence"": 0.666388988494873}",39.75754261016846,D:\FOREST FIRE MAPPING(INDIA)\results\cdr_pino\unified\ckpt_B2_r3_nophys_s44.pt,results/cdr_pino/unified/pred_B2_r3_nophys_s44.npz,complete,
CDR_B2_r4_nophys_s44,2026-09-24,CDR-PINO unified B2,,cdr_pinn_monthly_stacks.npz,7 CDR covariates,cd1d298,CDR-PINO/nophys,"FNO2d width32 L4 modes16x16 + D/v/rho heads; 1,054,613 params","{""window"": 24, ""epochs"": 80, ""width"": 32, ""layers"": 4, ""modes"": 16, ""lr"": 0.001, ""weight_decay"": 0.0, ""optimizer"": ""AdamW"", ""scheduler"": ""ReduceLROnPlateau(val BCE, factor .5, patience 2 checks)"", ""early_stop"": ""val AUC, check every 5 ep, patience 4 checks"", ""split_seed"": 42}",44,B2_r4_nophys_s44,see protocol,B2_r4_nophys_s44,"{""test_auc"": 0.7789929915846909, ""test_ap"": 0.4673357138276901, ""val_auc"": 0.7182461650201416, ""prevalence"": 0.26150307059288025}",77.52203965187073,D:\FOREST FIRE MAPPING(INDIA)\results\cdr_pino\unified\ckpt_B2_r4_nophys_s44.pt,results/cdr_pino/unified/pred_B2_r4_nophys_s44.npz,complete,
CDR_B2_r5_nophys_s44,2026-09-24,CDR-PINO unified B2,,cdr_pinn_monthly_stacks.npz,7 CDR covariates,cd1d298,CDR-PINO/nophys,"FNO2d width32 L4 modes16x16 + D/v/rho heads; 1,054,613 params","{""window"": 24, ""epochs"": 80, ""width"": 32, ""layers"": 4, ""modes"": 16, ""lr"": 0.001, ""weight_decay"": 0.0, ""optimizer"": ""AdamW"", ""scheduler"": ""ReduceLROnPlateau(val BCE, factor .5, patience 2 checks)"", ""early_stop"": ""val AUC, check every 5 ep, patience 4 checks"", ""split_seed"": 42}",44,B2_r5_nophys_s44,see protocol,B2_r5_nophys_s44,"{""test_auc"": 0.5287477422187338, ""test_ap"": 0.5240296121137518, ""val_auc"": 0.8332066213662543, ""prevalence"": 0.48504582047462463}",62.45678377151489,D:\FOREST FIRE MAPPING(INDIA)\results\cdr_pino\unified\ckpt_B2_r5_nophys_s44.pt,results/cdr_pino/unified/pred_B2_r5_nophys_s44.npz,complete,
CDR_B2_r0_full_s42,2026-09-24,CDR-PINO unified B2,,cdr_pinn_monthly_stacks.npz,7 CDR covariates,cd1d298,CDR-PINO/full,"FNO2d width32 L4 modes16x16 + D/v/rho heads; 1,054,613 params","{""window"": 24, ""epochs"": 80, ""width"": 32, ""layers"": 4, ""modes"": 16, ""lr"": 0.001, ""weight_decay"": 0.0, ""optimizer"": ""AdamW"", ""scheduler"": ""ReduceLROnPlateau(val BCE, factor .5, patience 2 checks)"", ""early_stop"": ""val AUC, check every 5 ep, patience 4 checks"", ""split_seed"": 42}",42,B2_r0_full_s42,see protocol,B2_r0_full_s42,"{""test_auc"": 0.47152854585371845, ""test_ap"": 0.2733960721995091, ""val_auc"": 0.7855810943142911, ""prevalence"": 0.1847461462020874}",115.32285666465759,D:\FOREST FIRE MAPPING(INDIA)\results\cdr_pino\unified\ckpt_B2_r0_full_s42.pt,results/cdr_pino/unified/pred_B2_r0_full_s42.npz,complete,
CDR_B2_r1_full_s42,2026-09-24,CDR-PINO unified B2,,cdr_pinn_monthly_stacks.npz,7 CDR covariates,cd1d298,CDR-PINO/full,"FNO2d width32 L4 modes16x16 + D/v/rho heads; 1,054,613 params","{""window"": 24, ""epochs"": 80, ""width"": 32, ""layers"": 4, ""modes"": 16, ""lr"": 0.001, ""weight_decay"": 0.0, ""optimizer"": ""AdamW"", ""scheduler"": ""ReduceLROnPlateau(val BCE, factor .5, patience 2 checks)"", ""early_stop"": ""val AUC, check every 5 ep, patience 4 checks"", ""split_seed"": 42}",42,B2_r1_full_s42,see protocol,B2_r1_full_s42,"{""test_auc"": 0.6021674651334398, ""test_ap"": 0.574856287575529, ""val_auc"": 0.831392516871288, ""prevalence"": 0.50210040807724}",302.7578890323639,D:\FOREST FIRE MAPPING(INDIA)\results\cdr_pino\unified\ckpt_B2_r1_full_s42.pt,results/cdr_pino/unified/pred_B2_r1_full_s42.npz,complete,
CDR_B2_r2_full_s42,2026-09-24,CDR-PINO unified B2,,cdr_pinn_monthly_stacks.npz,7 CDR covariates,cd1d298,CDR-PINO/full,"FNO2d width32 L4 modes16x16 + D/v/rho heads; 1,054,613 params","{""window"": 24, ""epochs"": 80, ""width"": 32, ""layers"": 4, ""modes"": 16, ""lr"": 0.001, ""weight_decay"": 0.0, ""optimizer"": ""AdamW"", ""scheduler"": ""ReduceLROnPlateau(val BCE, factor .5, patience 2 checks)"", ""early_stop"": ""val AUC, check every 5 ep, patience 4 checks"", ""split_seed"": 42}",42,B2_r2_full_s42,see protocol,B2_r2_full_s42,"{""test_auc"": 0.42960477136895214, ""test_ap"": 0.4159426007929867, ""val_auc"": 0.8451870961996323, ""prevalence"": 0.45579794049263}",159.13298511505127,D:\FOREST FIRE MAPPING(INDIA)\results\cdr_pino\unified\ckpt_B2_r2_full_s42.pt,results/cdr_pino/unified/pred_B2_r2_full_s42.npz,complete,
CDR_B2_r3_full_s42,2026-09-24,CDR-PINO unified B2,,cdr_pinn_monthly_stacks.npz,7 CDR covariates,cd1d298,CDR-PINO/full,"FNO2d width32 L4 modes16x16 + D/v/rho heads; 1,054,613 params","{""window"": 24, ""epochs"": 80, ""width"": 32, ""layers"": 4, ""modes"": 16, ""lr"": 0.001, ""weight_decay"": 0.0, ""optimizer"": ""AdamW"", ""scheduler"": ""ReduceLROnPlateau(val BCE, factor .5, patience 2 checks)"", ""early_stop"": ""val AUC, check every 5 ep, patience 4 checks"", ""split_seed"": 42}",42,B2_r3_full_s42,see protocol,B2_r3_full_s42,"{""test_auc"": 0.7323907615480649, ""test_ap"": 0.816896142596572, ""val_auc"": 0.7988976659780349, ""prevalence"": 0.666388988494873}",120.11411929130554,D:\FOREST FIRE MAPPING(INDIA)\results\cdr_pino\unified\ckpt_B2_r3_full_s42.pt,results/cdr_pino/unified/pred_B2_r3_full_s42.npz,complete,
CDR_B2_r4_full_s42,2026-09-24,CDR-PINO unified B2,,cdr_pinn_monthly_stacks.npz,7 CDR covariates,cd1d298,CDR-PINO/full,"FNO2d width32 L4 modes16x16 + D/v/rho heads; 1,054,613 params","{""window"": 24, ""epochs"": 80, ""width"": 32, ""layers"": 4, ""modes"": 16, ""lr"": 0.001, ""weight_decay"": 0.0, ""optimizer"": ""AdamW"", ""scheduler"": ""ReduceLROnPlateau(val BCE, factor .5, patience 2 checks)"", ""early_stop"": ""val AUC, check every 5 ep, patience 4 checks"", ""split_seed"": 42}",42,B2_r4_full_s42,see protocol,B2_r4_full_s42,"{""test_auc"": 0.6299057299961732, ""test_ap"": 0.347387683863271, ""val_auc"": 0.7507316892741615, ""prevalence"": 0.26150307059288025}",218.90931677818298,D:\FOREST FIRE MAPPING(INDIA)\results\cdr_pino\unified\ckpt_B2_r4_full_s42.pt,results/cdr_pino/unified/pred_B2_r4_full_s42.npz,complete,
CDR_B2_r5_full_s42,2026-09-24,CDR-PINO unified B2,,cdr_pinn_monthly_stacks.npz,7 CDR covariates,cd1d298,CDR-PINO/full,"FNO2d width32 L4 modes16x16 + D/v/rho heads; 1,054,613 params","{""window"": 24, ""epochs"": 80, ""width"": 32, ""layers"": 4, ""modes"": 16, ""lr"": 0.001, ""weight_decay"": 0.0, ""optimizer"": ""AdamW"", ""scheduler"": ""ReduceLROnPlateau(val BCE, factor .5, patience 2 checks)"", ""early_stop"": ""val AUC, check every 5 ep, patience 4 checks"", ""split_seed"": 42}",42,B2_r5_full_s42,see protocol,B2_r5_full_s42,"{""test_auc"": 0.5931209728227769, ""test_ap"": 0.5673069401539993, ""val_auc"": 0.8564631589965261, ""prevalence"": 0.48504582047462463}",120.00086522102356,D:\FOREST FIRE MAPPING(INDIA)\results\cdr_pino\unified\ckpt_B2_r5_full_s42.pt,results/cdr_pino/unified/pred_B2_r5_full_s42.npz,complete,
CDR_B2_r0_full_s43,2026-09-24,CDR-PINO unified B2,,cdr_pinn_monthly_stacks.npz,7 CDR covariates,cd1d298,CDR-PINO/full,"FNO2d width32 L4 modes16x16 + D/v/rho heads; 1,054,613 params","{""window"": 24, ""epochs"": 80, ""width"": 32, ""layers"": 4, ""modes"": 16, ""lr"": 0.001, ""weight_decay"": 0.0, ""optimizer"": ""AdamW"", ""scheduler"": ""ReduceLROnPlateau(val BCE, factor .5, patience 2 checks)"", ""early_stop"": ""val AUC, check every 5 ep, patience 4 checks"", ""split_seed"": 42}",43,B2_r0_full_s43,see protocol,B2_r0_full_s43,"{""test_auc"": 0.4663235650680723, ""test_ap"": 0.20802774533287605, ""val_auc"": 0.7829144821844902, ""prevalence"": 0.1847461462020874}",180.66349959373474,D:\FOREST FIRE MAPPING(INDIA)\results\cdr_pino\unified\ckpt_B2_r0_full_s43.pt,results/cdr_pino/unified/pred_B2_r0_full_s43.npz,complete,
CDR_B2_r1_full_s43,2026-09-24,CDR-PINO unified B2,,cdr_pinn_monthly_stacks.npz,7 CDR covariates,cd1d298,CDR-PINO/full,"FNO2d width32 L4 modes16x16 + D/v/rho heads; 1,054,613 params","{""window"": 24, ""epochs"": 80, ""width"": 32, ""layers"": 4, ""modes"": 16, ""lr"": 0.001, ""weight_decay"": 0.0, ""optimizer"": ""AdamW"", ""scheduler"": ""ReduceLROnPlateau(val BCE, factor .5, patience 2 checks)"", ""early_stop"": ""val AUC, check every 5 ep, patience 4 checks"", ""split_seed"": 42}",43,B2_r1_full_s43,see protocol,B2_r1_full_s43,"{""test_auc"": 0.634587563766629, ""test_ap"": 0.6303389928991632, ""val_auc"": 0.8237526967544467, ""prevalence"": 0.50210040807724}",179.09058451652527,D:\FOREST FIRE MAPPING(INDIA)\results\cdr_pino\unified\ckpt_B2_r1_full_s43.pt,results/cdr_pino/unified/pred_B2_r1_full_s43.npz,complete,
CDR_B2_r2_full_s43,2026-09-24,CDR-PINO unified B2,,cdr_pinn_monthly_stacks.npz,7 CDR covariates,cd1d298,CDR-PINO/full,"FNO2d width32 L4 modes16x16 + D/v/rho heads; 1,054,613 params","{""window"": 24, ""epochs"": 80, ""width"": 32, ""layers"": 4, ""modes"": 16, ""lr"": 0.001, ""weight_decay"": 0.0, ""optimizer"": ""AdamW"", ""scheduler"": ""ReduceLROnPlateau(val BCE, factor .5, patience 2 checks)"", ""early_stop"": ""val AUC, check every 5 ep, patience 4 checks"", ""split_seed"": 42}",43,B2_r2_full_s43,see protocol,B2_r2_full_s43,"{""test_auc"": 0.4348595478748844, ""test_ap"": 0.41398408216051713, ""val_auc"": 0.8382580453940145, ""prevalence"": 0.45579794049263}",298.6024401187897,D:\FOREST FIRE MAPPING(INDIA)\results\cdr_pino\unified\ckpt_B2_r2_full_s43.pt,results/cdr_pino/unified/pred_B2_r2_full_s43.npz,complete,
CDR_B2_r3_full_s43,2026-09-24,CDR-PINO unified B2,,cdr_pinn_monthly_stacks.npz,7 CDR covariates,cd1d298,CDR-PINO/full,"FNO2d width32 L4 modes16x16 + D/v/rho heads; 1,054,613 params","{""window"": 24, ""epochs"": 80, ""width"": 32, ""layers"": 4, ""modes"": 16, ""lr"": 0.001, ""weight_decay"": 0.0, ""optimizer"": ""AdamW"", ""scheduler"": ""ReduceLROnPlateau(val BCE, factor .5, patience 2 checks)"", ""early_stop"": ""val AUC, check every 5 ep, patience 4 checks"", ""split_seed"": 42}",43,B2_r3_full_s43,see protocol,B2_r3_full_s43,"{""test_auc"": 0.7466916354556803, ""test_ap"": 0.7839679395180654, ""val_auc"": 0.8333880680426742, ""prevalence"": 0.666388988494873}",155.90773797035217,D:\FOREST FIRE MAPPING(INDIA)\results\cdr_pino\unified\ckpt_B2_r3_full_s43.pt,results/cdr_pino/unified/pred_B2_r3_full_s43.npz,complete,
CDR_B2_r4_full_s43,2026-09-24,CDR-PINO unified B2,,cdr_pinn_monthly_stacks.npz,7 CDR covariates,cd1d298,CDR-PINO/full,"FNO2d width32 L4 modes16x16 + D/v/rho heads; 1,054,613 params","{""window"": 24, ""epochs"": 80, ""width"": 32, ""layers"": 4, ""modes"": 16, ""lr"": 0.001, ""weight_decay"": 0.0, ""optimizer"": ""AdamW"", ""scheduler"": ""ReduceLROnPlateau(val BCE, factor .5, patience 2 checks)"", ""early_stop"": ""val AUC, check every 5 ep, patience 4 checks"", ""split_seed"": 42}",43,B2_r4_full_s43,see protocol,B2_r4_full_s43,"{""test_auc"": 0.5839521060604369, ""test_ap"": 0.31522683095845244, ""val_auc"": 0.7563748764265588, ""prevalence"": 0.26150307059288025}",229.8356511592865,D:\FOREST FIRE MAPPING(INDIA)\results\cdr_pino\unified\ckpt_B2_r4_full_s43.pt,results/cdr_pino/unified/pred_B2_r4_full_s43.npz,complete,
CDR_B2_r5_full_s43,2026-09-24,CDR-PINO unified B2,,cdr_pinn_monthly_stacks.npz,7 CDR covariates,cd1d298,CDR-PINO/full,"FNO2d width32 L4 modes16x16 + D/v/rho heads; 1,054,613 params","{""window"": 24, ""epochs"": 80, ""width"": 32, ""layers"": 4, ""modes"": 16, ""lr"": 0.001, ""weight_decay"": 0.0, ""optimizer"": ""AdamW"", ""scheduler"": ""ReduceLROnPlateau(val BCE, factor .5, patience 2 checks)"", ""early_stop"": ""val AUC, check every 5 ep, patience 4 checks"", ""split_seed"": 42}",43,B2_r5_full_s43,see protocol,B2_r5_full_s43,"{""test_auc"": 0.5618892345029738, ""test_ap"": 0.565867202361385, ""val_auc"": 0.870506793647381, ""prevalence"": 0.48504582047462463}",174.89556646347046,D:\FOREST FIRE MAPPING(INDIA)\results\cdr_pino\unified\ckpt_B2_r5_full_s43.pt,results/cdr_pino/unified/pred_B2_r5_full_s43.npz,complete,
CDR_B2_r0_full_s44,2026-09-24,CDR-PINO unified B2,,cdr_pinn_monthly_stacks.npz,7 CDR covariates,cd1d298,CDR-PINO/full,"FNO2d width32 L4 modes16x16 + D/v/rho heads; 1,054,613 params","{""window"": 24, ""epochs"": 80, ""width"": 32, ""layers"": 4, ""modes"": 16, ""lr"": 0.001, ""weight_decay"": 0.0, ""optimizer"": ""AdamW"", ""scheduler"": ""ReduceLROnPlateau(val BCE, factor .5, patience 2 checks)"", ""early_stop"": ""val AUC, check every 5 ep, patience 4 checks"", ""split_seed"": 42}",44,B2_r0_full_s44,see protocol,B2_r0_full_s44,"{""test_auc"": 0.37852326813406534, ""test_ap"": 0.163163133535179, ""val_auc"": 0.8083460652854404, ""prevalence"": 0.1847461462020874}",321.4792070388794,D:\FOREST FIRE MAPPING(INDIA)\results\cdr_pino\unified\ckpt_B2_r0_full_s44.pt,results/cdr_pino/unified/pred_B2_r0_full_s44.npz,complete,
CDR_B2_r1_full_s44,2026-09-24,CDR-PINO unified B2,,cdr_pinn_monthly_stacks.npz,7 CDR covariates,cd1d298,CDR-PINO/full,"FNO2d width32 L4 modes16x16 + D/v/rho heads; 1,054,613 params","{""window"": 24, ""epochs"": 80, ""width"": 32, ""layers"": 4, ""modes"": 16, ""lr"": 0.001, ""weight_decay"": 0.0, ""optimizer"": ""AdamW"", ""scheduler"": ""ReduceLROnPlateau(val BCE, factor .5, patience 2 checks)"", ""early_stop"": ""val AUC, check every 5 ep, patience 4 checks"", ""split_seed"": 42}",44,B2_r1_full_s44,see protocol,B2_r1_full_s44,"{""test_auc"": 0.6253942846532712, ""test_ap"": 0.5932920656124095, ""val_auc"": 0.8537493409914252, ""prevalence"": 0.50210040807724}",180.53605151176453,D:\FOREST FIRE MAPPING(INDIA)\results\cdr_pino\unified\ckpt_B2_r1_full_s44.pt,results/cdr_pino/unified/pred_B2_r1_full_s44.npz,complete,
CDR_B2_r2_full_s44,2026-09-24,CDR-PINO unified B2,,cdr_pinn_monthly_stacks.npz,7 CDR covariates,cd1d298,CDR-PINO/full,"FNO2d width32 L4 modes16x16 + D/v/rho heads; 1,054,613 params","{""window"": 24, ""epochs"": 80, ""width"": 32, ""layers"": 4, ""modes"": 16, ""lr"": 0.001, ""weight_decay"": 0.0, ""optimizer"": ""AdamW"", ""scheduler"": ""ReduceLROnPlateau(val BCE, factor .5, patience 2 checks)"", ""early_stop"": ""val AUC, check every 5 ep, patience 4 checks"", ""split_seed"": 42}",44,B2_r2_full_s44,see protocol,B2_r2_full_s44,"{""test_auc"": 0.4777518566936033, ""test_ap"": 0.43693765736232315, ""val_auc"": 0.8379374402518086, ""prevalence"": 0.45579794049263}",162.1006965637207,D:\FOREST FIRE MAPPING(INDIA)\results\cdr_pino\unified\ckpt_B2_r2_full_s44.pt,results/cdr_pino/unified/pred_B2_r2_full_s44.npz,complete,
CDR_B2_r3_full_s44,2026-09-24,CDR-PINO unified B2,,cdr_pinn_monthly_stacks.npz,7 CDR covariates,cd1d298,CDR-PINO/full,"FNO2d width32 L4 modes16x16 + D/v/rho heads; 1,054,613 params","{""window"": 24, ""epochs"": 80, ""width"": 32, ""layers"": 4, ""modes"": 16, ""lr"": 0.001, ""weight_decay"": 0.0, ""optimizer"": ""AdamW"", ""scheduler"": ""ReduceLROnPlateau(val BCE, factor .5, patience 2 checks)"", ""early_stop"": ""val AUC, check every 5 ep, patience 4 checks"", ""split_seed"": 42}",44,B2_r3_full_s44,see protocol,B2_r3_full_s44,"{""test_auc"": 0.7463342696629214, ""test_ap"": 0.7981616214688989, ""val_auc"": 0.8229116562953287, ""prevalence"": 0.666388988494873}",180.36078453063965,D:\FOREST FIRE MAPPING(INDIA)\results\cdr_pino\unified\ckpt_B2_r3_full_s44.pt,results/cdr_pino/unified/pred_B2_r3_full_s44.npz,complete,
CDR_B2_r4_full_s44,2026-09-24,CDR-PINO unified B2,,cdr_pinn_monthly_stacks.npz,7 CDR covariates,cd1d298,CDR-PINO/full,"FNO2d width32 L4 modes16x16 + D/v/rho heads; 1,054,613 params","{""window"": 24, ""epochs"": 80, ""width"": 32, ""layers"": 4, ""modes"": 16, ""lr"": 0.001, ""weight_decay"": 0.0, ""optimizer"": ""AdamW"", ""scheduler"": ""ReduceLROnPlateau(val BCE, factor .5, patience 2 checks)"", ""early_stop"": ""val AUC, check every 5 ep, patience 4 checks"", ""split_seed"": 42}",44,B2_r4_full_s44,see protocol,B2_r4_full_s44,"{""test_auc"": 0.5838495834978601, ""test_ap"": 0.3506768647160605, ""val_auc"": 0.7413286750909568, ""prevalence"": 0.26150307059288025}",278.8375105857849,D:\FOREST FIRE MAPPING(INDIA)\results\cdr_pino\unified\ckpt_B2_r4_full_s44.pt,results/cdr_pino/unified/pred_B2_r4_full_s44.npz,complete,
CDR_B2_r5_full_s44,2026-09-24,CDR-PINO unified B2,,cdr_pinn_monthly_stacks.npz,7 CDR covariates,cd1d298,CDR-PINO/full,"FNO2d width32 L4 modes16x16 + D/v/rho heads; 1,054,613 params","{""window"": 24, ""epochs"": 80, ""width"": 32, ""layers"": 4, ""modes"": 16, ""lr"": 0.001, ""weight_decay"": 0.0, ""optimizer"": ""AdamW"", ""scheduler"": ""ReduceLROnPlateau(val BCE, factor .5, patience 2 checks)"", ""early_stop"": ""val AUC, check every 5 ep, patience 4 checks"", ""split_seed"": 42}",44,B2_r5_full_s44,see protocol,B2_r5_full_s44,"{""test_auc"": 0.5626413042085858, ""test_ap"": 0.5442098816549518, ""val_auc"": 0.8754430793341859, ""prevalence"": 0.48504582047462463}",178.7090482711792,D:\FOREST FIRE MAPPING(INDIA)\results\cdr_pino\unified\ckpt_B2_r5_full_s44.pt,results/cdr_pino/unified/pred_B2_r5_full_s44.npz,complete,
CDR_B3_nophys_s42,2026-09-24,CDR-PINO unified B3,,cdr_pinn_monthly_stacks.npz,7 CDR covariates,cd1d298,CDR-PINO/nophys,"FNO2d width32 L4 modes16x16 + D/v/rho heads; 1,054,613 params","{""window"": 24, ""epochs"": 80, ""width"": 32, ""layers"": 4, ""modes"": 16, ""lr"": 0.001, ""weight_decay"": 0.0, ""optimizer"": ""AdamW"", ""scheduler"": ""ReduceLROnPlateau(val BCE, factor .5, patience 2 checks)"", ""early_stop"": ""val AUC, check every 5 ep, patience 4 checks"", ""split_seed"": 42}",42,B3_nophys_s42,see protocol,B3_nophys_s42,"{""test_auc"": 0.905093377741632, ""test_ap"": 0.15620323560022456, ""val_auc"": 0.9074755062221898, ""prevalence"": 0.0246382188051939}",142.1898901462555,D:\FOREST FIRE MAPPING(INDIA)\results\cdr_pino\unified\ckpt_B3_nophys_s42.pt,results/cdr_pino/unified/pred_B3_nophys_s42.npz,complete,
CDR_B3_nophys_s43,2026-09-24,CDR-PINO unified B3,,cdr_pinn_monthly_stacks.npz,7 CDR covariates,cd1d298,CDR-PINO/nophys,"FNO2d width32 L4 modes16x16 + D/v/rho heads; 1,054,613 params","{""window"": 24, ""epochs"": 80, ""width"": 32, ""layers"": 4, ""modes"": 16, ""lr"": 0.001, ""weight_decay"": 0.0, ""optimizer"": ""AdamW"", ""scheduler"": ""ReduceLROnPlateau(val BCE, factor .5, patience 2 checks)"", ""early_stop"": ""val AUC, check every 5 ep, patience 4 checks"", ""split_seed"": 42}",43,B3_nophys_s43,see protocol,B3_nophys_s43,"{""test_auc"": 0.904303314574322, ""test_ap"": 0.15438757249590385, ""val_auc"": 0.9066911296836467, ""prevalence"": 0.0246382188051939}",142.48011350631714,D:\FOREST FIRE MAPPING(INDIA)\results\cdr_pino\unified\ckpt_B3_nophys_s43.pt,results/cdr_pino/unified/pred_B3_nophys_s43.npz,complete,
CDR_B3_nophys_s44,2026-09-24,CDR-PINO unified B3,,cdr_pinn_monthly_stacks.npz,7 CDR covariates,cd1d298,CDR-PINO/nophys,"FNO2d width32 L4 modes16x16 + D/v/rho heads; 1,054,613 params","{""window"": 24, ""epochs"": 80, ""width"": 32, ""layers"": 4, ""modes"": 16, ""lr"": 0.001, ""weight_decay"": 0.0, ""optimizer"": ""AdamW"", ""scheduler"": ""ReduceLROnPlateau(val BCE, factor .5, patience 2 checks)"", ""early_stop"": ""val AUC, check every 5 ep, patience 4 checks"", ""split_seed"": 42}",44,B3_nophys_s44,see protocol,B3_nophys_s44,"{""test_auc"": 0.903668966325184, ""test_ap"": 0.15171198192229846, ""val_auc"": 0.906645988699538, ""prevalence"": 0.0246382188051939}",142.84761667251587,D:\FOREST FIRE MAPPING(INDIA)\results\cdr_pino\unified\ckpt_B3_nophys_s44.pt,results/cdr_pino/unified/pred_B3_nophys_s44.npz,complete,
CDR_B3_diff_s42,2026-09-24,CDR-PINO unified B3,,cdr_pinn_monthly_stacks.npz,7 CDR covariates,cd1d298,CDR-PINO/diff,"FNO2d width32 L4 modes16x16 + D/v/rho heads; 1,054,613 params","{""window"": 24, ""epochs"": 80, ""width"": 32, ""layers"": 4, ""modes"": 16, ""lr"": 0.001, ""weight_decay"": 0.0, ""optimizer"": ""AdamW"", ""scheduler"": ""ReduceLROnPlateau(val BCE, factor .5, patience 2 checks)"", ""early_stop"": ""val AUC, check every 5 ep, patience 4 checks"", ""split_seed"": 42}",42,B3_diff_s42,see protocol,B3_diff_s42,"{""test_auc"": 0.8854173707622436, ""test_ap"": 0.13715955832103563, ""val_auc"": 0.8888320539960404, ""prevalence"": 0.0246382188051939}",111.74467182159424,D:\FOREST FIRE MAPPING(INDIA)\results\cdr_pino\unified\ckpt_B3_diff_s42.pt,results/cdr_pino/unified/pred_B3_diff_s42.npz,complete,
CDR_B3_diff_s43,2026-09-24,CDR-PINO unified B3,,cdr_pinn_monthly_stacks.npz,7 CDR covariates,cd1d298,CDR-PINO/diff,"FNO2d width32 L4 modes16x16 + D/v/rho heads; 1,054,613 params","{""window"": 24, ""epochs"": 80, ""width"": 32, ""layers"": 4, ""modes"": 16, ""lr"": 0.001, ""weight_decay"": 0.0, ""optimizer"": ""AdamW"", ""scheduler"": ""ReduceLROnPlateau(val BCE, factor .5, patience 2 checks)"", ""early_stop"": ""val AUC, check every 5 ep, patience 4 checks"", ""split_seed"": 42}",43,B3_diff_s43,see protocol,B3_diff_s43,"{""test_auc"": 0.891989736932197, ""test_ap"": 0.14113769988516653, ""val_auc"": 0.8954599413285633, ""prevalence"": 0.0246382188051939}",245.06826758384705,D:\FOREST FIRE MAPPING(INDIA)\results\cdr_pino\unified\ckpt_B3_diff_s43.pt,results/cdr_pino/unified/pred_B3_diff_s43.npz,complete,
CDR_B3_diff_s44,2026-09-24,CDR-PINO unified B3,,cdr_pinn_monthly_stacks.npz,7 CDR covariates,cd1d298,CDR-PINO/diff,"FNO2d width32 L4 modes16x16 + D/v/rho heads; 1,054,613 params","{""window"": 24, ""epochs"": 80, ""width"": 32, ""layers"": 4, ""modes"": 16, ""lr"": 0.001, ""weight_decay"": 0.0, ""optimizer"": ""AdamW"", ""scheduler"": ""ReduceLROnPlateau(val BCE, factor .5, patience 2 checks)"", ""early_stop"": ""val AUC, check every 5 ep, patience 4 checks"", ""split_seed"": 42}",44,B3_diff_s44,see protocol,B3_diff_s44,"{""test_auc"": 0.879161716048418, ""test_ap"": 0.13009103395786592, ""val_auc"": 0.8821254382925473, ""prevalence"": 0.0246382188051939}",95.7320294380188,D:\FOREST FIRE MAPPING(INDIA)\results\cdr_pino\unified\ckpt_B3_diff_s44.pt,results/cdr_pino/unified/pred_B3_diff_s44.npz,complete,
CDR_B3_diffadv_s42,2026-09-24,CDR-PINO unified B3,,cdr_pinn_monthly_stacks.npz,7 CDR covariates,cd1d298,CDR-PINO/diffadv,"FNO2d width32 L4 modes16x16 + D/v/rho heads; 1,054,613 params","{""window"": 24, ""epochs"": 80, ""width"": 32, ""layers"": 4, ""modes"": 16, ""lr"": 0.001, ""weight_decay"": 0.0, ""optimizer"": ""AdamW"", ""scheduler"": ""ReduceLROnPlateau(val BCE, factor .5, patience 2 checks)"", ""early_stop"": ""val AUC, check every 5 ep, patience 4 checks"", ""split_seed"": 42}",42,B3_diffadv_s42,see protocol,B3_diffadv_s42,"{""test_auc"": 0.8946137717790394, ""test_ap"": 0.14294340715694243, ""val_auc"": 0.8975241631071309, ""prevalence"": 0.0246382188051939}",320.1733250617981,D:\FOREST FIRE MAPPING(INDIA)\results\cdr_pino\unified\ckpt_B3_diffadv_s42.pt,results/cdr_pino/unified/pred_B3_diffadv_s42.npz,complete,
CDR_B3_diffadv_s43,2026-09-24,CDR-PINO unified B3,,cdr_pinn_monthly_stacks.npz,7 CDR covariates,cd1d298,CDR-PINO/diffadv,"FNO2d width32 L4 modes16x16 + D/v/rho heads; 1,054,613 params","{""window"": 24, ""epochs"": 80, ""width"": 32, ""layers"": 4, ""modes"": 16, ""lr"": 0.001, ""weight_decay"": 0.0, ""optimizer"": ""AdamW"", ""scheduler"": ""ReduceLROnPlateau(val BCE, factor .5, patience 2 checks)"", ""early_stop"": ""val AUC, check every 5 ep, patience 4 checks"", ""split_seed"": 42}",43,B3_diffadv_s43,see protocol,B3_diffadv_s43,"{""test_auc"": 0.8948200342275061, ""test_ap"": 0.14245337483555168, ""val_auc"": 0.8976730302820808, ""prevalence"": 0.0246382188051939}",467.8187243938446,D:\FOREST FIRE MAPPING(INDIA)\results\cdr_pino\unified\ckpt_B3_diffadv_s43.pt,results/cdr_pino/unified/pred_B3_diffadv_s43.npz,complete,
CDR_B3_diffadv_s44,2026-09-24,CDR-PINO unified B3,,cdr_pinn_monthly_stacks.npz,7 CDR covariates,cd1d298,CDR-PINO/diffadv,"FNO2d width32 L4 modes16x16 + D/v/rho heads; 1,054,613 params","{""window"": 24, ""epochs"": 80, ""width"": 32, ""layers"": 4, ""modes"": 16, ""lr"": 0.001, ""weight_decay"": 0.0, ""optimizer"": ""AdamW"", ""scheduler"": ""ReduceLROnPlateau(val BCE, factor .5, patience 2 checks)"", ""early_stop"": ""val AUC, check every 5 ep, patience 4 checks"", ""split_seed"": 42}",44,B3_diffadv_s44,see protocol,B3_diffadv_s44,"{""test_auc"": 0.8929415890987706, ""test_ap"": 0.13913058198171707, ""val_auc"": 0.8962163496041335, ""prevalence"": 0.0246382188051939}",330.544757604599,D:\FOREST FIRE MAPPING(INDIA)\results\cdr_pino\unified\ckpt_B3_diffadv_s44.pt,results/cdr_pino/unified/pred_B3_diffadv_s44.npz,complete,
CDR_B3_full_s42,2026-09-24,CDR-PINO unified B3,,cdr_pinn_monthly_stacks.npz,7 CDR covariates,cd1d298,CDR-PINO/full,"FNO2d width32 L4 modes16x16 + D/v/rho heads; 1,054,613 params","{""window"": 24, ""epochs"": 80, ""width"": 32, ""layers"": 4, ""modes"": 16, ""lr"": 0.001, ""weight_decay"": 0.0, ""optimizer"": ""AdamW"", ""scheduler"": ""ReduceLROnPlateau(val BCE, factor .5, patience 2 checks)"", ""early_stop"": ""val AUC, check every 5 ep, patience 4 checks"", ""split_seed"": 42}",42,B3_full_s42,see protocol,B3_full_s42,"{""test_auc"": 0.8952036319473488, ""test_ap"": 0.14381447933261748, ""val_auc"": 0.899624021923322, ""prevalence"": 0.0246382188051939}",325.16979217529297,D:\FOREST FIRE MAPPING(INDIA)\results\cdr_pino\unified\ckpt_B3_full_s42.pt,results/cdr_pino/unified/pred_B3_full_s42.npz,complete,
CDR_B3_full_s43,2026-09-24,CDR-PINO unified B3,,cdr_pinn_monthly_stacks.npz,7 CDR covariates,cd1d298,CDR-PINO/full,"FNO2d width32 L4 modes16x16 + D/v/rho heads; 1,054,613 params","{""window"": 24, ""epochs"": 80, ""width"": 32, ""layers"": 4, ""modes"": 16, ""lr"": 0.001, ""weight_decay"": 0.0, ""optimizer"": ""AdamW"", ""scheduler"": ""ReduceLROnPlateau(val BCE, factor .5, patience 2 checks)"", ""early_stop"": ""val AUC, check every 5 ep, patience 4 checks"", ""split_seed"": 42}",43,B3_full_s43,see protocol,B3_full_s43,"{""test_auc"": 0.8952581081824844, ""test_ap"": 0.14181297244349989, ""val_auc"": 0.8984358508099433, ""prevalence"": 0.0246382188051939}",355.9869523048401,D:\FOREST FIRE MAPPING(INDIA)\results\cdr_pino\unified\ckpt_B3_full_s43.pt,results/cdr_pino/unified/pred_B3_full_s43.npz,complete,
CDR_B3_full_s44,2026-09-24,CDR-PINO unified B3,,cdr_pinn_monthly_stacks.npz,7 CDR covariates,cd1d298,CDR-PINO/full,"FNO2d width32 L4 modes16x16 + D/v/rho heads; 1,054,613 params","{""window"": 24, ""epochs"": 80, ""width"": 32, ""layers"": 4, ""modes"": 16, ""lr"": 0.001, ""weight_decay"": 0.0, ""optimizer"": ""AdamW"", ""scheduler"": ""ReduceLROnPlateau(val BCE, factor .5, patience 2 checks)"", ""early_stop"": ""val AUC, check every 5 ep, patience 4 checks"", ""split_seed"": 42}",44,B3_full_s44,see protocol,B3_full_s44,"{""test_auc"": 0.8898373466601512, ""test_ap"": 0.1372509823755052, ""val_auc"": 0.8924240549212586, ""prevalence"": 0.0246382188051939}",346.9248147010803,D:\FOREST FIRE MAPPING(INDIA)\results\cdr_pino\unified\ckpt_B3_full_s44.pt,results/cdr_pino/unified/pred_B3_full_s44.npz,complete,
CDR_B3orig_nophys_s42,2026-09-24,CDR-PINO unified B3orig,,cdr_pinn_monthly_stacks.npz,7 CDR covariates,cd1d298,CDR-PINO/nophys,"FNO2d width32 L4 modes16x16 + D/v/rho heads; 1,054,613 params","{""window"": 24, ""epochs"": 80, ""width"": 32, ""layers"": 4, ""modes"": 16, ""lr"": 0.001, ""weight_decay"": 0.0, ""optimizer"": ""AdamW"", ""scheduler"": ""ReduceLROnPlateau(val BCE, factor .5, patience 2 checks)"", ""early_stop"": ""val AUC, check every 5 ep, patience 4 checks"", ""split_seed"": 42}",42,B3orig_nophys_s42,see protocol,B3orig_nophys_s42,"{""test_auc"": 0.9051291179819642, ""test_ap"": 0.1562913618483873, ""val_auc"": 0.9072469046282268, ""prevalence"": 0.0246382188051939}",143.874196767807,D:\FOREST FIRE MAPPING(INDIA)\results\cdr_pino\unified\ckpt_B3orig_nophys_s42.pt,results/cdr_pino/unified/pred_B3orig_nophys_s42.npz,complete,
CDR_B3orig_nophys_s43,2026-09-24,CDR-PINO unified B3orig,,cdr_pinn_monthly_stacks.npz,7 CDR covariates,cd1d298,CDR-PINO/nophys,"FNO2d width32 L4 modes16x16 + D/v/rho heads; 1,054,613 params","{""window"": 24, ""epochs"": 80, ""width"": 32, ""layers"": 4, ""modes"": 16, ""lr"": 0.001, ""weight_decay"": 0.0, ""optimizer"": ""AdamW"", ""scheduler"": ""ReduceLROnPlateau(val BCE, factor .5, patience 2 checks)"", ""early_stop"": ""val AUC, check every 5 ep, patience 4 checks"", ""split_seed"": 42}",43,B3orig_nophys_s43,see protocol,B3orig_nophys_s43,"{""test_auc"": 0.9047277945300106, ""test_ap"": 0.15567861941599495, ""val_auc"": 0.9070647311994023, ""prevalence"": 0.0246382188051939}",146.13745021820068,D:\FOREST FIRE MAPPING(INDIA)\results\cdr_pino\unified\ckpt_B3orig_nophys_s43.pt,results/cdr_pino/unified/pred_B3orig_nophys_s43.npz,complete,
CDR_B3orig_nophys_s44,2026-09-24,CDR-PINO unified B3orig,,cdr_pinn_monthly_stacks.npz,7 CDR covariates,cd1d298,CDR-PINO/nophys,"FNO2d width32 L4 modes16x16 + D/v/rho heads; 1,054,613 params","{""window"": 24, ""epochs"": 80, ""width"": 32, ""layers"": 4, ""modes"": 16, ""lr"": 0.001, ""weight_decay"": 0.0, ""optimizer"": ""AdamW"", ""scheduler"": ""ReduceLROnPlateau(val BCE, factor .5, patience 2 checks)"", ""early_stop"": ""val AUC, check every 5 ep, patience 4 checks"", ""split_seed"": 42}",44,B3orig_nophys_s44,see protocol,B3orig_nophys_s44,"{""test_auc"": 0.9035631536712847, ""test_ap"": 0.15189403806242313, ""val_auc"": 0.9058047885979945, ""prevalence"": 0.0246382188051939}",145.95661330223083,D:\FOREST FIRE MAPPING(INDIA)\results\cdr_pino\unified\ckpt_B3orig_nophys_s44.pt,results/cdr_pino/unified/pred_B3orig_nophys_s44.npz,complete,
CDR_B3orig_full_s42,2026-09-24,CDR-PINO unified B3orig,,cdr_pinn_monthly_stacks.npz,7 CDR covariates,cd1d298,CDR-PINO/full,"FNO2d width32 L4 modes16x16 + D/v/rho heads; 1,054,613 params","{""window"": 24, ""epochs"": 80, ""width"": 32, ""layers"": 4, ""modes"": 16, ""lr"": 0.001, ""weight_decay"": 0.0, ""optimizer"": ""AdamW"", ""scheduler"": ""ReduceLROnPlateau(val BCE, factor .5, patience 2 checks)"", ""early_stop"": ""val AUC, check every 5 ep, patience 4 checks"", ""split_seed"": 42}",42,B3orig_full_s42,see protocol,B3orig_full_s42,"{""test_auc"": 0.8968202251980062, ""test_ap"": 0.14603321516033643, ""val_auc"": 0.8996998469444859, ""prevalence"": 0.0246382188051939}",332.92179346084595,D:\FOREST FIRE MAPPING(INDIA)\results\cdr_pino\unified\ckpt_B3orig_full_s42.pt,results/cdr_pino/unified/pred_B3orig_full_s42.npz,complete,
CDR_B3orig_full_s43,2026-09-24,CDR-PINO unified B3orig,,cdr_pinn_monthly_stacks.npz,7 CDR covariates,cd1d298,CDR-PINO/full,"FNO2d width32 L4 modes16x16 + D/v/rho heads; 1,054,613 params","{""window"": 24, ""epochs"": 80, ""width"": 32, ""layers"": 4, ""modes"": 16, ""lr"": 0.001, ""weight_decay"": 0.0, ""optimizer"": ""AdamW"", ""scheduler"": ""ReduceLROnPlateau(val BCE, factor .5, patience 2 checks)"", ""early_stop"": ""val AUC, check every 5 ep, patience 4 checks"", ""split_seed"": 42}",43,B3orig_full_s43,see protocol,B3orig_full_s43,"{""test_auc"": 0.8962478680832142, ""test_ap"": 0.14296041837192, ""val_auc"": 0.9000139740861596, ""prevalence"": 0.0246382188051939}",330.56616473197937,D:\FOREST FIRE MAPPING(INDIA)\results\cdr_pino\unified\ckpt_B3orig_full_s43.pt,results/cdr_pino/unified/pred_B3orig_full_s43.npz,complete,
CDR_B3orig_full_s44,2026-09-24,CDR-PINO unified B3orig,,cdr_pinn_monthly_stacks.npz,7 CDR covariates,cd1d298,CDR-PINO/full,"FNO2d width32 L4 modes16x16 + D/v/rho heads; 1,054,613 params","{""window"": 24, ""epochs"": 80, ""width"": 32, ""layers"": 4, ""modes"": 16, ""lr"": 0.001, ""weight_decay"": 0.0, ""optimizer"": ""AdamW"", ""scheduler"": ""ReduceLROnPlateau(val BCE, factor .5, patience 2 checks)"", ""early_stop"": ""val AUC, check every 5 ep, patience 4 checks"", ""split_seed"": 42}",44,B3orig_full_s44,see protocol,B3orig_full_s44,"{""test_auc"": 0.8891171912155551, ""test_ap"": 0.13735276288121756, ""val_auc"": 0.8925583613357319, ""prevalence"": 0.0246382188051939}",270.6737439632416,D:\FOREST FIRE MAPPING(INDIA)\results\cdr_pino\unified\ckpt_B3orig_full_s44.pt,results/cdr_pino/unified/pred_B3orig_full_s44.npz,complete,
REPRO_B1_fold0_physics_seed42,,historical CDR reproduction,,,,,CDR-PINN historical,,,42,,,,"{""roc_auc"": 0.7767835265347464, ""ap"": 0.7084052061162558}",211.4771671295166,,,complete (bit-exact),
REPRO_B1_fold1_physics_seed42,,historical CDR reproduction,,,,,CDR-PINN historical,,,42,,,,"{""roc_auc"": 0.7395236313910025, ""ap"": 0.5938532866633723}",194.99284029006958,,,complete (bit-exact),
REPRO_B1_fold2_physics_seed42,,historical CDR reproduction,,,,,CDR-PINN historical,,,42,,,,"{""roc_auc"": 0.736804725173779, ""ap"": 0.6979529278437205}",211.33139538764954,,,complete (bit-exact),
REPRO_B2_region0_physics_seed42,,historical CDR reproduction,,,,,CDR-PINN historical,,,42,,,,"{""roc_auc"": 0.5386532348867565, ""ap"": 0.30471360568728734}",200.56549501419067,,,complete (bit-exact),
REPRO_B2_region1_physics_seed42,,historical CDR reproduction,,,,,CDR-PINN historical,,,42,,,,"{""roc_auc"": 0.6804575990933814, ""ap"": 0.6335207786323478}",205.07317876815796,,,complete (bit-exact),
REPRO_B2_region2_physics_seed42,,historical CDR reproduction,,,,,CDR-PINN historical,,,42,,,,"{""roc_auc"": 0.5505765227013194, ""ap"": 0.4621932874815533}",203.5967857837677,,,complete (bit-exact),
REPRO_B2_region3_physics_seed42,,historical CDR reproduction,,,,,CDR-PINN historical,,,42,,,,"{""roc_auc"": 0.7300811485642946, ""ap"": 0.8143359234179979}",211.06461143493652,,,complete (bit-exact),
REPRO_B2_region4_physics_seed42,,historical CDR reproduction,,,,,CDR-PINN historical,,,42,,,,"{""roc_auc"": 0.6156660904424949, ""ap"": 0.3448936211562314}",209.0508577823639,,,complete (bit-exact),
REPRO_B2_region5_physics_seed42,,historical CDR reproduction,,,,,CDR-PINN historical,,,42,,,,"{""roc_auc"": 0.5970451742582075, ""ap"": 0.5664279305575597}",210.83668112754822,,,complete (bit-exact),
REPRO_B3_leave_years_out_physics_seed42,,historical CDR reproduction,,,,,CDR-PINN historical,,,42,,,,"{""roc_auc"": 0.896026942505993, ""ap"": 0.14450589421772192}",337.39781975746155,,,complete (bit-exact),
