cell,prob
2025,1.3062149926135191e-06
2026,3.8636279631187875e-07
2027,1.9792855122657826e-05
2028,2.6142201186019065e-06
2029,0.00012993646409298343
3020,1.629824719628914e-09
3021,2.9145498081639687e-07
3022,1.1145998675132773e-06
3023,2.015072111327676e-05
3024,1.1244990563819002e-05
3025,1.0629967833741816e-05
3026,2.753421255019539e-05
3027,2.52644352105591e-08
3028,3.764221156998815e-10
3029,1.5289668164886194e-07
3030,3.70128932568603e-05
3031,2.075370333698423e-06
4019,9.998293859503349e-09
4020,6.903997764595715e-07
4021,2.884922879364815e-06
4022,4.0502476542303434e-05
4023,2.461515041685125e-05
4024,0.00013519929239858008
4025,3.9967600896639865e-06
4026,1.1271334532381161e-08
4027,1.2043537779615754e-05
4028,9.493561492490699e-11
4029,4.71691652403905e-09
4030,3.78972874470751e-06
4031,6.950670982108775e-07
4032,1.885538298607159e-06
5018,0.00011096388651610223
5019,2.6149156856503097e-06
5020,8.369460379820115e-05
5021,0.0006667550372679854
5022,0.012081783880805053
5023,0.00928637094678908
5024,0.0082460920955304
5025,0.0003683028733840743
5026,0.002245901488216351
5027,1.2571186758236763e-08
5028,1.1348299355784519e-07
5029,7.83523435021749e-09
5030,1.323887655058087e-08
5031,4.2057360150060674e-08
5032,3.3635440899182356e-07
5033,7.811669768820195e-07
5034,1.490092058731296e-05
6018,6.1437545532117e-06
6019,2.6256582659200944e-05
6020,0.03465805920372922
6021,0.4049313075946984
6022,0.9997894408721518
6023,0.9999931104522635
6024,0.16631346763348265
6025,0.4387906621222666
6026,0.062043501389930755
6027,3.560407080049899e-06
6028,9.948147885330272e-05
6029,0.006872805737112131
6030,4.7069639733665625e-06
6031,4.991966688905336e-07
6032,1.3084749506120374e-08
6033,3.674219817284552e-10
6034,1.3687573297005429e-09
6045,1.3375310858876333e-09
7021,0.8840081110633426
7022,1.0
7023,1.0
7024,0.7830346389283214
7025,0.9988570853085231
7026,0.9780327592044574
7027,0.008838289745571437
7028,0.15191743164506966
7029,0.012139186543087543
7030,7.357932760254648e-05
7031,4.2325117696639936e-05
7032,3.4202766319157973e-07
7033,1.876774213815935e-08
7034,9.380363152899918e-11
7035,2.224868067557395e-10
7036,2.2312723890749453e-09
7037,1.267593914278109e-07
7041,2.6924525942106925e-09
7042,4.37444747092286e-10
7043,9.80798331440269e-10
7044,2.3445123620291497e-09
7045,3.1047969462072444e-07
7046,7.907018061414917e-07
8023,1.0
8024,0.9963027542582046
8025,0.5043512743812868
8026,0.061197178566619326
8027,0.1617736985719893
8028,0.00041543998239823576
8029,0.013156715228613614
8030,0.011100400741381855
8031,0.0003116706988787188
8032,0.00011948404652817324
8033,0.0029818130001089127
8034,0.0027609015361118594
8035,1.1582338059756836e-06
8036,2.6777672359479254e-06
8037,3.245474111679414e-09
8038,1.6384372258926305e-07
8039,1.4397006919963928e-09
8040,8.20196133233253e-11
8041,7.406631974404831e-10
8042,2.2033233237905847e-08
8043,5.3334568761442824e-08
8044,3.052981735196525e-07
8045,2.6463974290846792e-06
8046,0.0007786099505927568
8047,0.0028555139716220923
8048,0.018764639777726466
9024,0.8912409748984923
9025,0.246202411705567
9026,0.019150120586421515
9027,0.18255945982054844
9028,0.07623842230436806
9029,0.011488634657666918
9030,0.005636859597608956
9031,1.7272305236848418e-05
9032,0.0014725088501515993
9033,0.0004008254118190724
9034,0.05400196689075343
9035,0.22131002009952938
9036,0.002424249085921648
9037,0.0030088381075172865
9038,1.5497203213254984e-05
9039,2.2981207085104316e-06
9040,4.795544973346111e-07
9041,8.6917624209093e-09
9042,8.450247312996595e-08
9043,1.7064330315452736e-07
9044,2.5726456187591396e-08
9045,1.2412652172777427e-07
9046,2.4066565608160673e-06
9047,0.0024662697575800197
9048,0.038498216814539354
10024,1.0
10025,1.0
10026,0.999999985926827
10027,1.0
10028,0.9596127241355848
10029,0.04968655638561381
10030,0.060071435653758165
10031,0.012959492802570471
10032,0.0403062801755939
10033,0.04964678128620281
10034,0.09305756430670864
10035,0.14788636108904396
10036,0.022066144906311647
10037,0.0007611208005579018
10038,0.00010643066190241246
10039,1.6455306279805626e-06
10040,2.873341075071423e-07
10041,3.009612137283568e-08
10042,9.49620937440443e-09
10043,3.0491476010752194e-09
10044,7.59348139922622e-12
10045,2.438105273228075e-11
10046,4.542072384872142e-09
10047,1.320040870722572e-06
11022,1.0
11023,1.0
11024,1.0
11025,1.0
11026,1.0
11027,1.0
11028,0.9999974121229782
11029,0.5694171342304715
11030,0.06021834665097947
11031,0.13327183253979813
11032,0.01508113997120586
11033,0.008651120406226509
11034,0.007125387302807318
11035,0.00403507433199457
11036,0.0010778498325073604
11037,0.0002042510052142621
11038,0.0006815938597822813
11039,7.082532318136714e-05
11040,3.51646681309159e-05
11041,8.863985534457441e-08
11042,8.668148421264732e-10
11043,1.3433510970273232e-09
11044,7.880451846631331e-11
11045,2.13941975246712e-10
11046,4.908528028479964e-10
12022,1.0
12023,1.0
12024,1.0
12025,1.0
12026,1.0
12027,1.0
12028,1.0
12029,0.9999999999981544
12030,0.1893828566270589
12031,0.20435351593511297
12032,0.024893619549928747
12033,0.0013043910858245855
12034,0.0003916950555682419
12035,0.00031598359582762914
12036,0.0008751438892610208
12037,0.003267343665233402
12038,0.002266792704892273
12039,0.00012638266966635836
12040,0.00018782407774220466
12041,3.3295188958226696e-05
12042,1.0960524710057484e-08
12043,2.5057811381401507e-10
12044,8.163182352305398e-10
12045,2.7420034021119477e-09
13022,1.0
13023,1.0
13024,1.0
13025,1.0
13026,0.9676465463082392
13027,1.0
13028,1.0
13029,1.0
13030,0.26099067668017817
13031,0.11306087756774852
13032,0.04526752655561661
13033,0.00789706706887694
13034,0.0020706031462973673
13035,0.012628834302790826
13036,0.002492394802802389
13037,0.00022244537954330124
13038,0.0005046329617940382
13039,0.003367231753369726
13040,6.808016627968261e-05
13041,5.386100202031674e-05
13042,4.502254231431024e-06
13043,5.6541806681131845e-08
13044,2.615788474713554e-09
13045,5.740905528739404e-10
14022,1.0
14023,1.0
14024,1.0
14025,1.0
14026,1.0
14027,1.0
14028,1.0
14029,1.0
14030,0.9997607384584525
14031,0.4027443704166932
14032,0.0248083764350302
14033,0.02256585023278912
14034,0.003117613947735687
14035,0.005787581240554562
14036,0.0034925963153950024
14037,4.651189199222916e-05
14038,0.00037376516573028873
14039,0.0011487136718042468
14040,0.00022912670431762816
14041,2.135256422031162e-05
14042,7.446795024401709e-06
14043,5.2327367772164735e-08
15022,1.0
15023,1.0
15024,1.0
15025,1.0
15026,1.0
15027,1.0
15028,1.0
15029,1.0
15030,1.0
15031,0.9999999998296767
15032,0.022199478423497454
15033,0.01888151891908929
15034,0.012578995456197228
15035,0.0009733513203212807
15036,0.003957369086964091
15037,0.0017390759838978864
15038,7.660994952896072e-05
15039,8.750957813186133e-05
15040,0.0009317614143725672
15041,0.000343550125225911
15042,1.369857067223812e-06
15043,7.387984598539177e-06
16022,1.0
16023,1.0
16024,1.0
16025,1.0
16026,1.0
16027,1.0
16028,1.0
16029,1.0
16030,1.0
16031,1.0
16032,1.0
16033,0.9999998566122605
16034,0.004934672435037091
16035,0.006612420607642555
16036,0.00020588926747444614
16037,0.0011273831412358382
16038,0.0001595848046037629
16039,1.1449531038820737e-05
16040,1.3280067849175126e-05
16041,2.4125535776131635e-05
16042,2.5206183788095693e-05
16043,4.349160065864055e-06
17023,1.0
17024,1.0
17025,1.0
17026,1.0
17027,1.0
17028,1.0
17029,1.0
17030,1.0
17031,1.0
17032,1.0
17033,1.0
17034,0.03295686999314762
17035,0.001899587441990036
17036,0.0037421292538495354
17037,0.0005288402602798836
17038,0.00042358796752961503
17039,1.1647650693946687e-05
17040,1.80647390485289e-05
17041,1.3026870379184707e-05
17042,9.861086514018069e-08
17043,5.790151068607585e-07
17044,3.4006904003902605e-07
18025,1.0
18026,1.0
18027,1.0
18028,1.0
18029,1.0
18030,1.0
18031,1.0
18032,1.0
18033,1.0
18034,0.9999320301594827
18035,0.004280339356765528
18036,0.014250417116667857
18037,0.036227276995131175
18038,0.0007223564615292943
18039,8.779599917407843e-05
18040,8.291018076977963e-06
18041,1.019278497382814e-06
18042,3.022952930198386e-07
18043,1.054946552336844e-08
18044,3.922786874221984e-07
18045,2.8818511577100026e-08
19027,0.9999304675348838
19028,1.0
19029,1.0
19030,1.0
19031,1.0
19032,1.0
19033,1.0
19034,1.0
19035,0.9695316268897737
19036,0.13959796523039336
19037,0.0236876101703255
19038,0.006674153395386795
19039,0.0006350979746470031
19040,4.315444368696575e-05
19041,1.6287384306812314e-06
19043,1.2501513357854321e-07
19044,3.281255402942662e-07
19045,6.977754398729274e-07
20029,0.7623578416282373
20030,1.0
20031,1.0
20032,1.0
20033,1.0
20034,1.0
20035,1.0
20036,1.0
20037,0.4039032131183108
20038,0.05478466356943368
20039,0.001517903637292095
20040,0.0005027005098149351
20041,1.876548084112084e-05
21029,0.16774650907236432
21030,0.517112736647038
21031,1.0
21032,1.0
21033,1.0
21034,1.0
21035,1.0
21036,1.0
21037,0.9999999999969695
21038,0.02386086152609901
21039,0.0014067333008798144
21040,0.0009595950288842081
21041,0.0005244389536386285
21042,7.10819093476811e-05
22027,0.08334933763747288
22028,0.18308021355824833
22029,0.33656474907496714
22030,0.35729978013631825
22031,1.0
22032,1.0
22033,1.0
22034,1.0
22035,1.0
22036,1.0
22037,1.0
22038,0.9832402241864827
22039,0.00412852913318551
22040,0.004572342758165204
22041,0.006107918585349537
22042,0.00204725650524451
23026,0.06209378755176098
23027,0.10410398548780431
23028,0.0594191396624838
23029,0.0643783071530043
23030,0.3442880010990429
23031,0.9999988173073278
23032,1.0
23033,1.0
23034,1.0
23035,1.0
23036,1.0
23037,1.0
23038,1.0
23039,1.0
23040,0.9999999999827861
23041,0.7930680474454893
23042,0.039725122907043
24026,0.012769897085140758
24027,0.017572676396035103
24028,0.02519878702694134
24029,0.03375005400507991
24030,0.02540551585607509
24031,0.04202644509869491
24032,0.9991924829073815
24033,1.0
24034,1.0
24035,1.0
24036,1.0
24037,1.0
24038,1.0
24039,1.0
24040,1.0
24041,0.9998525505104239
24042,0.016976232302494232
24044,0.00041279223212142835
25026,0.0063564637865638485
25027,0.01737271090973147
25028,0.009640140483448967
25029,0.013077687976312924
25030,0.011900528070681649
25031,0.023927196050033572
25032,0.045206611017007625
25033,0.9890321040906586
25034,1.0
25035,1.0
25036,1.0
25037,1.0
25038,1.0
25039,1.0
25040,1.0
25041,1.0
25042,0.9472366959312214
25043,0.9999999999731786
25044,0.0010131559172150695
26026,0.01695095901015231
26027,0.04233212079503346
26028,0.026857488977351074
26029,0.014332372778009805
26030,0.01464291563172071
26031,0.02243040782981609
26032,0.04434664307635883
26033,0.17741375591184205
26034,0.999999708685483
26035,1.0
26036,1.0
26037,1.0
26038,1.0
26039,1.0
26040,1.0
26041,1.0
26042,1.0
26043,0.9999997236624115
26044,0.005978786655772006
26045,0.013734511448920128
26046,0.0042796382427581214
26047,0.0001579154479610656
27025,0.011755468204772579
27026,0.01666007638845879
27027,0.01179831622740457
27028,0.020966310730865412
27029,0.04357453460420191
27030,0.06882607917325201
27031,0.02397320521897639
27032,0.053641823844139846
27033,0.03148937948484798
27034,0.09304283999745477
27035,0.8138789638555362
27036,1.0
27037,1.0
27038,1.0
27039,1.0
27040,1.0
27041,1.0
27042,1.0
27043,1.0
27044,1.0
27045,1.0
27046,1.0
27047,0.9999999930714218
27048,0.0006187643456017078
28024,0.006039220593867745
28025,0.008906782871696106
28026,0.007992714056670347
28027,0.007817507321927986
28028,0.008259064493110535
28029,0.013886638535397067
28030,0.020847373028162752
28031,0.019954834797335508
28032,0.028471532267367317
28033,0.013504144781401384
28034,0.02026773787015068
28035,0.13129896265079766
28036,0.35557990680126406
28037,1.0
28038,1.0
28039,1.0
28040,1.0
28041,1.0
28042,1.0
28043,1.0
28044,1.0
28045,1.0
28046,1.0
28047,0.030060352911930432
28048,0.4201427403637761
28049,0.042758397430937345
28050,0.0385920688268927
29023,0.002860196687193617
29024,0.004161685883345534
29025,0.003390383563810828
29026,0.004178138807262477
29027,0.0035410889330697026
29028,0.005940599295108262
29029,0.020323378146664628
29030,0.013795405124979787
29031,0.01176108142077259
29032,0.01952874343402078
29033,0.02094161252190152
29034,0.018241802883840585
29035,0.02231825478927807
29036,0.05539132287695714
29037,0.10619702820028853
29038,0.4096754599555853
29039,1.0
29040,1.0
29041,1.0
29042,1.0
29043,1.0
29044,1.0
29045,1.0
29046,1.0
29047,1.0
29048,1.0
29049,1.0
29050,1.0
30022,0.001522309557345558
30023,0.002211672491698513
30024,0.000795115651517686
30025,0.002186036974954786
30026,0.003186438364550903
30027,0.004859240638309004
30028,0.010727052423365135
30029,0.018888184582959378
30030,0.011339397159857989
30031,0.007602916155229789
30032,0.010305778879744598
30033,0.007536199835562418
30034,0.005886029620432165
30035,0.007164643259437886
30036,0.021759264399881517
30037,0.13120978693824836
30038,0.22285397708923926
30039,0.1581331322201711
30040,0.9999889640030186
30041,1.0
30042,1.0
30043,1.0
30044,1.0
30045,1.0
30046,1.0
30047,1.0
30048,1.0
30049,1.0
31021,0.00025593936155832164
31022,0.0008454878438904911
31023,0.0004708247344124006
31024,0.001831740307002394
31025,0.001929544699317609
31026,0.003449870111895126
31027,0.004968881518477519
31028,0.00426969477285899
31029,0.007994917887877762
31030,0.0067315446524714995
31031,0.005003726528920449
31032,0.004786637882577605
31033,0.005305162903240346
31034,0.0061713299489805085
31035,0.005541773735801225
31036,0.016590770602803673
31037,0.03252768564567243
31038,0.057511744458720315
31039,0.09598452922016043
31040,0.058349403317886295
31041,0.26070818752120695
31042,1.0
31043,1.0
31044,1.0
31045,1.0
31046,1.0
31047,1.0
31048,1.0
31049,1.0
32021,0.0003512901950943892
32022,0.0006658174160081298
32023,0.0007722166080063042
32024,0.0013861022035078774
32025,0.002439311082078177
32026,0.001575035042749695
32027,0.0024377511571980204
32028,0.006519801376924095
32029,0.005109980297235528
32030,0.005010139451443352
32031,0.0039547462771596376
32032,0.006226415327839407
32033,0.004581909504680737
32034,0.005067559625202223
32035,0.008938327294128023
32036,0.030627039263407263
32037,0.026063265897302013
32038,0.042974355780695306
32039,0.08904345594034102
32040,0.03950856623795462
32041,0.17461327929364523
32042,0.1774162798599488
32043,1.0
32044,1.0
32045,1.0
32046,1.0
32047,1.0
32048,1.0
33020,0.00037649638321868295
33021,0.0001836913985905353
33022,5.5252974479502726e-05
33023,2.5047941835998344e-05
33024,1.809822034370967e-05
33025,0.00014422600245433959
33026,5.5177333532108186e-05
33027,5.92351651405032e-05
33028,0.00027017872144352584
33029,0.00043090746613883013
33030,0.003184405149885716
33031,0.0031810274090338098
33032,0.0017957894869871094
33033,0.002029066665974355
33034,0.00259699139507219
33035,0.011128289459201968
33036,0.029023484988482284
33037,0.02293769620128805
33038,0.04118136601393918
33039,0.10846618746439496
33040,0.052682312126679065
33041,0.12219261177600826
33042,0.08198811348630142
33043,0.12209691356939256
33044,0.20836326072912414
33045,1.0
33046,1.0
33047,1.0
33048,1.0
33105,0.02246553602572887
33106,0.04107216677486025
33107,1.0
33110,0.9999999995191567
33111,1.0
33112,0.9978265351048237
34018,0.0002051323423217788
34019,7.450302608025261e-05
34020,2.572639101316998e-05
34021,1.2452780921434758e-05
34022,1.903796201863095e-05
34023,4.136048439518092e-06
34024,1.118343869210836e-05
34025,2.9409450517769997e-05
34026,5.7873593922286304e-05
34027,6.64128485076132e-05
34028,6.287336226173945e-05
34029,3.962696470205529e-05
34030,0.00042777211886091404
34031,0.0009838703714043495
34032,0.0016888952432801974
34033,0.0016105139609364771
34034,0.001729157034167761
34035,0.006285587920635383
34036,0.025779020274149578
34037,0.03726129900661612
34038,0.020859134519757183
34039,0.05862605552713396
34040,0.03497956863976892
34041,0.1390001634247724
34042,0.0558830042023819
34043,0.07081806583230066
34044,0.15266965179227343
34045,0.1841059365220501
34046,0.370156074126482
34047,0.7297376517841562
34104,0.8401849444115441
34105,0.21579028969816672
34106,1.0
34107,1.0
34108,0.8165864194072764
34109,0.04402110474958154
34110,0.666030473719414
34111,1.0
34112,1.0
34113,0.15622222603840208
35017,7.538957180752703e-07
35018,3.0218674421655933e-06
35019,5.915482263030292e-06
35020,1.116410291102099e-05
35021,3.643475920300787e-06
35022,7.221410060376243e-06
35023,6.511066885983574e-06
35024,0.00010805038354000374
35025,2.407685904981527e-06
35026,1.946213546988318e-07
35027,1.718992085342208e-07
35028,1.0826676470898633e-06
35029,6.968742810942175e-05
35030,0.0004991526824763559
35031,0.0014884269488241175
35032,0.0033028218678706756
35033,0.0059383412096194466
35034,0.004321304101769341
35035,0.008524303870159788
35036,0.07218666272352225
35037,0.05799745480856122
35038,0.02120021015736595
35039,0.033758916636697056
35040,0.03621785993826576
35041,0.12442077503884519
35042,0.08725309278423876
35043,0.08595808420193929
35044,0.09683424735774293
35045,0.10764233721144201
35046,0.12709254129551906
35047,0.36718758699775544
35048,0.9658087372957266
35049,0.29645450814095076
35050,1.0
35102,0.01763819695225599
35103,0.15395682274077716
35104,0.42463866249809235
35105,1.0
35106,1.0
35107,1.0
35108,1.0
35109,0.9997972774435112
35110,0.9934516003865802
35111,1.0
35112,1.0
35113,0.8365384412036472
36017,5.873641443221445e-07
36018,2.0695165676709593e-06
36019,9.39002768629571e-06
36020,2.124468373110311e-06
36021,5.574009476205788e-07
36022,2.000175782668201e-06
36023,4.1195443067909565e-06
36024,1.986834749279076e-06
36025,2.7178855821485826e-07
36026,2.5776045520231605e-08
36027,5.7007380482865244e-08
36028,1.1061851674654122e-06
36029,0.0004919177593100121
36030,0.0008390920208410924
36031,0.0015407536046292414
36032,0.006426972975282719
36033,0.004647311656261199
36034,0.007086881797849887
36035,0.05378412170131852
36036,0.21978323631596386
36037,0.0309481784466753
36038,0.010533208654997739
36039,0.018703429338211564
36040,0.07009172285782606
36041,0.025895234452107285
36042,0.10479057083312548
36043,0.09078967666504889
36044,0.08218647816786406
36045,0.05800926072995949
36046,0.09410776422594946
36047,0.14936415580988216
36048,0.9531876151905613
36049,0.9418007713873393
36050,0.33305427055952586
36051,0.9999999598537354
36052,0.8321206892192292
36101,0.9999949628121421
36102,1.0
36103,1.0
36104,1.0
36105,1.0
36106,1.0
36107,1.0
36108,1.0
36109,1.0
36110,1.0
36111,1.0
36112,1.0
36113,0.7749501868712976
36114,1.0
37016,8.074385187128996e-07
37017,1.6240382826326893e-06
37018,4.66833298062852e-06
37019,9.208414556427513e-07
37020,5.117448000913072e-07
37021,2.71238239102356e-06
37022,2.633875555335674e-05
37023,3.977514130615312e-06
37024,2.534749105054246e-07
37025,3.365920304698733e-07
37026,5.617938780844156e-08
37027,9.86018438009495e-08
37028,1.0673167523678195e-05
37029,0.0010612452740998979
37030,0.0019463953907922216
37031,0.0019723352842275776
37032,0.002052316597335513
37033,0.05960563341222935
37034,0.003079064357272343
37035,0.3636839585998395
37036,0.029105671765059293
37037,0.03027821562314381
37038,0.029364169855584654
37039,0.024999279034131794
37040,0.04013926355888975
37041,0.03964162116656622
37042,0.03889717568626161
37043,0.156846951713574
37044,0.06118387288008187
37045,0.060408933581759805
37046,0.07146873739567061
37047,0.07817346808655168
37048,0.3397561094426914
37049,0.38574098513827326
37050,0.2779194872852069
37051,0.19147577133875238
37052,0.30395450398601287
37053,0.8758214558789693
37099,0.13728270454037272
37100,0.9997067375381515
37101,1.0
37102,1.0
37103,1.0
37104,1.0
37105,1.0
37106,1.0
37107,1.0
37108,1.0
37109,1.0
37110,1.0
37111,1.0
37112,1.0
37113,1.0
37114,1.0
37115,0.9999990139135833
37116,0.14400950157361891
38009,8.666589168537797e-08
38010,2.7174052342759936e-06
38014,1.0783538270331405e-05
38015,1.677740755434698e-06
38016,8.361192742611934e-07
38017,3.0589054369478674e-06
38018,4.650051418364498e-07
38019,1.8904462432134395e-06
38020,3.5156338984432267e-06
38021,6.288144913546567e-06
38022,1.2276306942893278e-05
38023,3.0881662440362945e-05
38024,5.147973169972175e-07
38025,3.74001889458242e-08
38026,4.1402871464590874e-08
38027,7.981021460379267e-07
38028,0.00248120410726127
38029,0.10658189784088867
38030,0.1468245611161454
38031,0.22826762748459595
38032,0.006033159707701574
38033,0.012805758260080569
38034,0.06115998937247691
38035,0.9567013452885489
38036,0.12179856831604507
38037,0.024761715313948884
38038,0.026363430544577904
38039,0.03642117152364688
38040,0.031810989689418534
38041,0.07866947151796255
38042,0.04929693923582623
38043,0.02297135027766395
38044,0.052998952685661016
38045,0.06602143789266024
38046,0.08530125535413546
38047,0.06063683175768608
38048,0.13621941191859255
38049,0.19691405757808245
38050,0.12674388793929758
38051,0.08521587608125214
38052,0.09117620551041417
38053,0.1696589577390457
38054,0.4379465263214606
38055,0.8172895049582316
38056,0.9999999999999915
38081,0.5037748984432375
38082,0.7303773428768428
38098,0.42473318314737896
38099,0.6580167972330297
38100,1.0
38101,1.0
38102,1.0
38103,1.0
38104,1.0
38105,1.0
38106,1.0
38107,1.0
38108,1.0
38109,1.0
38110,1.0
38111,1.0
38112,1.0
38113,1.0
38114,1.0
38115,1.0
38116,0.9999985022715636
39008,1.7676180408265907e-07
39009,1.2811860772288242e-07
39010,2.3568560736375588e-07
39011,9.287871449714658e-08
39012,6.250060095025489e-07
39013,1.1948221529944902e-06
39014,1.9384199190231044e-07
39015,1.2478711548524757e-06
39016,2.280660598152906e-07
39017,1.4876393683582734e-07
39018,6.047142981913112e-07
39019,3.4279022620431476e-08
39020,5.41850808666311e-09
39021,1.2580192998434825e-08
39022,7.329639395425858e-08
39023,1.8139142787809703e-07
39024,3.4823831652763815e-06
39025,7.650279865156762e-08
39026,1.867568919511342e-07
39027,0.0006787629876978674
39028,0.33970900622796485
39029,0.9999941540627966
39030,0.004241417173983741
39031,0.7357904045085395
39032,0.14020563568455147
39033,1.0
39034,0.9999999993247897
39035,0.3032692285694427
39036,0.021505482586579916
39037,0.023050801572625845
39038,0.00832141495450589
39039,0.04058386129193847
39040,0.04760026859327471
39041,0.0482161356119829
39042,0.03113517964573953
39043,0.05809073143822252
39044,0.04155266435377447
39045,0.03932660332437432
39046,0.07142250584366494
39047,0.09450248124653415
39048,0.09685012570521312
39049,0.14644357848765321
39050,0.08732481362866429
39051,0.09908290399263342
39052,0.10689748728913273
39053,0.055455381730010966
39054,0.1751826319827977
39055,0.2600934219414208
39056,0.2202965936753365
39057,0.6715395430593154
39058,0.8898673493564182
39080,0.025454447293538074
39081,0.6655634126271839
39082,1.0
39094,1.0
39095,0.9201331381528857
39096,0.9996783354847621
39097,0.1442540145464759
39098,1.0
39099,1.0
39100,1.0
39101,1.0
39102,1.0
39103,1.0
39104,1.0
39105,1.0
39106,1.0
39107,0.9983058913064924
39108,0.20625281886372848
39109,0.999999999999653
39110,1.0
39111,1.0
39112,1.0
39113,1.0
39114,1.0
39115,0.6726439062646382
40007,4.4693245504490164e-07
40008,5.5853950242656936e-08
40009,8.977716737801344e-07
40010,4.686584794688642e-07
40011,2.560368927984058e-07
40012,4.915284014250787e-07
40013,5.504140607737185e-07
40014,2.741568929653937e-07
40015,3.9804055873560173e-07
40016,1.3009319277390574e-07
40017,8.230969339440009e-08
40018,3.538474554476423e-07
40019,4.3668110238925806e-09
40020,1.0984327891705448e-09
40021,1.6126643354041903e-09
40022,1.0027728647443723e-09
40023,3.43779715805681e-09
40024,1.4511291501762003e-08
40025,3.4267555260036886e-07
40026,3.5272365381811e-06
40027,0.020568640292982443
40028,0.09891307853507281
40029,0.012841808279175138
40030,0.006049852473452799
40031,0.025449707352906414
40032,0.9999999999291421
40033,1.0
40034,0.9821051209641453
40035,0.06503342075186014
40036,0.0499464947508097
40037,0.0067702636510735825
40038,0.027777452472635078
40039,0.07733939307188764
40040,0.12190324212881687
40041,0.03664324512830841
40042,0.03931231504056765
40043,0.03680751776121549
40044,0.05887095966860967
40045,0.06852270538868865
40046,0.052773643755996025
40047,0.1334097645964275
40048,0.09579170929107184
40049,0.16187503911228618
40050,0.15228213067987373
40051,0.12902967630796636
40052,0.11532845530093694
40053,0.04401240648041538
40054,0.09575251166538967
40055,0.13285751071921037
40056,0.20179082144328475
40057,0.14831679210300208
40058,0.3234763743234911
40059,0.29867754380512856
40060,0.36761220843206033
40061,0.5149710560262004
40062,0.9966404601153562
40063,0.8811989651079449
40064,1.0
40065,1.0
40080,1.0
40081,1.0
40082,1.0
40096,1.0
40097,1.0
40098,1.0
40099,1.0
40100,1.0
40101,1.0
40102,1.0
40103,1.0
40104,1.0
40105,1.0
40106,0.949642586642592
40107,0.17896544797736924
40108,1.0
40109,1.0
40110,1.0
40111,1.0
40112,1.0
40113,1.0
40114,1.0
40115,1.0
41006,2.9007651836110426e-10
41007,8.204438706194139e-08
41008,4.7301773375973966e-07
41009,2.1540785188900458e-07
41010,9.31184408470287e-08
41011,6.728758727980733e-08
41012,7.766133669484532e-08
41013,8.217208956606825e-07
41014,1.750674643807848e-06
41015,2.414707960252116e-07
41016,1.6661131932993456e-06
41017,3.0715421361904305e-06
41018,2.002678124335411e-06
41019,3.254860470036647e-08
41020,2.7203584274104742e-08
41021,2.1273004802147e-08
41022,2.347609895370084e-08
41023,3.084368954686667e-07
41024,1.1047900730920546e-06
41025,2.787529297387792e-07
41026,0.00016306170278257426
41027,0.007867521749690853
41028,0.00055576494737275
41029,0.0003765255966843295
41030,0.045227939679682416
41031,0.19369969459489456
41032,0.7667774829600389
41033,0.9532357557324636
41034,0.07201659453344178
41035,0.021529664331585985
41036,0.017335216962178546
41037,0.007567412556221398
41038,0.02302907575216906
41039,0.1530417022329157
41040,0.058919318711134094
41041,0.035643473203472276
41042,0.06066766142651314
41043,0.026693231354032565
41044,0.023339704228256708
41045,0.07399195594460994
41046,0.06632384984565642
41047,0.04938447183941552
41048,0.14180497166206607
41049,0.11925759990205786
41050,0.1785188137873125
41051,0.1512144481393336
41052,0.07820765742881286
41053,0.04044889063988644
41054,0.045409150936285836
41055,0.08189935889722133
41056,0.13218576780347158
41057,0.21985953327252983
41058,0.1821765395228493
41059,0.19939633791873346
41060,0.15657151369422329
41061,0.5384132668786592
41062,0.29059255472160284
41063,0.14910811837828275
41064,0.08559626396913245
41065,0.1523429074763104
41066,0.2288859843711547
41080,1.0
41081,1.0
41082,1.0
41096,1.0
41097,1.0
41098,1.0
41099,1.0
41100,1.0
41101,1.0
41102,1.0
41103,1.0
41104,1.0
41105,0.9999999999594883
41106,0.7107993143366002
41107,1.0
41108,1.0
41109,1.0
41110,1.0
41111,1.0
42006,8.118949956781307e-12
42007,3.44392851792108e-07
42008,1.277188303228094e-06
42009,1.7566583254691182e-07
42010,6.418965836640922e-08
42011,5.034656616054178e-07
42012,1.209951906444573e-07
42013,6.124848395128168e-08
42014,4.2672267053234236e-08
42015,1.203035023822352e-07
42016,1.3645409600027136e-06
42017,2.604548432594278e-06
42018,3.637180462257028e-06
42019,1.2532441246548842e-05
42020,4.168656400083126e-05
42021,2.6620671915722482e-06
42022,4.861406319389694e-06
42023,1.4491414767170419e-05
42024,7.307576436632601e-06
42025,0.0003132857722749627
42026,0.030538686175469287
42027,6.629054762630204e-05
42028,3.788907446644618e-05
42029,0.00020912604014389213
42030,0.0025334812873947232
42031,0.021530869277989084
42032,0.0074705231602794075
42033,0.0005080303095128524
42034,0.17231892928183
42035,0.04820196273078026
42036,0.11706600322501148
42037,0.028106519538932506
42038,0.011047430020354243
42039,0.0226470956228374
42040,0.04093313281665634
42041,0.12566851509813526
42042,0.09748377851901535
42043,0.0491298422928641
42044,0.04955220752866263
42045,0.057503826792061896
42046,0.0719862696171546
42047,0.08313226170931032
42048,0.07277874104181059
42049,0.13766371415994394
42050,0.11415257896258979
42051,0.10605911359383902
42052,0.06199627773998451
42053,0.08463683902869479
42054,0.04688285992340102
42055,0.050835657501790865
42056,0.0342771276638556
42057,0.08435234885555909
42058,0.09220896882258367
42059,0.12288744364366089
42060,0.08133367307589612
42061,0.1546993004938999
42062,0.14993731463147586
42063,0.08751581813420084
42064,0.07129112335607324
42065,0.1091957197125144
42066,0.14533345072040404
42067,0.14163629178686132
42081,1.0
42082,1.0
42083,1.0
42089,1.0
42095,1.0
42096,1.0
42097,1.0
42098,1.0
42099,1.0
42100,1.0
42101,1.0
42102,1.0
42103,0.7115334778763589
42104,0.8087591616345255
42105,0.9715168285830396
42106,0.9999999999999928
42107,1.0
42108,1.0
42109,1.0
42110,1.0
43007,2.0146425971923065e-08
43008,7.528390078004321e-08
43009,4.9896218934364356e-08
43010,2.49625061732317e-07
43011,9.135569816187683e-07
43012,1.326183157734917e-07
43013,5.266335145748258e-10
43014,4.2847969616843784e-10
43015,1.8435142301598262e-10
43016,6.475627183366583e-07
43017,8.029998173619823e-06
43018,1.531039188307215e-05
43019,2.470919747643574e-05
43020,2.2399788848326274e-05
43021,6.144485584302917e-05
43022,6.824888971512788e-05
43023,0.0001939208044700047
43024,0.011875089362235247
43025,0.009673968693039159
43026,0.024427742675382613
43027,0.00015738458396918897
43028,1.7079261781738353e-05
43029,2.2893302556115103e-05
43030,4.6490179694713696e-05
43031,9.358193590447428e-05
43032,0.0002995059147182788
43033,0.3732973030394606
43034,0.0021747496243839093
43035,0.005158766121745262
43036,0.11317464834262392
43037,0.009411651988536218
43038,0.02092021520531895
43039,0.020568223805647268
43040,0.03634028375992304
43041,0.03205098794508987
43042,0.018703963737924822
43043,0.04193561974155724
43044,0.14673685371567669
43045,0.10364047930528297
43046,0.0703830416126624
43047,0.048971765332407324
43048,0.03419078467009029
43049,0.0639039201734739
43050,0.07935742835743997
43051,0.06913451759246403
43052,0.04586092978251932
43053,0.0813135857766788
43054,0.15434338507020084
43055,0.24604346256004261
43056,0.16565114456357266
43057,0.048808130518044224
43058,0.04662866624384698
43059,0.06735782105306254
43060,0.10923984865997927
43061,0.08919790675072059
43062,0.13526091407838525
43063,0.14067891108091024
43064,0.11292307900587162
43065,0.037759884552356904
43066,0.13651702303621316
43067,0.06453300669867823
43068,0.11279461829115889
43069,0.07449744756274868
43070,0.048602563101960206
43072,0.03965703936734866
43081,0.978680145928023
43082,0.6037461234287373
43083,0.2184377811942142
43084,0.9856581390881072
43085,1.0
43086,1.0
43087,1.0
43088,1.0
43089,1.0
43090,1.0
43091,1.0
43092,1.0
43093,0.9802998361798302
43094,0.6165692908451208
43095,0.7684260899598785
43096,0.678107749333293
43097,0.181032658068365
43098,0.1385614966414097
43099,0.5577514859944694
43100,1.0
43101,1.0
43102,1.0
43103,0.9999999999999755
43104,1.0
43105,1.0
43106,1.0
43107,1.0
43108,1.0
44009,4.4799952125806897e-07
44010,7.960777507198813e-07
44011,9.37343869189533e-09
44012,1.2818377470580344e-09
44013,3.885661792324413e-10
44014,9.129280664765815e-10
44015,2.419408007270363e-10
44016,4.966123701155567e-08
44017,5.778559924118909e-06
44018,1.890351966626902e-06
44019,4.41845717641387e-05
44020,2.330255840565787e-05
44021,4.526319108077992e-06
44022,3.660591931209378e-05
44023,2.6837677874480548e-05
44024,0.0014779865568705919
44025,0.00032472435544561584
44026,0.3004550003565204
44027,0.00025397783377711924
44028,3.4339060340227157e-05
44029,6.770338094974626e-05
44030,6.066098455992375e-05
44031,0.0003190839518186772
44032,0.0008716302336313486
44033,0.00042003800059187135
44034,0.012199493271790263
44035,0.48074861706407745
44036,0.2940514645152582
44037,0.0630139664407311
44038,0.03352792615681177
44039,0.04669891223129585
44040,0.04287462736692782
44041,0.008836657418890836
44042,0.0031270483090016787
44043,0.01661147802316998
44044,0.06805440921784811
44045,0.1388765914318516
44046,0.20120997610113234
44047,0.09923057118122647
44048,0.04538633744370002
44049,0.036866994860223046
44050,0.04163028906994892
44051,0.08568337102820323
44052,0.06733212873912298
44053,0.12401289057777043
44054,0.1575505537021541
44055,0.16227254757888443
44056,0.12551591173599097
44057,0.20245324159308564
44058,0.1625037412410062
44059,0.1791932602214802
44060,0.08547906337703104
44061,0.09255071219929856
44062,0.0779788622625418
44063,0.28215229593453905
44064,0.1276273949870057
44065,0.10449031423670008
44066,0.02846889635717864
44067,0.03828192810728481
44068,0.05008344277340049
44069,0.04898044053476225
44070,0.04816122020787805
44071,0.060047098015476585
44072,0.04809775418365192
44073,0.028105794563987874
44074,0.010140194578094341
44075,0.01977784783749159
44076,0.06362923220907135
44077,0.058013110547660784
44078,0.07819513613363183
44079,0.06363193848640947
44080,0.07167675546520169
44081,0.8475901436708628
44083,0.18920313282781576
44084,0.3207415559076203
44085,0.31308856413603225
44086,0.8541495077653676
44087,0.9882361183789075
44088,0.9999999945445895
44089,1.0
44090,1.0
44091,0.8768378064670251
44092,0.5484108982800326
44093,0.5297336228362692
44094,0.9725196466152519
44095,0.3151600485246465
44096,0.006040249574344236
44097,0.03754039889287797
44098,0.7013293381154158
44099,1.0
44100,1.0
44101,1.0
44102,1.0
44103,1.0
44104,1.0
44105,1.0
44106,1.0
44107,1.0
45008,4.049047652721072e-09
45009,1.7408554153774958e-08
45010,1.472699517890419e-09
45011,9.539372625155806e-10
45012,3.3591707193636466e-10
45013,3.361277922664385e-10
45014,7.589135986307838e-10
45015,1.349802516426024e-07
45016,1.5616830451037345e-06
45017,2.1105054062164896e-06
45018,2.158601844048924e-06
45019,6.022316133780237e-06
45020,8.087981921867105e-06
45021,3.86566133405708e-05
45022,0.00011350687809985605
45023,0.0013549636528333853
45024,0.005946711200511046
45025,0.0022015297422347535
45026,0.00032115053050829623
45027,8.397673400961647e-05
45028,6.474218263707865e-05
45029,0.0003239784730146855
45030,0.00018028845263184934
45031,0.0012496048025003592
45032,0.0018035276972530045
45033,0.03161726711881496
45034,0.9418579587725594
45035,0.15528210080625093
45036,0.4349878029794797
45037,0.1890706107465704
45038,0.18954545664455602
45039,0.2449005861798923
45040,0.4176521653211418
45041,0.2118258868554188
45042,0.10165455462853723
45043,0.05026656435244636
45044,0.07393254917841674
45045,0.03990296155793793
45046,0.05630079323170056
45047,0.09738322832828017
45048,0.11906208453721301
45049,0.09943869848427112
45050,0.046622173096544706
45051,0.06460515106299358
45052,0.10723910056723385
45053,0.12613602882235886
45054,0.16369346819413266
45055,0.23183366081509083
45056,0.15450863139368332
45057,0.17449663593707299
45058,0.13405301795148994
45059,0.09938665334017416
45060,0.08372399045079959
45061,0.08258557673459821
45062,0.08078400713013789
45063,0.08894351917018894
45064,0.06057260594360481
45065,0.06824345931346354
45066,0.04265600986630913
45067,0.02333399178077611
45068,0.025777375944666003
45069,0.027649996618968053
45070,0.03163843058387683
45071,0.03209080705157574
45072,0.034456622457879504
45073,0.013085957712300256
45074,0.008335531359043524
45075,0.0404771923871825
45076,0.036927418535942946
45077,0.04032900182189536
45078,0.03651837543891068
45079,0.03438449639824559
45080,0.05428006201204383
45085,0.14246712876989476
45086,0.41172875609224235
45087,0.5648295621145596
45088,0.18061070366089904
45089,0.7645281463064082
45090,0.9999999999999883
45091,0.5801479628287765
45092,0.03549513114285607
45093,0.007542066386654889
45094,0.99999615132589
45095,1.0
45096,1.0
45097,1.0
45098,0.9884344312253062
45099,1.0
45100,1.0
45101,1.0
45102,1.0
45103,1.0
45104,1.0
45105,1.0
45106,1.0
45107,1.0
45108,1.0
46009,1.1122192056234326e-10
46010,1.3114553887305647e-10
46011,5.877347053484527e-09
46012,1.3069651512154223e-06
46013,2.029525465463422e-07
46014,1.6341221187321509e-07
46015,9.196961786583913e-07
46016,1.0038081960095369e-06
46017,8.26891801197771e-06
46018,5.559577850422492e-06
46019,3.386488969470136e-06
46020,1.0630407029754707e-05
46021,0.00030479522754611743
46022,0.0021462574899941966
46023,0.0487616735279679
46024,0.28861483613740846
46025,0.0008000622704401605
46026,9.238817628687279e-05
46027,0.00021092631039598686
46028,0.00019311436516444846
46029,0.021074037601250817
46030,0.002012403698176124
46031,0.0009510943799451166
46032,0.0028774021848105846
46033,0.8984957855194323
46034,0.03843900185856031
46035,0.5936339701884259
46036,1.0
46037,0.6126923185545009
46038,0.18603304217875372
46039,0.4849635777081457
46040,0.054381217979615704
46041,0.03305979847093832
46042,0.02523440456149917
46043,0.04648287161230602
46044,0.03839551806812691
46045,0.039462049431685964
46046,0.07341752941258894
46047,0.05530322056257664
46048,0.04119492045923723
46049,0.06494491059202334
46050,0.17980316681914454
46051,0.08741919606116444
46052,0.09095072967378603
46053,0.06477766560783471
46054,0.1377340448737825
46055,0.2595037991521397
46056,0.21146095728288472
46057,0.16184003943212832
46058,0.08356138367780208
46059,0.06470904604174377
46060,0.09998483660426505
46061,0.12975850577446002
46062,0.11437892233651248
46063,0.11885795894791062
46064,0.07855457064698723
46065,0.04509523977088081
46066,0.029650885525057236
46067,0.03437903467828274
46068,0.020201786084866558
46069,0.025625708318073648
46070,0.05979527152355446
46071,0.04382022599001756
46072,0.039067293918764734
46073,0.005544334876943391
46074,0.01828579080807924
46075,0.017504654887985693
46076,0.02696729929058783
46077,0.02695409959109274
46078,0.0204398196164306
46079,0.030500819697320547
46080,0.048108155238793415
46087,0.06802264885558629
46088,0.9999999998493346
46089,1.0
46090,1.0
46091,1.0
46092,1.0
46093,1.0
46094,1.0
46095,1.0
46096,1.0
46097,1.0
46098,1.0
46099,1.0
46100,1.0
46101,1.0
46102,1.0
46103,1.0
46104,1.0
46105,1.0
46106,1.0
46107,1.0
47011,1.1561994328612712e-07
47012,1.0391788791475065e-05
47013,1.6544383502070659e-06
47014,2.20990819654876e-06
47015,1.4502059046961335e-06
47016,1.4203452267103067e-05
47017,0.0021475770213363887
47018,3.0281749017202486e-06
47019,0.00011398680351792922
47020,0.00023459335749964616
47021,0.0027351323068112166
47022,0.03153543153516669
47023,0.4280245711687095
47024,0.0029361419124962485
47025,0.00031718244167666665
47026,0.0003283840581249642
47027,0.0003649529789634398
47028,0.0017100918272811017
47029,0.022304290539817306
47030,0.013243834234818674
47031,0.26192592892396205
47032,0.1391024581191712
47033,0.028897514388435686
47034,0.08851718996938751
47035,0.9999999561069258
47036,0.9999999999999989
47037,0.8898951717225748
47038,0.26986367613458107
47039,0.9999999718521524
47040,0.07630348688077992
47041,0.07526951868457932
47042,0.08008667426656435
47043,0.12903294462010617
47044,0.050055741056233005
47045,0.0744718359903106
47046,0.13226218385223965
47047,0.03378294744860166
47048,0.019973890753029133
47049,0.04343607150375395
47050,0.04918605691029565
47051,0.07363861040276587
47052,0.21721923437925328
47053,0.09054001331865302
47054,0.099919834883061
47055,0.13558086407596903
47056,0.12354974265478968
47057,0.08498838596163727
47058,0.07361135390998774
47059,0.08804663295866744
47060,0.098922380036785
47061,0.11077714551349671
47062,0.07220705670555716
47063,0.08939959130886188
47064,0.055002624274974155
47065,0.06163101047852437
47066,0.05479114560213394
47067,0.023612066889263983
47068,0.03320477745014094
47069,0.016743042757358162
47070,0.023891208355452
47071,0.03998617595002596
47072,0.06319449701292545
47073,0.02138263903033466
47074,0.010856509140452442
47075,0.03031623431996333
47076,0.0453870583586895
47077,0.027132158087262992
47078,0.02661652236422063
47079,0.01904247485955546
47080,0.026144987553013088
47081,0.019382350809687532
47087,0.9986127326257956
47088,1.0
47089,1.0
47090,1.0
47091,1.0
47092,1.0
47093,1.0
47094,1.0
47095,1.0
47096,1.0
47097,1.0
47098,1.0
47099,1.0
47100,1.0
47101,1.0
47102,1.0
47103,1.0
47104,1.0
47105,1.0
47106,1.0
47107,1.0
48011,1.6173163475130536e-08
48012,2.042766391374684e-06
48013,4.317251410035361e-06
48014,3.871425678592111e-06
48015,3.771028809218535e-06
48016,0.00030979481518544905
48017,0.0007865852514777893
48018,0.0008934150413283382
48019,0.000576223957049149
48020,0.010233144562346697
48021,0.02445775492678759
48022,0.8997373575400329
48023,0.2251069366783005
48024,0.0008286358052748133
48025,0.0007228940833364783
48026,0.00180507016561271
48027,0.002639428939435362
48028,0.023932060859781945
48029,0.17569224432442587
48030,0.17709843086718535
48031,0.06925123366881447
48032,0.05285229863743768
48033,0.10344055329680102
48034,0.11187436901952075
48035,0.999999999929561
48036,0.986201428735082
48037,0.9420158736261255
48038,0.26799936273061853
48039,0.9865111525426583
48040,0.27832116698805187
48041,0.22307119470896142
48042,0.34661895389506814
48043,0.4236032114693896
48044,0.03933467651417788
48045,0.1517534814236865
48046,0.21325829269876417
48047,0.07736090743433666
48048,0.017312497651970182
48049,0.11063431163790594
48050,0.18337153552207675
48051,0.09988179660678509
48052,0.13983565780597584
48053,0.1687787494241514
48054,0.12396800746940129
48055,0.10703616730346055
48056,0.15844270592089038
48057,0.21008257898008265
48058,0.10976086933970153
48059,0.09116309777940734
48060,0.06738825911059088
48061,0.12085284006491626
48062,0.13693488503148676
48063,0.16815385414403627
48064,0.23231921346087325
48065,0.24128597306288602
48066,0.10532639227878537
48067,0.08358114010417617
48068,0.06798814426860589
48069,0.06115510319387296
48070,0.03926595249744458
48071,0.02345588458199721
48072,0.035976860239412045
48073,0.013958246093693893
48074,0.02056761941069707
48075,0.005157796264148917
48076,0.004259365117274649
48077,0.007726496216262979
48078,0.004626860049534831
48079,0.014616314190768698
48080,0.0243002859322764
48081,0.018413766590158587
48082,0.006326525294637508
48083,0.0056478835997073595
48087,1.0
48088,1.0
48089,1.0
48090,1.0
48091,1.0
48092,1.0
48093,1.0
48094,1.0
48095,1.0
48096,1.0
48097,1.0
48098,1.0
48099,1.0
48100,1.0
48101,1.0
48102,1.0
48103,1.0
48104,1.0
48105,1.0
48106,1.0
49011,3.1214697049364304e-08
49012,5.203912693541035e-06
49013,1.0451964324698082e-05
49014,6.667296686524438e-06
49015,2.3146455869760274e-05
49016,0.007714014086779519
49017,0.002778873290397388
49018,0.0018506803195191823
49019,0.012809881435558834
49020,0.0017994660884766978
49021,1.0
49022,0.9999999887666845
49023,0.009360831438143258
49024,0.0010744589351209255
49025,0.0023297679652455328
49026,0.012512919659532828
49027,0.32844266576163983
49028,0.2890065068876
49029,0.1488944238524318
49030,0.08823110270824364
49031,0.029548519388254868
49032,0.0604087154337285
49033,0.050030086301986465
49034,0.04765548250156093
49035,0.9990869587160615
49036,0.5918256866209453
49037,0.1525677981489758
49038,0.10515337921196521
49039,0.4055028808901784
49040,0.4361509622155264
49041,0.6390535758003096
49042,0.7363308621294853
49043,0.4528068764558979
49044,0.20255618783795304
49045,0.4341687520141201
49046,0.5293773039862407
49047,0.09752703915863659
49048,0.061456310963729055
49049,0.4327797261148941
49050,0.9999979093400299
49051,0.9999999999999999
49052,0.8073552613367212
49053,0.19514919815453846
49054,0.0711732992144174
49055,0.25510832220797375
49056,0.2887452597273874
49057,0.2251013065016747
49058,0.2161316549926423
49059,0.20921169176113197
49060,0.5173989451487535
49061,0.5445662675886227
49062,0.23080785271036908
49063,0.5431084658025112
49064,0.37892628481419466
49065,0.22023623284917104
49066,0.2855395437829643
49067,0.14502952612103892
49068,0.17223722529123398
49069,0.26397158988092995
49070,0.125462631094567
49071,0.07121240738155143
49072,0.364314034016856
49073,1.0
49074,0.31693220345918893
49075,0.06536290175434267
49076,0.031260227484056324
49077,0.3425910520957042
49078,1.0
49079,0.005100554849805872
49080,0.025642336586068404
49081,0.025692994485852827
49097,1.0
49098,1.0
49099,1.0
49100,1.0
49101,1.0
49102,1.0
49103,1.0
49104,1.0
49105,1.0
49106,1.0
50012,9.307385804624424e-06
50013,7.77176231836485e-06
50014,2.0439337060751406e-05
50015,0.0009254969739909136
50016,0.005610573345939618
50017,0.13750136141458746
50018,0.00480415221045849
50019,0.6242997123632537
50020,0.3904623418898747
50021,0.9999999999979926
50022,0.9692455489102892
50023,0.024460211831265233
50024,0.007481273052037052
50025,0.013352449997865334
50026,0.5291653802352134
50027,0.9998406618277021
50028,0.10046207642551197
50029,0.3358398822123423
50030,0.9744851558067174
50031,0.0532142040756185
50032,0.03716373905471104
50033,0.05653135453336078
50034,0.040024934980851246
50035,0.47462988441440446
50036,0.6256912008968776
50037,0.7893783787640694
50038,0.1219961936591537
50039,0.6129002022142414
50040,0.9999999998997516
50041,0.7983510934953907
50042,0.5631474456899337
50043,0.8774913332252001
50044,0.8742992926170843
50045,0.6588430084038015
50046,0.4429876305441901
50047,0.2746428306187618
50048,0.9997291305591804
50049,1.0
50050,1.0
50051,0.9999999999999999
50052,1.0
50053,0.9999999998409987
50054,0.9744550490935123
50055,0.9981528574549102
50056,0.9999995570351048
50057,0.5235700238720449
50058,0.7330374638001873
50059,0.9111347320192935
50060,0.9999976184085945
50061,1.0
50062,1.0
50063,1.0
50064,0.5830274367725539
50065,0.14217579784236256
50066,0.18027110762386944
50067,0.17033207894762303
50068,0.2939273180400389
50069,0.8523757979119605
50070,0.3094555806605491
50071,1.0
50072,0.9968275266110854
50073,0.5091848990421545
50074,0.9169072573475499
50075,0.325073659414317
50076,0.08516035419375001
50077,1.0
50078,0.9999999999995386
50079,0.010170508375212828
50080,0.037574466458318745
50097,1.0
50098,1.0
50099,1.0
50100,1.0
50101,1.0
50102,1.0
50103,1.0
50104,1.0
50105,1.0
50106,1.0
51012,4.39560517070392e-05
51013,1.362822159201027e-05
51014,0.00030582200575923757
51015,0.04674742158612666
51016,0.035096039800532774
51017,0.0852024148696412
51018,0.999999956182314
51019,0.9999999997842418
51020,0.9999999999948146
51021,1.0
51022,0.9660311090148213
51023,0.19555667360063
51024,0.010473549376909586
51025,0.042839480683835585
51026,0.17312504671514328
51027,0.26715862074085717
51028,0.1032448389459576
51029,0.4026369247141546
51030,0.709166269952956
51031,0.04076917169056693
51032,0.07632131366063644
51033,0.664636420524622
51034,0.49404762634224064
51035,0.26476612654300347
51036,0.9891374851176615
51037,0.6874625846232914
51038,0.3909306336309274
51039,0.5353548804863513
51040,0.9999997701725769
51041,0.7732455091267832
51042,0.39539683605002873
51043,0.8642811765411589
51044,0.9517604746242739
51045,1.0
51046,1.0
51047,1.0
51048,1.0
51049,0.9024245892572832
51050,0.5972539287663003
51051,0.3524668627648174
51052,0.6715887394579452
51053,0.6493265905633259
51054,0.898618249174044
51055,0.9893619517408557
51056,0.9995919968120168
51057,0.9637634262666509
51058,0.999994124385974
51059,1.0
51060,1.0
51061,1.0
51062,1.0
51063,1.0
51064,0.5624660328429076
51065,0.9498651503562959
51066,0.9999999905818042
51067,0.23216110986441985
51068,0.3066724744221012
51069,0.9999999393136736
51070,1.0
51071,1.0
51072,0.9999999999999971
51073,0.9967785770746317
51074,0.3603017507458116
51075,0.4246281267806574
51076,0.5099700011398334
51077,1.0
51078,0.9999995083824621
51079,0.020590111486496032
51097,1.0
51098,1.0
51099,1.0
51100,1.0
51101,1.0
51102,1.0
51103,0.03974581286039469
51104,1.0
51105,1.0
52012,0.002265817553140592
52013,8.89602179237059e-05
52014,0.00036435500960940725
52015,0.04158020541044094
52016,0.026582633484809937
52017,0.41973562227111394
52018,0.9999999999985392
52019,0.9999999996125776
52020,0.999999998778578
52021,1.0
52022,0.9541113581754419
52023,0.8436331205031066
52024,0.18311365851942518
52025,0.4127781934719381
52026,0.7905805091754081
52027,0.040814138004993894
52028,0.019275037697372044
52029,0.1123331001946053
52030,0.06282732769394872
52031,0.01523283133753206
52032,0.08246179134209386
52033,0.47147169246286547
52034,0.6259710106257033
52035,0.41179337704937613
52036,0.5100105228897911
52037,0.7491263744439055
52038,0.44751483253400215
52039,0.29189278218071946
52040,0.5326644286849016
52041,0.9707024623598295
52042,0.9999990744922163
52043,0.9966198833371692
52044,0.9999999395049758
52045,1.0
52046,1.0
52047,0.8859644818454858
52048,0.49986765022422375
52049,0.9999999999981957
52050,1.0
52051,0.9890961866891533
52052,0.9999999999991095
52053,1.0
52054,1.0
52055,1.0
52056,1.0
52057,1.0
52058,1.0
52059,1.0
52060,1.0
52061,0.9999999999999976
52062,0.9999999999983756
52063,0.9986276857580113
52064,1.0
52065,1.0
52066,0.9999999929541442
52067,1.0
52068,1.0
52069,0.9979509226821212
52070,0.8666280882993104
52071,0.7281210947073299
52072,0.35788843778390356
52073,0.546321099802458
52074,0.27641090735119267
52075,0.8530510879649703
52076,0.7693808771139055
52077,0.9999999574610199
52078,0.6234471241787221
52079,0.03107711964723392
52080,0.013446413976327176
52081,0.013965682045251726
52096,1.0
52097,1.0
52098,1.0
52099,1.0
52100,1.0
52101,1.0
52102,1.0
52103,1.0
52104,1.0
53004,0.015537990421744086
53005,0.00017805132866632878
53006,6.471333656477007e-05
53007,0.0008342495017292784
53013,1.925893115739541e-05
53014,0.000587695895820195
53015,0.014062973265672296
53016,0.011710246899562016
53017,0.03758520251219222
53018,0.9833558488484271
53019,0.9999998744173348
53020,1.0
53021,1.0
53022,0.7693521233735999
53023,0.17919484410264053
53024,0.9736655670452158
53025,0.9999999425133516
53026,0.9991996970007525
53027,0.12225838876882167
53028,0.026388708312342524
53029,0.04919663811168018
53030,0.030769725203119158
53031,0.05858274487046955
53032,0.07266798236245431
53033,0.11870815464969586
53034,0.1961041431939724
53035,0.22572924241013548
53036,0.417052186258172
53037,0.9748995508891791
53038,0.6897027325286371
53039,0.1741756314859002
53040,0.30990822041568145
53041,0.4426913428464002
53042,0.9993924216678497
53043,0.999999976414051
53044,0.9581860820533687
53045,0.8554354555930069
53046,0.2926637224161841
53047,1.0
53048,1.0
53049,1.0
53050,1.0
53051,0.9999999999999999
53052,0.9999943777274388
53053,1.0
53054,1.0
53055,1.0
53056,1.0
53057,1.0
53058,0.9999999999999916
53059,0.9815603245137358
53060,1.0
53061,0.9999999229164296
53062,0.9999999999999984
53063,0.9967801205772322
53064,0.7181550035177819
53065,0.9999999999999983
53066,1.0
53067,1.0
53068,1.0
53069,0.999999999999999
53070,1.0
53071,0.840441275119545
53072,0.9976727711739434
53073,0.5391112539593124
53074,0.46798871392700947
53075,0.6415580661654964
53076,0.9839469290707096
53077,0.6673200217281471
53078,0.1945181450541641
53079,0.021227246331845473
53080,0.03326753291484297
53081,0.01926719820176903
53082,0.031097567943501492
53095,1.0
53096,1.0
53097,1.0
53098,1.0
53099,1.0
53100,1.0
53101,1.0
53102,1.0
53103,1.0
53104,1.0
54004,0.31199066705556455
54005,0.07267158664772622
54006,0.007071969421312052
54007,0.12471462091997265
54008,0.0012333788458251949
54009,0.002756445540859409
54010,0.00017617597984631583
54012,9.053223192556636e-06
54013,1.083187348693837e-05
54014,3.3758964986696505e-05
54015,0.0004795335620386698
54016,0.01166685746259033
54017,0.014396033612717685
54018,0.04411187166202857
54019,0.19259750254322827
54020,0.9998845006752347
54021,0.9999999999974886
54022,0.1512541780407506
54023,0.29413826194953774
54024,0.12798652431733093
54025,0.6420993245222644
54026,0.9983772073974471
54027,0.26344318980845394
54028,0.04687105281445669
54029,0.03351067180393097
54030,0.036741873048374396
54031,0.07623033260967738
54032,0.0678666646618643
54033,0.09428715685043187
54034,0.0723217248832062
54035,0.10590956990234612
54036,0.8978424665501223
54037,0.9999995196540903
54038,0.8760187482288808
54039,0.16258521077638244
54040,0.6929766909339873
54041,0.9827695583465483
54042,0.9962962120367881
54043,0.5454828450429419
54044,0.6205184948194971
54045,0.4042616518547265
54046,0.9999802181736727
54047,0.9999999999999937
54048,1.0
54049,0.960021075474481
54050,0.9946352564021128
54051,0.9999637070157942
54052,1.0
54053,0.9999999497093229
54054,1.0
54055,1.0
54056,1.0
54057,1.0
54058,1.0
54059,1.0
54060,1.0
54061,1.0
54062,1.0
54063,1.0
54064,1.0
54065,1.0
54066,1.0
54067,1.0
54068,1.0
54069,1.0
54070,1.0
54071,0.9999999999991044
54072,1.0
54073,1.0
54074,0.8940072995400132
54075,0.38855139186728627
54076,0.26824125965684553
54077,0.0663597226700543
54078,0.029083643549176807
54079,0.02170641043153343
54080,0.014337749816319745
54081,0.025728693886405307
54082,0.06647730144232078
54093,1.0
54094,1.0
54095,1.0
54096,1.0
54097,1.0
54098,1.0
54099,1.0
54100,1.0
54101,1.0
55002,0.02721499591844978
55003,0.017015997528206817
55004,0.009480246572505457
55005,0.022633206203786727
55006,0.001206431372489547
55007,0.0006706156810201147
55008,0.06797474790278557
55009,0.004782584753713626
55010,0.0003545405169251836
55011,3.846971722543113e-05
55012,6.7020157596964225e-06
55013,1.1630077241586712e-05
55014,2.1133757916236284e-05
55015,0.00014353779666997912
55016,0.001565213459911563
55017,0.01643129634209739
55018,0.08805418647386076
55019,0.04700650398716033
55020,0.6491751492484324
55021,0.7599678233588273
55022,0.3068284247878865
55023,0.19964908114304603
55024,0.6195416023536171
55025,0.999996089687096
55026,0.9077290812715397
55027,0.5619246762489989
55028,0.03954892500022311
55029,0.06586730147227005
55030,0.07829147112939616
55031,0.17585381380170095
55032,0.32409540447520524
55033,0.17680784449129816
55034,0.19620106827663253
55035,0.316198064860472
55036,0.9872478255648522
55037,0.9591654846911724
55038,0.8876402102065372
55039,0.31668218772818046
55040,0.999926984286421
55041,0.99937471922471
55042,0.9967980684868661
55043,0.7403597153595842
55044,0.9863214325372943
55045,0.9999948306698192
55046,0.9999989093138217
55047,1.0
55048,0.9999999999999917
55049,1.0
55050,1.0
55051,1.0
55052,1.0
55053,1.0
55054,1.0
55055,1.0
55056,1.0
55057,1.0
55058,1.0
55059,1.0
55060,1.0
55061,1.0
55062,1.0
55063,1.0
55064,1.0
55065,1.0
55066,1.0
55067,1.0
55068,1.0
55069,1.0
55070,0.999928195762326
55071,0.9999801049616494
55072,0.7332103906004879
55073,0.93631774279152
55074,0.4549546589069742
55075,0.6856081935012741
55076,0.5325046588724206
55077,0.1501500855932103
55078,0.026886763803046443
55079,0.024368987521049545
55080,0.012229580524003691
55081,0.01697442847918318
55093,1.0
55094,1.0
55095,1.0
55097,1.0
55098,1.0
55099,1.0
55100,1.0
55101,1.0
56002,0.06991649476511108
56003,0.014517647536938072
56004,0.027757162362226806
56005,0.07485367244146923
56006,0.03284825600190511
56007,0.01260976289638005
56008,0.0022537455872062573
56009,0.00033215891798155095
56010,0.0003826155066989356
56011,2.3145928576440156e-05
56013,0.010139129467002683
56014,6.817161393990467e-05
56015,6.1024847954005423e-05
56016,0.0006041288787574928
56017,0.011211042210988453
56018,0.17994144565815573
56019,0.050473416352361244
56020,0.03388747722696239
56021,0.1938564121631583
56022,0.41376763579210374
56023,0.9988948019434969
56024,0.8452369544664837
56025,0.9570509489763027
56026,0.8051986724172674
56027,0.4431936502828331
56028,0.1634165027717992
56029,0.12066107262782311
56030,0.14415236559709244
56031,0.355014999104578
56032,0.3901350794724442
56033,0.3180293925717722
56034,0.35011207964686475
56035,0.5377837472126308
56036,0.6912212895102705
56037,0.7277114099407824
56038,1.0
56039,0.9962186470093966
56040,1.0
56041,0.9999999950670935
56042,0.9999999999996668
56043,0.9997388718497162
56044,0.9999999896985124
56045,0.9999999995227278
56046,1.0
56047,0.9999999999797642
56048,1.0
56049,1.0
56050,1.0
56051,1.0
56052,1.0
56053,0.9999974562397151
56054,0.9996066239326957
56055,1.0
56056,1.0
56057,1.0
56058,1.0
56059,1.0
56060,0.9999999999999994
56061,1.0
56062,1.0
56063,1.0
56064,1.0
56065,1.0
56066,1.0
56067,0.9999999232888042
56068,0.9999973457392936
56069,0.9999713714817824
56070,1.0
56071,1.0
56072,0.9999999097764755
56073,0.7375034177430398
56074,0.8539530243275355
56075,0.5841783399661427
56076,0.3219226264232171
56077,0.048146059525319695
56078,0.034416632837175776
56079,0.015154749298208703
56080,0.014461426509352449
56081,0.009591487026644807
56082,0.014799140433554347
56093,1.0
56094,1.0
56097,1.0
56098,1.0
56099,1.0
56100,1.0
56101,1.0
57003,0.12433141773155199
57004,0.026785878556530918
57005,0.029524975733927872
57006,0.04278490956216863
57007,0.008994184206407518
57008,0.002366498397820105
57010,0.0001917251761209826
57011,0.0002061884922083257
57012,0.00015864589989844635
57013,0.00012097782106645916
57014,4.5185340429854115e-05
57015,4.57976588352782e-05
57016,0.0006947165839442659
57017,0.00591525615552313
57018,0.04466522457580313
57019,0.05898255974489486
57020,0.04528968870747874
57021,0.09694468628354092
57022,0.9760603258266881
57023,0.9997954589418231
57024,0.3787631303795661
57025,0.32511016922340685
57026,0.13025975697143366
57027,0.04703810983067391
57028,0.3022313411586457
57029,0.16262319426623495
57030,0.19799876029458485
57031,0.38850411677003716
57032,0.3363477570673611
57033,0.6046082894599029
57034,0.26857653596831277
57035,0.3137429404146881
57036,0.31780260793596515
57037,0.9772884027406445
57038,0.999967049771371
57039,1.0
57040,1.0
57041,0.5158218287786729
57042,0.9919083674207718
57043,0.994340477626783
57044,1.0
57045,1.0
57046,0.9996017035398895
57047,0.9999999999999365
57048,1.0
57049,1.0
57050,1.0
57051,1.0
57052,1.0
57053,1.0
57054,1.0
57055,0.9998920328763264
57056,0.9999999232438763
57057,1.0
57058,1.0
57059,0.9999999999999643
57060,1.0
57061,1.0
57062,1.0
57063,1.0
57064,1.0
57065,1.0
57066,0.9999999663934164
57067,0.9999999999987534
57068,0.9999999989606992
57069,1.0
57070,1.0
57071,0.921271111197423
57072,1.0
57073,0.7620000259842584
57074,0.8357638777911893
57075,0.562588564748335
57076,0.10374450400353685
57077,0.05655953329952912
57078,0.016326452398814695
57079,0.00979695270609604
57080,0.016071744066135207
57081,0.008631087609705212
57082,0.02556044634290633
57083,0.040546090161053594
57094,1.0
57097,1.0
57098,1.0
57099,1.0
57100,1.0
58005,0.015543298907071401
58006,0.008574074514236862
58007,0.0027770320136333293
58010,0.0027328828265191785
58011,0.0013723068751924083
58012,0.000913078925474986
58013,0.0002667428211613476
58014,0.00012196727265745277
58015,0.00010483828934260142
58016,0.0016544652017863593
58017,0.028693906031021288
58018,0.10973068437175659
58019,0.1123596928470787
58020,0.046818083466457106
58021,0.09460371391705125
58022,0.21953360303294234
58023,0.3204937535788449
58024,0.2793027924300219
58025,0.19661128110003967
58026,0.3773362724593672
58027,0.112891946127057
58028,0.18498698489563314
58029,0.19682460927165257
58030,0.2452575848120747
58031,0.4072445932295291
58032,0.7274621252389506
58033,0.7481660806081869
58034,0.9605579856285735
58035,0.9709788495836958
58036,0.9999335449719841
58037,1.0
58038,1.0
58039,1.0
58040,0.9840710245988509
58041,0.8372633791494866
58042,0.977162254923564
58043,0.9999860770618443
58044,1.0
58045,0.9999995785182745
58046,1.0
58047,1.0
58048,1.0
58049,1.0
58050,1.0
58051,1.0
58052,1.0
58053,1.0
58054,1.0
58055,1.0
58056,1.0
58057,1.0
58058,1.0
58059,1.0
58060,1.0
58061,1.0
58062,1.0
58063,1.0
58064,1.0
58065,1.0
58066,1.0
58067,1.0
58068,1.0
58069,1.0
58070,1.0
58071,1.0
58072,1.0
58073,1.0
58074,0.9999999808625473
58075,0.6140463150005508
58076,0.16248042780263794
58077,0.09152896279056111
58078,0.04996466055522886
58079,0.02348370376564768
58080,0.04882191089469945
58081,0.04286708070123091
58082,0.10622733400634465
58083,0.15895008237776154
58098,1.0
58099,1.0
59009,0.014547101233088
59010,0.002430474312315134
59011,0.0025625560859958707
59012,0.004575331039608499
59013,0.00012394732624021465
59014,0.0002532852798520224
59015,0.00018199358917092567
59016,0.0008660455325840699
59017,0.00735427944357081
59018,0.10683163986021715
59019,0.42163018529146623
59020,0.20428876133934726
59021,0.06687483564770746
59022,0.7666646341513661
59023,0.9494676473848291
59024,1.0
59025,0.6437281714820031
59026,0.5166040082463967
59027,0.6843189936842347
59028,0.6918107762598464
59029,0.31291008549303323
59030,0.23545529036652446
59031,0.6121027636304515
59032,1.0
59033,0.9999999999998695
59034,0.8459506046548682
59035,0.45984395095671227
59036,0.6448420790023683
59037,0.9256671611207149
59038,0.9995599839536266
59039,0.9999999999885871
59040,1.0
59041,1.0
59042,1.0
59043,1.0
59044,1.0
59045,1.0
59046,0.9999853125910058
59047,0.9074786282343836
59048,1.0
59049,1.0
59050,1.0
59051,1.0
59052,1.0
59053,1.0
59054,1.0
59055,1.0
59056,1.0
59057,1.0
59058,1.0
59059,1.0
59060,1.0
59061,1.0
59062,1.0
59063,1.0
59064,1.0
59065,1.0
59066,1.0
59067,1.0
59068,1.0
59069,1.0
59070,1.0
59071,0.5453100166835183
59072,0.9815459005590165
59073,1.0
59074,0.999999999989707
59075,0.19551879226801816
59076,0.1277920293295528
59077,0.08094269881595917
59078,0.060967522918506045
59079,0.037349849164772464
59080,0.04330076622004797
59081,0.27489351432416664
59082,0.00735882670052046
59083,0.003586188626633624
59098,1.0
59099,1.0
60006,0.06247254790850998
60007,0.03212110137115742
60008,0.03173099314484307
60009,0.003840325312948756
60010,0.008586622528056753
60011,0.009711052143130283
60012,0.007462960430753451
60013,0.000277361502547091
60014,0.0001937479948069809
60015,0.00018304944608660279
60016,0.0001622456906108516
60017,0.01072268245257979
60018,0.033992620910378135
60019,0.16944806119990097
60020,0.14165332215194593
60021,0.08780192839789658
60022,0.9995768183874255
60023,0.6821362915422059
60024,0.9999994741723308
60025,0.4631719551105151
60026,0.29037076750908475
60027,0.3377298713643153
60028,0.9999244172625849
60029,0.9999871495714454
60030,0.9999999999999993
60031,1.0
60032,0.9999998203851153
60033,1.0
60034,0.9999999999451945
60035,0.966921981779116
60036,0.8244344538618223
60037,0.9968161538972814
60038,1.0
60039,0.9999991103024672
60040,1.0
60041,1.0
60042,1.0
60043,1.0
60044,1.0
60045,1.0
60046,0.9999999991622068
60047,0.9999879999567007
60048,1.0
60049,1.0
60050,1.0
60051,1.0
60052,1.0
60053,1.0
60054,1.0
60055,1.0
60056,1.0
60057,1.0
60058,0.8582123151577871
60059,1.0
60060,1.0
60061,1.0
60062,1.0
60063,1.0
60064,1.0
60065,1.0
60066,0.9999999999999948
60067,1.0
60068,1.0
60069,1.0
60070,1.0
60071,0.9999966182516025
60072,0.999968465566644
60073,1.0
60074,0.826976375747985
60075,0.16472638032793663
60076,0.0826082526859041
60077,0.03446817762550625
60078,0.10519712267771464
60079,0.01779184808984613
60080,0.04913285820298885
60081,0.08787858617930511
60082,0.010346504153296854
60083,0.0037643194805749847
60098,1.0
60099,1.0
60100,1.0
61004,0.07013683575380847
61005,0.01570662826708724
61006,0.03387124275659548
61007,0.013303759864848885
61008,0.028250035878501167
61009,0.007876465932863064
61010,0.003303045887828926
61011,0.0028859636913495246
61012,0.01719181558848626
61013,0.0013662941721861444
61014,0.00018665677297569072
61015,0.00017204476445542571
61016,7.298623497320467e-05
61018,0.00399818557946785
61019,0.01841620306393088
61020,0.04782274230337902
61021,0.09178179281274679
61022,0.28092558941097023
61023,0.9981262658414654
61024,0.9999956019305236
61025,0.5592098516232682
61026,0.9465880657502399
61027,0.18965268402250357
61028,0.12024915817930792
61029,0.11353601012234771
61030,0.07251024233514647
61031,0.09177388159521904
61032,0.10886696896002668
61033,0.10134625583821166
61034,0.7699938740591402
61035,0.17416762695267363
61036,1.0
61037,1.0
61038,1.0
61039,1.0
61040,1.0
61041,1.0
61042,1.0
61043,0.9999999065142132
61044,0.9988035791410272
61045,0.7070992803363647
61046,0.9999994391581414
61047,1.0
61048,1.0
61049,1.0
61050,1.0
61051,1.0
61052,1.0
61053,0.9963627041871596
61054,0.9244175486834723
61055,0.9837605885389683
61056,0.7325615549989355
61057,0.9999896271326169
61058,0.9794230409660164
61059,1.0
61060,1.0
61061,1.0
61062,1.0
61063,1.0
61064,0.9999999833316939
61065,1.0
61066,1.0
61067,1.0
61068,1.0
61069,1.0
61070,0.9999999993653066
61071,1.0
61072,1.0
61073,1.0
61074,0.8344832430675084
61075,0.47364954168529094
61076,0.1557075495192709
61077,0.08108742186163032
61078,0.12556514381716632
61079,0.017422911958280496
61080,0.011969060861666603
61081,0.027329571234137262
61082,0.009565372035310715
61083,0.8633207659257951
61099,1.0
62005,0.02704437030737128
62006,0.7971765086940688
62007,0.18478265845518482
62008,0.06531493281480705
62009,0.008790372193589802
62010,0.00619063440455403
62011,0.004217562984723755
62012,0.010234731473654834
62013,0.0011605439770276949
62014,0.00028187447447181047
62015,8.820590505442816e-05
62016,0.00099314110867732
62018,0.021043808929535723
62019,0.003350002570549071
62020,0.053207030150051016
62021,0.6579536108700894
62022,0.9999997899066261
62023,0.999999999506436
62024,0.9722931511857397
62025,0.9999999935429874
62026,0.9742322238179273
62027,0.385984129427575
62028,0.07068899949622431
62029,0.011656025548355542
62030,0.010872239201284217
62031,0.019003438930498495
62032,0.03804164507022001
62033,0.05961362555154803
62034,0.03488610101280121
62035,0.9999999388432957
62036,1.0
62037,1.0
62038,1.0
62039,1.0
62040,0.9999999999997736
62041,0.9960391268875795
62042,1.0
62043,1.0
62044,0.9999999999999961
62045,1.0
62046,1.0
62047,1.0
62048,0.9999999999999996
62049,1.0
62050,1.0
62051,1.0
62052,1.0
62053,0.7643017363875568
62054,0.8684885087053581
62055,0.966277379071284
62056,0.5966986632216336
62057,0.5528242339144535
62058,0.7753283841406357
62059,0.9488513308891847
62060,0.924615789707958
62061,0.9999986661636128
62062,1.0
62063,0.9999999998707914
62064,0.5778250915269139
62065,1.0
62066,1.0
62067,1.0
62068,1.0
62069,1.0
62070,0.9995690876392065
62071,0.9269261320899622
62072,1.0
62073,1.0
62074,1.0
62075,0.6733037396188759
62076,0.45152514839120894
62077,0.30072876638334467
62078,0.03703107481087098
62079,0.018151014206081117
62081,0.009874215916649609
63006,0.10628030443495551
63007,0.037938890586381335
63008,0.08377549464297418
63009,0.3394862173914399
63010,0.34522189251462465
63011,0.004970536570530371
63012,0.003570097897602542
63013,0.0006900285128124128
63014,0.0006073260052983365
63015,0.0023149562182384065
63016,0.004922186377364857
63018,0.004726630133992216
63019,0.017229073285857766
63020,0.020069083671816257
63021,0.12981251569540841
63022,0.9987668507481882
63023,0.9999996236195476
63024,1.0
63025,0.9773860264874276
63026,0.29833538826651795
63027,0.891298974860084
63028,0.3265383136852452
63029,0.9995903144942584
63030,0.9999516322032477
63031,0.8609561660888218
63032,0.28944947314842995
63033,0.10144034866937945
63034,0.23535276917136305
63035,0.9999999999989319
63036,1.0
63037,1.0
63038,1.0
63039,0.9999991420056548
63040,0.9999875490184705
63041,0.9999996674444633
63042,0.9999999990901518
63043,1.0
63044,1.0
63045,1.0
63046,0.999999999999996
63047,0.9999295940839842
63048,0.9182352081202281
63049,1.0
63050,1.0
63051,1.0
63052,0.9145084275174145
63053,0.6303347783137372
63054,0.8581914019083499
63055,0.35809239938648973
63056,0.5196430747820964
63057,0.8843026787987267
63058,0.9999999998448182
63059,0.9999997457308922
63060,0.9999999961702534
63061,0.9538575818611005
63062,1.0
63063,0.5437401785617871
63064,1.0
63065,1.0
63066,1.0
63067,1.0
63068,1.0
63069,1.0
63070,1.0
63071,0.9995705930360196
63072,1.0
63073,1.0
63074,0.3203114244405606
63075,0.11817130028856204
63076,0.0452250452584293
63077,0.06429531334323013
64007,0.07208828054378258
64008,0.061165124384477076
64009,0.8681501074334574
64010,0.6880869559085105
64011,0.03070575107654161
64012,0.011995043938190841
64013,0.001578070694827849
64014,0.005958584694352065
64015,0.02085574204340712
64016,0.0035088412492561005
64019,0.0895144131046034
64020,0.048936154692340694
64021,0.8495874083905042
64022,0.9999999999999704
64023,0.21143902117055957
64024,0.10411894898623564
64025,0.014293113609651575
64026,0.011401221392135286
64027,0.04051742710832529
64028,0.37385036174884023
64029,0.9999999991773487
64030,1.0
64031,0.9999721696788483
64032,0.9971770235728923
64033,0.7522278901404285
64034,1.0
64035,1.0
64036,1.0
64037,1.0
64038,1.0
64039,1.0
64040,1.0
64041,0.6125916138332337
64042,0.7957483007399998
64043,0.4811060474190524
64044,0.9746348469689898
64045,0.9989586538410808
64046,0.9965573657887546
64047,0.9996305855334139
64048,1.0
64049,0.9932467681304292
64050,1.0
64051,1.0
64052,0.32589886486327746
64053,0.4133025703285905
64054,0.2773397797417777
64055,0.42649042698809714
64056,0.744400880043206
64057,1.0
64058,1.0
64059,1.0
64060,1.0
64061,0.9891605732672882
64062,0.9414879941406263
64063,0.9662660665351283
64064,1.0
64065,1.0
64066,1.0
64067,1.0
64068,1.0
64069,1.0
64070,1.0
64071,1.0
64072,1.0
64073,1.0
64074,1.0
64075,0.029171648404054396
65008,0.41862324397747785
65009,0.1204812944825121
65010,1.0
65011,1.0
65012,0.9995500451987092
65013,0.010195583539450714
65014,0.002752520911940004
65015,0.004514175917670449
65019,0.040274938254152626
65020,0.5093896968008109
65021,0.4524846454604553
65022,0.6684425271696421
65023,0.888538266538667
65024,0.9725593366389519
65025,0.04883935244169202
65026,0.0023341967938531605
65027,0.0025825642842596253
65028,0.023395728564390983
65029,0.054589327671361376
65030,0.10965983716177952
65031,0.3106852095007573
65032,0.9367204056753845
65033,1.0
65034,1.0
65035,0.9997905174702547
65036,0.6662831025703237
65037,0.03575998852664397
65038,0.023092682244867935
65039,0.032540855269830526
65040,0.2722277227964933
65041,0.9534448151349292
65042,0.9998639900655683
65043,0.5332292736649524
65044,0.13417888618085771
65045,0.16299650119031373
65046,0.8689073494756184
65047,1.0
65048,1.0
65049,1.0
65050,1.0
65051,0.5716495950749294
65052,0.38025635697948135
65053,0.25413152525639693
65054,0.3258802539087974
65055,0.24415085890031663
65056,0.8772908604650336
65057,0.9990502620659689
65058,0.9996408366882945
65059,0.9999999999996027
65060,1.0
65061,0.5790033504628032
65062,0.9152477280369514
65063,1.0
65064,1.0
65065,1.0
65066,1.0
65067,1.0
65068,0.9999999981688291
65069,1.0
65070,1.0
65071,1.0
65072,0.7722496820349086
65073,0.2949086300693663
65074,0.053513608450603045
66010,0.2620352432190419
66011,0.196947740074082
66012,0.1735944256688442
66019,0.02697311550846604
66020,0.5184005568937597
66021,0.9912320133498412
66022,1.0
66023,0.9999679959995017
66024,0.99386591398904
66025,0.572881030878196
66026,0.01788996451297431
66027,0.007871249099843824
66028,0.008625717030938507
66029,0.02467549437311145
66030,0.05268101351844179
66031,0.04400863874952887
66032,0.012091207768620382
66033,0.012627044454510017
66034,0.004578012502728157
66035,0.0061442723492253215
66036,0.007449316166279751
66037,0.0031389525872402846
66038,0.011618414220007978
66039,0.1695975688396809
66040,0.046708038986143396
66041,0.3694358362733492
66042,0.7763567368842689
66043,0.485938372063225
66044,0.7825999575728728
66045,0.39694171206889606
66046,0.6879691837261064
66047,0.9555882715568225
66048,1.0
66049,1.0
66050,0.9648233710809002
66051,0.9800703825337792
66052,0.6075099458607495
66053,0.5994113299208235
66054,0.8385905480844289
66055,0.71436527403525
66056,0.9999999999847652
66057,1.0
66058,0.9584487250003005
66059,1.0
66060,1.0
66061,0.9991660474970674
66062,0.904949036806769
66063,0.3543918922337551
66064,0.5085123196069208
66065,0.9992198640371405
66066,1.0
66067,1.0
66068,0.5111078318086706
66069,0.9957454184107998
66070,0.994685760701991
66071,0.786043144086861
66072,0.2738672028835655
66073,0.13592651332426964
66074,0.0519489321052059
66075,0.00372527173998638
67020,0.9524838168216085
67021,0.848841118906553
67022,0.9999998694088906
67023,1.0
67024,0.9696408723755573
67025,0.02382602440718895
67026,0.007893874913571075
67027,0.013507182301755294
67028,0.029440134402186402
67029,0.03479376002033041
67030,0.46970536767597615
67031,0.3666501978434974
67032,0.8016795056525896
67033,0.9967111865933578
67034,0.008539205460560861
67035,0.011550793876308196
67036,0.02630752536862746
67037,0.018498778105690006
67038,0.02517587778470376
67039,0.023532948164284084
67040,0.02206601312025258
67041,0.029678254700837403
67042,0.03353554461767394
67043,0.042832182669106156
67044,0.13047653950838745
67045,0.2042920694330086
67046,0.9897353539418453
67047,0.4250260997782458
67048,0.9999839881464465
67049,1.0
67050,1.0
67051,1.0
67052,1.0
67053,0.9999933625365497
67054,0.9977786984542548
67055,1.0
67056,1.0
67057,1.0
67058,1.0
67059,0.9999999999999999
67060,0.9824820895193951
67061,0.9999790964739664
67062,0.82805016466411
67063,1.0
67064,1.0
67065,1.0
67066,1.0
67067,1.0
67068,1.0
67069,1.0
67070,0.9999999998567269
67071,1.0
67072,0.45993279510998475
67073,0.11820111792297938
67074,0.013148104997111942
67075,0.03147928275670897
68019,0.12603932356695957
68020,0.9973306792864838
68021,0.8806736586100926
68022,0.9963977614638839
68023,0.9999999999999996
68024,0.9466142463149999
68025,0.04259917283033887
68026,0.0038619140147170272
68027,0.2463113531659984
68028,0.9999999999965015
68029,0.999999993963369
68030,0.3648274802139403
68031,0.21458181304515578
68032,0.8971566253891006
68033,0.3629692226952952
68034,0.806399259548334
68035,0.9981095803475846
68036,0.47383027500794506
68037,0.11623029083895398
68038,0.3157917555237797
68039,0.14180340056317886
68040,0.9930117843670977
68041,0.709382777744757
68042,0.05960944333117435
68043,0.03470128733176303
68044,0.10960565164760117
68045,1.0
68046,0.9888880592823438
68047,0.993733372272685
68048,0.9999999761317216
68049,1.0
68050,1.0
68051,1.0
68052,1.0
68053,0.9944904222256078
68054,0.9983516527517335
68055,1.0
68056,1.0
68057,1.0
68058,1.0
68059,0.955086627345169
68060,0.9999999971793603
68061,0.8285720800849992
68062,1.0
68063,1.0
68064,1.0
68065,1.0
68066,1.0
68067,1.0
68068,1.0
68069,1.0
68070,0.9999888253246201
68071,0.08662864256581304
68072,0.055561536658501165
68073,0.007162297108356808
68074,0.0053507650454394096
69019,0.3078847438822847
69020,0.3685541479110438
69021,0.8863013255200034
69022,0.9999999995098142
69023,0.2710657737683835
69024,0.20010000857106391
69025,0.029860869505131893
69026,0.015498618513622331
69027,0.03392299392946174
69028,0.7049169210134427
69029,0.9472789900564538
69030,0.18225279906533065
69031,0.08431592340308536
69032,0.19781272616487178
69033,0.5435852978981189
69034,0.11644815312470402
69035,0.10515083751758181
69036,0.18553471251901021
69037,0.9091122093500896
69038,0.7468119579907844
69039,0.10583024453655865
69040,0.11021024809525326
69041,0.6800804713688164
69042,0.9424211103506458
69043,0.035350466247008216
69044,0.2469724518971389
69045,1.0
69046,1.0
69047,0.7753347879194827
69048,1.0
69049,1.0
69050,1.0
69051,1.0
69052,1.0
69053,1.0
69054,1.0
69055,1.0
69056,1.0
69057,1.0
69058,1.0
69059,1.0
69060,0.5706298891244017
69061,0.999999999999979
69062,1.0
69063,1.0
69064,1.0
69065,1.0
69066,1.0
69067,1.0
69068,1.0
69069,0.9999999999967656
69070,0.1790467138173374
69071,0.01520445944908122
69072,0.004544395137647594
69073,0.00504124623776292
70019,0.5047488712839203
70020,0.5663796600815596
70021,0.6441365676626178
70022,0.9999999917877608
70023,0.7095532856308612
70024,0.043873054857584304
70025,0.029058901423816397
70026,0.02485222072239579
70027,0.008317332886778384
70028,0.059733574468549655
70029,0.9837240572791229
70030,0.19478452745499275
70031,0.04922904182641952
70032,0.16763165013139836
70033,0.19964508876886844
70034,0.18728414744433675
70035,0.12374220577265393
70036,0.2162425740667846
70037,0.9999791286433293
70038,0.5941760406494005
70039,0.8736594085850736
70040,0.9572272149678068
70041,0.6736846578075684
70042,0.5431804336506927
70043,0.11069207355758892
70044,0.06102895606804082
70045,0.9170896894804179
70046,0.8752803471044552
70047,0.918892323834366
70048,1.0
70049,1.0
70050,1.0
70051,1.0
70052,1.0
70053,1.0
70054,1.0
70055,0.9999999999999944
70056,1.0
70057,1.0
70058,0.9920469900569033
70059,0.9996095145771519
70060,1.0
70061,1.0
70062,1.0
70063,1.0
70064,1.0
70065,1.0
70066,1.0
70067,1.0
70068,1.0
70069,1.0
70070,0.00497286237710004
70071,0.0019382123157803965
70072,0.002967085225596189
71019,0.5285510256920302
71020,0.25641356934175397
71021,0.7341056454187254
71022,0.999983525076024
71023,0.9999984393251594
71024,0.6971075612842648
71025,0.04622847405845798
71026,0.054301152066570824
71027,0.030010598320639903
71028,0.1037150283698407
71029,0.049166373890044524
71030,0.03464688775511948
71031,0.015560822523965512
71032,0.01847684869834587
71033,0.051801126056488345
71034,0.2244180206794224
71035,0.699883848222341
71036,0.564601230354576
71037,0.26920152031480016
71038,0.784419766976727
71039,0.9975094167971448
71040,1.0
71041,1.0
71042,0.9994864176390501
71043,1.0
71044,1.0
71045,0.9999999996837967
71046,0.9982474976383441
71047,0.9996152665240734
71048,1.0
71049,1.0
71050,1.0
71051,1.0
71052,1.0
71053,1.0
71054,0.9999999999999993
71055,1.0
71056,1.0
71057,1.0
71058,1.0
71059,1.0
71060,1.0
71061,1.0
71062,1.0
71063,1.0
71064,1.0
71065,1.0
71066,1.0
71067,1.0
71068,0.9999999999960544
72019,0.9999999999999967
72020,0.26618896988898444
72021,0.28730148679420653
72022,0.9564678526009778
72023,1.0
72024,0.7926171853691211
72025,0.5028257909387892
72026,0.17278125519467624
72027,0.04872509638673972
72028,0.03151591891587835
72029,0.058866658049472664
72030,0.039553475614409916
72031,0.0754162630080959
72032,0.07106581206692775
72033,0.03362871014352964
72034,0.03788610291386074
72035,0.08321385944692494
72036,0.4121915856787348
72037,0.8613732747063858
72038,0.8689480326516773
72039,0.6967783599867725
72040,1.0
72041,0.9997713680972873
72042,0.999999999946306
72043,1.0
72044,1.0
72045,0.9909646906738693
72046,0.6510794667334995
72047,0.9999999835961664
72048,1.0
72049,1.0
72050,1.0
72051,1.0
72052,1.0
72053,1.0
72054,1.0
72055,0.9999273197981585
72056,0.9999976159039761
72057,0.9901983052081587
72058,1.0
72059,1.0
72060,1.0
72061,1.0
72062,1.0
72063,1.0
72064,1.0
72065,1.0
72066,1.0
72067,0.07577024326023363
73019,0.9997784838043746
73020,0.37998316415248856
73021,0.8122362617296277
73022,1.0
73023,0.9999999964238229
73024,0.6866886527597265
73025,0.0766328212982198
73026,0.016577333419640627
73027,0.23819743610295807
73028,0.4495815997888756
73029,0.16429579467251187
73030,0.07685889172929239
73031,0.05738925774102488
73032,0.12723276801227024
73033,0.09545401464590875
73034,0.07649460066213665
73035,0.08551456134595803
73036,0.18227792375545604
73037,0.24103181443411736
73038,0.7178731602432462
73039,0.23585255748965162
73040,0.34979349761144674
73041,0.9999980035374142
73042,1.0
73043,1.0
73044,1.0
73045,1.0
73046,0.0971516270715802
73047,1.0
73048,1.0
73049,1.0
73050,1.0
73051,1.0
73052,1.0
73053,1.0
73054,1.0
73055,0.7362275079913735
73056,0.9602746966598533
73057,0.8169885938304574
73058,0.9999999999999992
73059,1.0
73060,1.0
73061,1.0
73062,1.0
73063,1.0
73064,1.0
73065,1.0
73066,0.9999999999578288
74020,0.273044508773571
74021,0.4715097202423816
74022,0.999992752321218
74023,0.9884683596315095
74024,0.125800457694202
74025,0.12664935303416092
74026,0.045332525742893814
74027,0.01619467151025966
74028,0.02294933602870819
74029,0.3538886450388855
74030,0.5888064040860781
74031,0.953685071397583
74032,0.9999987070277473
74033,0.7700852731542981
74034,0.4135254288678665
74035,0.398295426880668
74036,0.7241167914441127
74037,0.39457448733111455
74038,0.21140312189798027
74039,0.09440320006552405
74040,0.4260737124699199
74041,0.27496849759980724
74042,0.6463536610129825
74043,0.9999999999843426
74044,0.9998855604649524
74045,0.9985374074488497
74046,0.9923700656031436
74047,0.3643393663301414
74048,1.0
74049,1.0
74050,1.0
74051,1.0
74052,1.0
74053,1.0
74054,1.0
74055,1.0
74056,1.0
74057,1.0
74058,1.0
74059,1.0
74060,1.0
74061,1.0
74062,1.0
74063,1.0
74064,1.0
74065,1.0
75020,0.36745839707767003
75021,0.99999998057449
75022,0.9999989948022734
75023,0.13841252054540043
75024,0.12922735378030703
75025,0.24467660137549496
75026,0.07512873939914422
75027,0.01020108648179574
75028,0.0015150063862819918
75029,0.0193322784260046
75030,0.17492934885307865
75031,0.04335548133092848
75032,0.08228496063002488
75033,0.11452247083806444
75034,0.1432087431327147
75035,0.229644610700391
75036,0.27273280302037106
75037,0.2977103280816774
75038,0.03689415033938126
75039,0.7139517078471636
75040,0.9999999999805821
75041,0.767764773793095
75042,1.0
75043,0.9999812029234743
75044,0.9860948739477294
75045,0.9915672582680622
75046,0.9966710620204566
75047,0.8523431042165772
75048,0.9999961264133012
75049,1.0
75050,1.0
75051,1.0
75052,1.0
75053,1.0
75054,1.0
75055,1.0
75056,1.0
75057,1.0
75058,1.0
75059,1.0
75060,1.0
75061,0.9962439416714074
75062,0.9999999999999688
75063,1.0
75064,1.0
75065,0.09931956694319166
76020,0.9780621797972006
76021,0.9999999999996108
76022,1.0
76023,0.9918587138460108
76024,0.11898740330293722
76025,0.010112556554331631
76026,0.03848312113717145
76027,0.04604593221952069
76028,0.011501957307117894
76029,0.00531941883620779
76030,0.03860753353350688
76031,0.24069610285361764
76032,0.04867998693720432
76033,0.027594101649890068
76034,0.07134403132242428
76035,0.2054252169516284
76036,0.24634046295210543
76037,0.2963615770951977
76038,0.15379042680812516
76039,0.9991311442832617
76040,0.9993024604948327
76041,0.7803163012092184
76042,0.899215459041627
76043,0.11198086656086048
76044,0.13206951934783062
76045,0.5012366250606675
76046,0.3507124219123563
76047,0.9998730495981742
76048,1.0
76049,1.0
76050,1.0
76051,1.0
76052,1.0
76053,1.0
76054,1.0
76055,1.0
76056,1.0
76057,1.0
76058,1.0
76059,1.0
76060,1.0
76061,0.9837877173011256
76062,0.34789873995545506
76063,0.0434366726410963
76064,0.028079569952867534
77020,0.8872804736323627
77021,0.30941967612247745
77022,1.0
77023,0.9805444579598178
77024,0.16618239438817395
77025,0.021964061849176653
77026,0.04640091628971288
77027,0.038387186424156505
77028,0.7799110288171041
77029,0.00450997713149448
77030,0.004065845766584086
77031,0.028241536451079963
77032,0.10831025708020892
77033,0.04381383483078627
77034,0.12885673635110428
77035,0.11428157506630454
77036,0.043708634621029585
77037,0.04170073285473852
77038,0.07679800650544222
77039,0.5771067607578593
77040,0.9912299558039155
77041,0.9999844567049486
77042,0.30054352413309626
77043,0.22641928287715674
77044,0.2018509899608001
77045,0.94007506898551
77046,0.47080512845146727
77047,0.722543868605106
77048,1.0
77049,1.0
77050,0.9998638920153342
77051,1.0
77052,1.0
77053,1.0
77054,1.0
77055,1.0
77056,1.0
77057,1.0
77058,1.0
77059,1.0
77060,1.0
77061,0.40670674470567747
77062,0.42682834369673406
78020,0.994239728113579
78021,0.9319893979404114
78022,1.0
78023,0.9999958817910836
78024,0.8937864892774298
78025,0.15998297581901233
78026,0.03464134978586941
78027,0.031524117141391916
78028,0.2525814305784938
78029,0.013857917337344983
78030,0.0066096777754999225
78031,0.01339299202318689
78032,0.025999422158271335
78033,0.04963516405902135
78034,0.1875546769364228
78035,0.276715901598515
78036,0.06767914004222575
78037,0.11321564679270213
78038,0.07933277752564538
78039,0.18263518090617403
78040,0.639023907118321
78041,0.7680693715649534
78042,0.19538195050570584
78043,0.1582555671652739
78044,0.2581741676149971
78045,0.29037743843907804
78046,0.17461942473904402
78047,0.4168026971374501
78048,1.0
78049,1.0
78050,1.0
78051,0.9999814738424551
78052,1.0
78053,1.0
78054,1.0
78055,1.0
78056,1.0
78057,1.0
78058,1.0
78059,1.0
78060,0.9976901247709041
78061,0.9986537970853683
79021,1.0
79022,1.0
79023,1.0
79024,0.5985564011224976
79025,0.3055351495627404
79026,0.044057197915483015
79027,0.008192145443007615
79028,0.010553432962226994
79029,0.03288547593072866
79030,0.043516027037999616
79031,0.009201048038464776
79032,0.010972223222376454
79033,0.04870082625459282
79034,0.06084360527988453
79035,0.1438428015137676
79036,0.2844617319803091
79037,0.27600079812398126
79038,0.3897130486609157
79039,0.07413435498916765
79040,0.18812608973571876
79041,0.6110264842963475
79042,0.32372357474278024
79043,0.16833623852187873
79044,0.021289960791993745
79045,0.06197596773951719
79046,0.10037079485585976
79047,0.37114681523236837
79048,0.9999999999998401
79049,0.9999999999999021
79050,1.0
79051,0.9952171652972864
79052,1.0
79053,1.0
79054,1.0
79055,1.0
79056,1.0
79057,1.0
79058,1.0
79059,1.0
79060,0.3937321469366424
80021,0.9999999991565237
80022,1.0
80023,1.0
80024,1.0
80025,0.20926323150542359
80026,0.1496232764132256
80027,0.033067424589256156
80028,0.0015124563669427493
80029,0.0018760811579919823
80030,0.003753355459894303
80031,0.021384625415856395
80032,0.006854812257957366
80033,0.011911436016938781
80034,0.011868122520436675
80035,0.008175507150455674
80036,0.01342589907603109
80037,0.022098106658667183
80038,0.3070053774942648
80039,0.28517057104668986
80040,0.057185022390066176
80041,0.22224063626171064
80042,0.31066967104896315
80043,0.10759455438936127
80044,0.06186524241650304
80045,0.0480585204703422
80046,0.12831246039239308
80047,0.17076772973072285
80048,0.14207852897759066
80049,0.9999999999999947
80050,1.0
80051,1.0
80052,1.0
80053,1.0
80054,1.0
80055,1.0
80056,1.0
80057,1.0
80058,1.0
81021,0.7460903535279699
81022,1.0
81023,1.0
81024,0.9999999794862664
81025,0.9998749114309639
81026,0.34163798923969735
81027,0.2696573752042275
81028,0.0418296078257856
81029,0.005039619963870812
81030,0.0089501238759363
81031,0.0019834491917449792
81032,0.02223972987940248
81033,0.04985029270047725
81034,0.011025572545687923
81035,0.0018620938586557667
81036,0.002003044610595195
81037,0.01176949714008424
81038,0.09393839178665286
81039,0.45423773038096305
81040,0.16073863657827192
81041,0.209583121931187
81042,0.3262954448233042
81043,0.9711850895333934
81044,0.010297164422831462
81045,0.051477372678547684
81046,0.09717248308866966
81047,0.20209150947006815
81048,0.25596448856889764
81049,0.3505383673746242
81050,0.2756375913190636
81051,0.47723014149739573
81052,0.9999999999392374
81053,0.9186836222428165
81054,0.5291084039636627
81055,0.3937829863228167
81056,0.37080982483925773
81057,0.15036031294715113
82021,0.8129826609305755
82022,0.9999997268268886
82023,1.0
82024,1.0
82025,0.9999999925670056
82026,0.5328752746398069
82027,0.06388367149877205
82028,0.030529916984400995
82029,0.017221004386955063
82030,0.01088670310427109
82031,0.00410190076550343
82032,0.0067650612361397355
82033,0.018445946675872404
82034,0.014291182657079626
82035,0.0036243052143749566
82036,0.11357748141255075
82037,0.30835356805437686
82038,0.09963175417099357
82039,0.9723026876958811
82040,0.08386006895920228
82041,0.049195207544251995
82042,0.21409981203220618
82043,0.07676064197029475
82044,0.03821293246268942
82045,0.05500829273610208
82046,0.3572108100821978
82047,0.34935300046894135
82048,0.3989444038741796
82049,0.20052267602719898
82050,0.9999964548136341
82051,0.7422070111912296
82052,0.9999999800146233
82053,0.7902377545427517
82054,0.44531624062457276
82055,0.07802121791827221
82056,0.32148607508462246
83021,0.6098329453915838
83022,0.9999988448067139
83023,1.0
83024,1.0
83025,0.9407784911746921
83026,0.9596938888005908
83027,0.7941249959215876
83028,0.47827325985629765
83029,0.36455617945820173
83030,0.025371002876345083
83031,0.010517218414297425
83032,0.005191501939405763
83033,0.012051922261832937
83034,0.15067827832124436
83035,0.0407121634725629
83036,0.004648608955153843
83037,0.0014571244052707932
83038,0.06605164231127725
83039,0.47560141683272494
83040,0.0741223744862397
83041,0.009908189632742093
83042,0.023816898192408176
83043,0.051398897097497565
83044,0.5773019201210592
83045,0.17254812303309863
83046,0.03000509359509207
83047,0.06836183765509274
83048,0.9100471741896595
83049,0.46356741352868114
83050,0.9999999999999999
83051,0.5018295064717209
83052,0.024070715456235958
83053,0.02160791405149154
83054,0.3591136802046119
83055,0.5807677672705669
83056,0.05653220907946066
84022,0.998956859314609
84023,1.0
84024,1.0
84025,0.8285757283351484
84026,0.15264949083112966
84027,0.7150382808295273
84028,0.9302742233974942
84029,0.9239447854426245
84030,0.9425874999648381
84031,0.2671521122723596
84032,0.0210486628582206
84033,0.0634274673397357
84034,0.3678092852371174
84035,0.07107157379767803
84036,0.0038928291004898252
84037,0.0028905909097051152
84038,0.007327811122840089
84039,0.049101768604872476
84040,0.18356350600289884
84041,0.0295282957817955
84042,0.7405777201637908
84043,1.0
84044,0.9999999999999806
84045,0.8860059601021326
84046,0.9999985508993082
84047,0.9992983325156645
84048,0.10725213384212084
84049,0.07743166952329861
84050,0.13701144148585354
84051,0.08261113405287102
84052,0.023081948984839284
84053,0.003464521873162596
84054,0.015817332753259472
84055,0.6272242033435197
85022,0.999999806857218
85023,1.0
85024,1.0
85025,0.9999961149596498
85026,0.7303164090203503
85027,0.9945045370376314
85028,0.032070818888845776
85029,0.058481685832782904
85030,0.2966587763360239
85031,0.1212420128856011
85032,0.019403616511351918
85033,0.06066215814855058
85034,0.008262695767064843
85035,0.029446275842376468
85036,0.005147706814896402
85037,0.0028284245679389697
85038,0.003410629745183802
85039,0.009658136685077867
85040,0.03152052325937771
85041,0.9999999999996115
85042,1.0
85043,1.0
85044,1.0
85045,0.9999911618327996
85046,0.5694241302976377
85047,0.13520680652004347
85048,0.03345322306016618
85049,0.03623306693411854
85050,0.08883676849086375
85051,0.011509602832460275
85052,0.004116194711117349
86022,1.0
86023,1.0
86024,1.0
86025,1.0
86026,0.9969780353406253
86027,0.08400199837022748
86028,0.953706334856907
86029,0.20459593828411482
86030,0.19427468061072606
86031,0.6340202168508013
86032,0.03991636198401416
86033,0.029071429828743445
86034,0.020138628334667508
86035,0.012891054284521086
86036,0.006519476818693581
86037,0.007040782834569548
86038,0.006630403212460001
86039,0.002288044548441892
86040,0.004274202597050358
86041,0.007534294944719022
86042,0.9999999999985062
86043,1.0
86044,0.999999327575801
86045,0.021250862557211536
86046,0.036115389125632946
86047,0.040527847076549994
86048,0.03381586635870104
86049,0.018901852475811665
86050,0.025156215418903005
86051,0.0019535167149867805
87023,0.999999999996014
87024,1.0
87025,1.0
87026,0.999998161872843
87027,0.5428819247755194
87028,0.0023234599238003417
87029,0.003644041000845366
87030,0.0023444344583158916
87031,0.003581535856904683
87032,0.02843232395398665
87033,0.06735342140751954
87034,0.23356610274228817
87035,0.14676923466778402
87036,0.009764289969875772
87037,0.019610484332331257
87038,0.008212574213083523
87039,0.0018634264529301392
87040,0.1300053820339736
87041,0.021622182949137092
87042,1.0
87043,1.0
87044,0.5746716461287102
87045,0.04043603634143411
87046,0.015503486181146608
87047,0.2246422146723941
87048,0.0044786149912307005
88023,0.5477479571878545
88024,1.0
88025,1.0
88026,1.0
88027,1.0
88028,0.028399231346470488
88029,0.0010548935008445337
88030,0.034602547707075604
88031,0.0016447085381798843
88032,0.030587714362703244
88033,0.999999999999733
88034,0.999317249708126
88035,0.26671526621245656
88036,0.06559222576537371
88037,0.0035309225262887267
88038,0.037135893265282105
88039,0.35577896896516503
88040,0.5543090581838876
88041,0.0020174108638539856
88042,1.0
88043,1.0
88044,1.0
88045,0.023211557964249674
88046,0.013175217793761296
88047,0.0056329362792012505
88048,0.011782200087635086
89024,1.0
89025,1.0
89026,1.0
89027,1.0
89028,0.7837618027852988
89029,0.010404571485974845
89030,0.09348803412315032
89031,0.17684404358316608
89032,0.12567775785757573
89033,1.0
89034,1.0
89035,0.28100220155793665
89036,0.011102160228691371
89037,0.021829120724506712
89038,0.048790221300810344
89039,0.6438672973630482
89040,0.012861569485923874
89041,0.000273789769947852
89042,1.0
89043,1.0
89044,1.0
89045,0.050637283694789925
89046,0.06610571708591773
89047,0.030683137905900937
90024,1.0
90025,1.0
90026,1.0
90027,1.0
90028,0.9999999720610423
90029,0.028950977739341632
90030,0.036657477995625354
90031,0.27477173859247206
90032,0.09167455225426724
90033,0.5068464041767307
90034,0.9999980395272074
90035,0.05112004963965722
90036,0.041824356707172106
90037,0.23115389968313427
90038,0.14420852245344895
90039,0.025822392316358855
90040,0.013117537822498027
90041,0.0043983652422524555
90042,0.16656314020967844
90043,0.9999940908476412
90044,1.0
90045,0.26177265168089037
90046,0.021931280388827745
90047,0.03125012770833702
91025,1.0
91026,1.0
91027,1.0
91028,0.922058996728635
91029,0.4557047268378218
91030,0.0808728360632801
91031,0.842167462777836
91032,0.8273231822702993
91033,0.3917792758174681
91034,0.11320437184761112
91035,0.24569391125261486
91036,0.19740970901032495
91037,0.1689367416906875
91038,0.09002087821601445
91039,0.38547970851012225
91040,0.012603927228801881
91041,0.035539007180924065
91042,0.0016186903441716138
91043,1.0
91044,0.9999999999118984
91045,0.8789280501843179
91046,0.047744328359474175
91047,0.12529784251951182
91048,0.17655843623789957
92026,1.0
92027,1.0
92028,1.0
92029,0.979668004688897
92030,0.9749523874813971
92031,0.9848138547229208
92032,0.9987200869494277
92033,0.4243051575407024
92034,0.09914378392060286
92035,0.07653770492823175
92036,0.6177065628494839
92037,0.5584769658054964
92038,0.1074419295075345
92039,0.8985796458130021
92040,0.9996919626807795
92041,0.53820319226874
92042,1.0
92043,1.0
92044,0.9978289127506393
92045,1.0
92046,0.0504222510808352
92047,0.03775466984217879
92048,0.0872489127951831
93026,1.0
93027,1.0
93028,1.0
93029,1.0
93030,0.9943227900852241
93031,0.999998824645731
93032,0.9734064843342585
93033,1.0
93034,0.030824872728165587
93035,0.24985054127176964
93036,0.9999999650359324
93037,0.38220486318062963
93038,0.9999808280850644
93039,1.0
93040,1.0
93041,0.9999778887147857
93042,0.9671699944609222
93043,0.9998833371591335
93044,0.9999992714232363
93045,1.0
93046,0.06803997098310688
93047,0.052894833174379596
93048,0.006683545876352892
94026,1.0
94027,1.0
94028,1.0
94029,1.0
94030,0.9998174424949682
94031,1.0
94032,0.6234213833371371
94033,0.9887802308453193
94034,0.46894974117470356
94035,0.09634682703587305
94036,0.8054438205285457
94037,0.06422663875497081
94038,0.36070833913624756
94039,0.9999929402722194
94040,0.9742162172672362
94041,0.9999999999976846
94042,0.9990124493719366
94043,0.14387357952755153
94044,1.0
94045,1.0
94046,0.0654922992081639
94047,0.01927388655591833
94048,0.0039993393122532694
95027,1.0
95028,1.0
95029,1.0
95030,1.0
95031,1.0
95032,0.0162201122407718
95033,0.08639622671748659
95034,0.6732206201394757
95035,0.17532368875178816
95036,0.9999996027739263
95037,0.16688055055026174
95038,0.9999999999994348
95039,0.9985576055239765
95040,0.3929498550312165
95041,0.9999999999999958
95042,0.9989690772049264
95043,0.8008884765088489
95044,1.0
95045,1.0
95046,1.0
95047,0.9999999999999999
95048,0.005045347955084267
96027,1.0
96028,1.0
96029,1.0
96030,1.0
96031,1.0
96032,0.5951007589274804
96033,0.998205707829494
96034,0.9982133272218857
96035,0.8649616360310529
96036,0.9999884126965556
96037,0.9961341561761272
96038,1.0
96039,0.5298713383781992
96040,0.8670457814300083
96041,0.9999999994235107
96042,0.43697615109895027
96043,1.0
96044,0.9996123157164108
96045,0.999999999999983
96046,1.0
96047,1.0
96048,0.006350762907045171
96099,1.0
97027,1.0
97028,1.0
97029,1.0
97030,1.0
97031,1.0
97032,0.999999928764984
97033,0.6528611312016745
97034,0.7597794315564194
97035,0.34376748122583545
97036,0.9941094423243879
97037,0.8491657720988369
97038,0.521830745141801
97039,0.6078636429332787
97040,0.7758063811371748
97041,0.0915715537183639
97042,0.7382890705686822
97043,1.0
97044,0.994119675520232
97045,0.9836525902361417
97046,0.1339802833141035
97047,0.10989508328489961
97048,0.004003305722816153
97099,0.999999999996012
98027,1.0
98028,1.0
98029,1.0
98030,1.0
98031,1.0
98032,0.8928663831302031
98033,0.8292494518661548
98034,0.9518826848716928
98035,0.46696609315981064
98036,0.9999999998001031
98037,0.9999992111036925
98038,0.5129429468710309
98039,0.34593903446547036
98040,0.8458864013159852
98041,0.20887380973624647
98042,1.0
98043,1.0
98044,1.0
98045,0.1275721247091698
98046,0.1593986823097311
98047,0.0215706955675512
98048,0.0051550425790414245
98099,0.9999999999999555
99028,1.0
99029,1.0
99030,1.0
99031,1.0
99032,0.8478276789520134
99033,0.6760512566149135
99034,0.940868725918653
99035,0.8835924912599912
99036,0.9933025661948669
99037,1.0
99038,0.9999999999999999
99039,0.5620036727834637
99040,0.9999998831647543
99041,1.0
99042,0.9999999997915527
99043,1.0
99044,1.0
99045,0.06441888267854068
99046,0.08928788084492623
99047,0.016102063362987584
99048,0.008386292809712481
99099,0.6070315023515319
100028,1.0
100029,0.999999999505279
100030,1.0
100031,1.0
100032,0.9986924772357515
100033,0.35813699550681755
100034,0.633902112544191
100035,0.8213299029356472
100036,0.9999999484405139
100037,1.0
100038,1.0
100039,1.0
100040,0.9999999999527808
100041,0.7038835073805207
100042,1.0
100043,1.0
100044,0.1112597076656362
100045,0.2750001478741597
100046,0.043684624313395704
100047,0.007572326720510225
100099,0.39864465567749596
101029,1.0
101030,1.0
101031,1.0
101032,1.0
101033,0.9776172768815727
101034,0.18662269272486898
101035,0.0756762475607109
101036,1.0
101037,1.0
101038,1.0
101039,1.0
101040,0.9911112152750727
101041,0.22268554087441728
101042,0.9999999999999314
101043,0.9865779937759586
101044,0.040194834968182436
101045,0.7252915489699382
101046,0.017910741950018738
101047,0.013507731364250208
102029,0.9999999999997619
102030,1.0
102031,1.0
102032,1.0
102033,1.0
102034,0.9001020249989404
102035,0.09319094935072125
102036,1.0
102037,1.0
102038,1.0
102039,0.9986218485328276
102040,1.0
102041,1.0
102042,1.0
102043,1.0
102044,0.019080731212257618
102045,0.016704526999729352
102046,0.12637129379688683
102098,0.273518539915131
103030,1.0
103031,1.0
103032,1.0
103033,1.0
103034,1.0
103035,1.0
103036,1.0
103037,1.0
103038,1.0
103039,0.3835409364618242
103040,0.9999999998698823
103041,0.9999999980959978
103042,0.999999999896785
103043,0.14156990370459133
103044,0.01085087711407362
103045,0.028350645927035623
103046,0.12086304745009624
103098,0.8947092518944267
104031,1.0
104032,1.0
104033,1.0
104034,1.0
104035,1.0
104036,0.07633239730720198
104037,0.01467528452732303
104038,0.0370761477133682
104039,0.0169607523150751
104040,0.016916158319655872
104041,1.0
104042,1.0
104043,0.012764159475969095
104044,0.009512414086333854
104045,0.04872600825071349
104046,0.02419508559897654
105031,1.0
105032,1.0
105033,1.0
105034,1.0
105035,0.9999999994712314
105036,0.00042402087433901503
105037,0.0002750074678820047
105038,0.007108465095209016
105039,0.04915753960383973
105040,0.017701194742856585
105041,0.9646188002395012
105042,0.07933392032187181
105043,0.006212026825723971
105044,0.003775263986659727
105045,0.018154495841605223
105046,0.2731348779819476
106032,1.0
106033,1.0
106034,1.0
106035,1.0
106036,0.004644827105415472
106037,0.0008802950038969692
106038,0.0005851076037073355
106039,0.00029243661251388
106040,0.0012935376367066986
106041,0.00845400073586211
106042,0.032781990965444985
106043,0.0275880309793316
106044,0.03876282495764716
106045,0.2333141249502726
106046,0.2522720324185057
107032,1.0
107033,1.0
107034,1.0
107035,1.0
107036,0.4772527744237052
107037,0.0022515183503665215
107038,0.0005835687186083183
107039,0.00424713885500283
107040,0.24634088646253394
107041,0.02996962788343993
107042,0.0036725075118997363
107043,0.003994848269037843
107044,0.014117298845477966
107045,0.14785789267770533
107046,0.1587620828720815
108032,0.9999991847353652
108033,1.0
108034,1.0
108035,1.0
108036,1.0
108037,1.0
108038,1.0
108039,0.8612713810715964
108040,0.9875069215835199
108041,0.9999856772909996
108042,0.01843366859583473
108043,0.012396621472320013
108044,0.07519552277672026
108045,0.19004175319135097
108046,0.060817837087311144
109033,0.9999999999999589
109034,1.0
109035,1.0
109036,1.0
109037,1.0
109038,0.9999999850425239
109039,0.999935364007676
109040,1.0
109041,0.17861132745426378
109042,0.02113077495648341
109043,0.0028020216443677137
109044,0.004812702903117194
110033,0.9999999931138427
110034,0.9684727043340949
110035,1.0
110036,1.0
110037,1.0
110038,1.0
110039,0.025373227296922818
110040,0.014567930280112718
110041,0.014578996620186246
110042,0.002540171284079573
110043,0.0003974549958197793
111033,0.991458085243885
111034,0.9999999999997785
111035,1.0
111036,1.0
111037,1.0
111038,1.0
111039,0.0045727362570523455
111040,0.0004834655392028653
111041,0.0013390838467355337
111042,0.0006472539195389038
111043,0.0007729532389804117
112033,0.8715008768626562
112034,0.9999977911822591
112035,0.7982378496667912
112036,1.0
112037,1.0
112038,0.07645353361609675
112039,0.000310628591842832
112040,3.9862875581997415e-05
112041,0.00010012822563643109
112042,0.00041302624557271184
112043,0.0009199841077353055
113034,0.8113241126944213
113035,0.898886882088465
113036,1.0
113037,1.0
113038,0.0034733717135245756
113039,0.0001335442620998828
113040,3.330148673064137e-05
113041,4.853791916425987e-05
114034,0.7744795903787802
114035,0.9631565283723603
114036,1.0
114037,1.0
114038,0.005230812979221566
114039,0.0004920965840561342
114040,0.00048484033987361563
115035,0.9999992706555432
115036,1.0
115037,1.0
115038,0.2011454584146991
115039,0.036610854426909145
115040,0.06801196954020117
116036,0.9999999999999809
116037,1.0
116038,1.0
116039,0.015510367558716931
117037,1.0
