cell,prob
2025,3.151893296615693e-05
2026,1.506639602133486e-05
2027,9.549220159055238e-08
2028,1.158082088670298e-05
2029,3.755946566608159e-05
3020,7.343165418594033e-05
3021,0.00015680853498134528
3022,0.00016622160546397868
3023,0.0003660380160647181
3024,2.992138109603193e-05
3025,6.743975382139666e-06
3026,2.4986775016277996e-05
3027,2.9522090696509906e-06
3028,9.767798867632571e-06
3029,1.4836007696028553e-05
3030,0.00013404753190604524
3031,0.00011467072398008149
4019,5.453350373996191e-05
4020,3.690274461420895e-05
4021,0.003487286218710195
4022,6.8343478302757e-05
4023,0.005905021469442051
4024,2.855498276732593e-05
4025,7.641354448251203e-05
4026,5.535781132048889e-05
4027,0.0010890828931768848
4028,0.0013722772994846366
4029,2.928850193417709e-05
4030,2.7605001822195163e-06
4031,4.30826629171932e-06
4032,6.887206328576312e-06
5018,0.002802819985455507
5019,0.0010076991826927229
5020,0.000351676213326213
5021,0.00048803584771539565
5022,0.0005711382722298763
5023,0.042994370564348516
5024,0.005987122539702683
5025,0.0008786567683360946
5026,0.00041492193507453035
5027,0.00839906299550841
5028,8.36400164462292e-05
5029,0.001992644314810943
5030,0.0091156410643769
5031,0.0021053183060777414
5032,6.012951014322532e-05
5033,1.349216963597577e-06
5034,3.323247352859937e-07
6018,0.006584655937227346
6019,0.0009916482467824395
6020,0.01654277068294241
6021,0.05498700403250578
6022,0.05783916603831463
6023,0.007122224723753678
6024,0.001441449966451347
6025,0.04531814110054655
6026,0.26483038222731614
6027,0.005373799531750656
6028,0.00015995575314242672
6029,0.0011146833298879555
6030,0.0006795880730262605
6031,3.9427780711420723e-05
6032,0.00022478652806878774
6033,0.00025693516493385804
6034,0.00010196477241142254
6045,3.9115377603593515e-12
7021,0.999999998126294
7022,1.0
7023,0.9999999999999999
7024,0.8497093679727933
7025,0.019171668420448262
7026,0.10100449909662468
7027,0.001502729811030945
7028,0.04126542652341958
7029,0.0016879551134146853
7030,0.001118886119663931
7031,4.0877882890866246e-05
7032,9.53795568237048e-06
7033,5.48315016198897e-05
7034,0.00025664120644863786
7035,0.00011600399433631114
7036,5.694659903299204e-06
7037,5.51630618295107e-07
7041,8.568797893460101e-10
7042,6.007616626391155e-11
7043,1.8258727862985324e-12
7044,7.576050897739606e-12
7045,9.279466084421983e-12
7046,2.9448665728182277e-12
8023,0.9996990470272943
8024,0.9727065305073836
8025,0.8928809471481801
8026,0.009670151046471398
8027,0.207181997739182
8028,0.0009461266158579118
8029,0.003424459879733388
8030,0.022394855746669662
8031,0.0002050747992550228
8032,2.330598949817908e-05
8033,7.044121693733363e-05
8034,5.772117046598524e-05
8035,0.0003566743968081987
8036,7.495699546955503e-05
8037,0.0003232478091482749
8038,3.742330415557049e-07
8039,3.4830834882981776e-09
8040,1.1065964811152185e-09
8041,1.8300513326963141e-09
8042,1.3652905472838484e-09
8043,2.4432311729327694e-10
8044,1.0700440533639721e-10
8045,5.635005795312509e-10
8046,1.5785472928797617e-10
8047,1.0587364318581649e-10
8048,2.8443802868594048e-11
9024,0.12129945414031451
9025,0.020527458117600816
9026,0.04301063020990481
9027,0.07777537850951366
9028,0.02362148136476816
9029,0.0010308839823005567
9030,0.0012750839970061545
9031,0.02538772149904711
9032,0.006453194194812051
9033,0.004579962094614309
9034,0.0025852062360618433
9035,0.0001623822048102408
9036,7.088406369204492e-06
9037,3.5110315267372627e-06
9038,9.483702488877199e-07
9039,6.45548948741137e-08
9040,5.707327277448826e-09
9041,1.658689074979236e-09
9042,2.668865461963321e-09
9043,7.575722271724317e-10
9044,1.388812731484279e-09
9045,3.1519337140295534e-09
9046,3.552675009732553e-08
9047,6.277568465051786e-10
9048,2.1843249431441336e-10
10024,0.866147167403517
10025,0.9244333856619038
10026,0.23929795919360386
10027,0.388747699492877
10028,0.1496169048075522
10029,0.007204299853439289
10030,0.015737457067011795
10031,0.012014134422133282
10032,0.34353040512122246
10033,0.00892934220867625
10034,0.0026633055731897226
10035,0.0005153859806801275
10036,5.836449222362816e-05
10037,1.2185410190435064e-05
10038,4.526761746670438e-06
10039,2.7479677277009174e-06
10040,4.247605855933756e-08
10041,7.319306383202218e-09
10042,1.5124927865706184e-08
10043,2.8289282250071324e-08
10044,2.2316553494050595e-08
10045,1.0512403170181983e-09
10046,4.995509006455734e-09
10047,1.1689258450076068e-09
11022,0.9999999999999791
11023,0.9665549656368861
11024,0.9996226079369744
11025,0.9999992599680282
11026,0.9999998879975966
11027,0.9998593905707388
11028,0.5359607865931139
11029,0.0892629366546891
11030,0.017231297514093136
11031,0.03764383197577981
11032,0.6149644600171371
11033,0.22155830135591226
11034,0.004166910930383905
11035,0.0002916137025832377
11036,0.0001240237535151678
11037,0.000598284871673127
11038,0.00012006450165957805
11039,3.998388880099846e-06
11040,1.3983169713238652e-06
11041,3.555855601078406e-07
11042,8.003445906012985e-09
11043,7.1122880918039755e-09
11044,8.495883030423812e-08
11045,1.8717781213872797e-07
11046,3.9606362634003744e-09
12022,0.7030403594894807
12023,0.9173611026330861
12024,0.654957007403289
12025,0.2510039303756595
12026,0.4880266139560169
12027,1.0
12028,0.739725329527206
12029,0.06560085024929574
12030,0.016452996952135868
12031,0.042350612570624335
12032,0.03981022569687198
12033,0.02585686278051047
12034,0.05321716336708271
12035,0.016726224476903306
12036,0.0001803614859334779
12037,2.487603505019198e-05
12038,1.890705579066232e-05
12039,2.2731959406829816e-05
12040,1.5332425230552005e-06
12041,1.052473781792962e-06
12042,9.458396010852965e-08
12043,3.2539957284249965e-08
12044,1.2047677189208628e-08
12045,5.190572938129634e-08
13022,0.9435451505845969
13023,0.690077574247455
13024,0.5916609295764961
13025,0.32485941055723133
13026,0.03233084823920407
13027,0.434902060002325
13028,1.0
13029,0.7324247538287207
13030,0.06424492798991588
13031,0.014211359378237365
13032,0.006813824310431649
13033,0.0033035087892812065
13034,0.0007302462088246697
13035,0.0008176634841253749
13036,0.002510183121103071
13037,0.014016008356530829
13038,0.0018031042406077002
13039,1.0442801202881213e-05
13040,2.151681472306599e-05
13041,5.386284280817222e-07
13042,5.281539561252657e-08
13043,4.901494132791839e-08
13044,1.6370424238409953e-08
13045,6.109060812775624e-09
14022,0.9999999999999992
14023,0.9763805058305189
14024,0.561628430932777
14025,0.9998861135779102
14026,0.17245080638807975
14027,0.07175778321483006
14028,0.3472541557215506
14029,1.0
14030,0.8614447131271388
14031,0.10074175026407328
14032,0.013531572930271185
14033,0.006180766975318663
14034,0.0016298278380434406
14035,0.0009793957251030827
14036,0.00042720283668395975
14037,0.0004686539641131082
14038,0.0017838546468734728
14039,0.000497959639787604
14040,3.0368297273986045e-05
14041,4.771580823459409e-06
14042,1.433013636864544e-06
14043,4.20126348854577e-06
15022,1.0
15023,0.9924599964623643
15024,0.7626233400248295
15025,0.7033545688060947
15026,0.41269031799498346
15027,0.09010108505214631
15028,0.03651622384905562
15029,0.9949616577643109
15030,0.9999999999999989
15031,0.9847337867628995
15032,0.01675587474812268
15033,0.009649777025278472
15034,0.002953209717892147
15035,0.0016103337657729089
15036,0.0003216677269312074
15037,0.0004051447846781242
15038,8.872651674474152e-05
15039,0.0010148314940959802
15040,4.725706312846967e-05
15041,4.3726519993736446e-06
15042,1.0374982665206645e-05
15043,4.686829669364734e-06
16022,0.844460209461009
16023,0.9444852554271019
16024,0.8768201314474627
16025,0.548286375880159
16026,0.5311008674937641
16027,0.5693189522315014
16028,0.8587977869762209
16029,0.9999999999998377
16030,0.9999999999999554
16031,0.9999999998074471
16032,0.7587223624089001
16033,0.15283981237647937
16034,0.001468164601144628
16035,0.0013829027646666825
16036,0.0015639873301078744
16037,0.001013802632636951
16038,0.00033306431386526114
16039,0.00017698572455204786
16040,0.00015205091121106573
16041,0.0001838120920083508
16042,1.4166698493744967e-05
16043,2.4318772621878537e-05
17023,0.9583128117281646
17024,0.9297193325171479
17025,0.7600397402824708
17026,0.7314457947297206
17027,0.5213489059255483
17028,0.9582659928210693
17029,0.986553560755339
17030,0.9999881043258542
17031,0.9999999999913971
17032,0.9996280853022067
17033,0.9998484221050691
17034,0.012483561869528148
17035,0.005204941491842363
17036,0.004048439663069003
17037,0.0021317532353886115
17038,0.0007477371521280585
17039,0.0003162573820618686
17040,0.00010129391115965003
17041,2.5974585710408782e-05
17042,0.006418991123371076
17043,0.0010555237944592788
17044,0.00022041836799613357
18025,0.8017491143171299
18026,0.536233659401186
18027,0.5767320208710482
18028,0.7563945563576204
18029,0.9917459884925975
18030,0.9625065493002911
18031,0.9975251876547188
18032,0.9999991945769652
18033,0.8648352815997323
18034,0.2292377303416504
18035,0.008164634175605312
18036,0.0035961589099162694
18037,0.003572394201038276
18038,0.001304647640801071
18039,0.0020378681088137895
18040,0.0005600072122767807
18041,3.384043219856192e-05
18042,5.639495127984784e-05
18043,0.002225032004894101
18044,0.0004488834186262558
18045,0.0011739004659295782
19027,0.15610497624078734
19028,0.5645396667035222
19029,0.5604977709280076
19030,0.713705614954057
19031,0.794814471712564
19032,0.8428235802546131
19033,0.9999999999999993
19034,0.37140349214120083
19035,0.18178862608004331
19036,0.05359334278567296
19037,0.010737370137271496
19038,0.005649481804548495
19039,0.004307969229597308
19040,0.002095925564342016
19041,0.0013428897110485671
19043,0.0001913545941121253
19044,3.1371034969196465e-05
19045,6.645977399744041e-06
20029,0.14266010560591158
20030,0.25341052479271486
20031,0.5159444044489685
20032,0.9058963871932948
20033,0.48089551752974924
20034,0.9998480062927517
20035,0.31444450854155115
20036,0.6793964216965416
20037,0.01614877338297116
20038,0.014220601981678849
20039,0.005800773612299914
20040,0.001292228561124098
20041,0.000723055017273655
21029,0.08157372918665506
21030,0.0533927191301119
21031,0.3272405748456707
21032,0.3305918225563246
21033,0.7232230520085112
21034,0.40645949299748896
21035,0.9999999847502018
21036,0.9999999999999996
21037,0.9019016088705254
21038,0.007283782225584345
21039,0.0313568834704504
21040,0.049704129504767214
21041,0.004978471275388419
21042,0.051197335952882894
22027,0.11239909411732507
22028,0.13098263718477887
22029,0.17248516030298477
22030,0.06529373695611851
22031,0.6226715583770623
22032,0.13298439243377336
22033,0.22547800469318535
22034,0.7727495030039384
22035,0.9878887988477746
22036,0.9998444408762618
22037,1.0
22038,0.2664785235001108
22039,0.010908890710473629
22040,0.016217251501001173
22041,0.009795902779417553
22042,0.0709881886734054
23026,0.07016112615176273
23027,0.25659290933183976
23028,0.08660257662977566
23029,0.09529561465243752
23030,0.07183152819061489
23031,0.23052097126947324
23032,0.3601196715945717
23033,0.33474496703087
23034,0.4414177139253913
23035,0.7786328876648662
23036,0.999891946389888
23037,1.0
23038,1.0
23039,1.0
23040,0.9561377793132574
23041,1.0
23042,0.01188241545655866
24026,0.03674771673811239
24027,0.03770698145110396
24028,0.03802252286853014
24029,0.052167118570837334
24030,0.1387258008960165
24031,0.01662049286268552
24032,0.17230331656139608
24033,0.3986733426103235
24034,0.3042822966107189
24035,0.9972767189040738
24036,0.9999999565970134
24037,0.9999999981550076
24038,1.0
24039,1.0
24040,0.9985062814186488
24041,0.09452644348162365
24042,0.014933618141055094
24044,0.00327699786168012
25026,0.01689444629516812
25027,0.021240562645920447
25028,0.026399878311939684
25029,0.030950491219302823
25030,0.021797965839182698
25031,0.0323656389887107
25032,0.024478516992761157
25033,0.16559828610413796
25034,0.45343992088115337
25035,0.9304224712890149
25036,0.9999357179362518
25037,1.0
25038,1.0
25039,1.0
25040,1.0
25041,0.6023630840979324
25042,0.06104495640906127
25043,0.11980612838647398
25044,0.009131272605311325
26026,0.01137949613953948
26027,0.008302550750503457
26028,0.014581437874720327
26029,0.020372199745371522
26030,0.013096687696724119
26031,0.10855808029372327
26032,0.017812048821705062
26033,0.03130539552293066
26034,0.2917503641133399
26035,0.4894390201382667
26036,0.9538092806728031
26037,0.99999574855589
26038,0.9999988822158655
26039,0.9999999711830009
26040,0.9999999986926806
26041,0.9999999970517454
26042,1.0
26043,0.08125777194792683
26044,0.0048064665586111666
26045,0.00148444158350991
26046,0.0014591692959839975
26047,0.0016770164826406253
27025,0.002598707904930775
27026,0.0047276067625505735
27027,0.00900247135377985
27028,0.02106530829740283
27029,0.01589329533854722
27030,0.013483544905133371
27031,0.017593709662189094
27032,0.04012860070349977
27033,0.049836682527408915
27034,0.048749131128270284
27035,0.23780353069524118
27036,0.7525233025455754
27037,0.8343674061416
27038,0.7963113443041376
27039,0.9360414043598104
27040,0.9934934300985292
27041,0.9937078377550413
27042,0.9999999874695933
27043,0.9999999205100522
27044,0.9999999985738269
27045,0.2931346862573877
27046,0.254034788141534
27047,0.02438091607715509
27048,0.0020070431486745033
28024,0.0010095555288853753
28025,0.00219477705328186
28026,0.004192030261606305
28027,0.007206393500640118
28028,0.01299575263788777
28029,0.011456162015190063
28030,0.013924278488069652
28031,0.014783519847834214
28032,0.03093929334606116
28033,0.04124913805258279
28034,0.04035875164716807
28035,0.11005750383395962
28036,0.21808936212373553
28037,0.6245722508568713
28038,0.281392610431323
28039,0.4127112904680982
28040,0.9206972396523069
28041,0.9996970557247209
28042,0.9999883924329106
28043,0.9977843364443153
28044,0.9964404416362691
28045,0.9982075556079782
28046,0.9999999999999912
28047,0.004432742821924518
28048,0.04284394301701333
28049,0.013296647016688645
28050,0.007780494615345912
29023,0.00039225561924005614
29024,0.0016095244446994172
29025,0.002553343402414643
29026,0.0033977540670360185
29027,0.0040897745248137385
29028,0.005896050938088204
29029,0.0078309108801764
29030,0.008785356358042784
29031,0.012121831821529816
29032,0.0302263985819603
29033,0.059857912055802265
29034,0.03782474889345733
29035,0.05732293711029757
29036,0.10370345273121861
29037,0.09822166358294693
29038,0.039669852633916536
29039,0.2715316929161907
29040,0.24670553178404697
29041,0.942732001372918
29042,0.994633821908462
29043,0.9999528077019518
29044,0.9999999863714456
29045,0.9938202467883248
29046,0.9999978499636691
29047,0.9999919049568096
29048,0.9999999999998463
29049,0.8613041142907109
29050,0.31050482600818397
30022,8.691985034525729e-05
30023,0.00012776402416503352
30024,0.00012730206166411406
30025,0.0007452350392816998
30026,0.002418539197232561
30027,0.00187690560641951
30028,0.005031364142832451
30029,0.004902164366871187
30030,0.005508281232634693
30031,0.012905949476017642
30032,0.026245897243836858
30033,0.03504531730317739
30034,0.026738934905065848
30035,0.04232138949576314
30036,0.05716865026717932
30037,0.14285071953516137
30038,0.0801759336426705
30039,0.03808927236460824
30040,0.13888007832196525
30041,0.6846771604017279
30042,0.9807265838444911
30043,0.9999398442221321
30044,0.994876708277355
30045,0.9991380014540231
30046,0.9684072228733362
30047,0.9659961033391019
30048,0.9844019667043395
30049,0.6904390139529912
31021,2.683897302957483e-06
31022,1.4819063749449413e-05
31023,2.0264821744553352e-05
31024,0.00026031088178013473
31025,0.000496011480867975
31026,0.0019129847894439056
31027,0.0037217880622104627
31028,0.004531631923428425
31029,0.006198547494829398
31030,0.008779702105798703
31031,0.012947221927257835
31032,0.021286760691194062
31033,0.03307094279302436
31034,0.04576621638296652
31035,0.03932557847487461
31036,0.041009527101080856
31037,0.07202562921792333
31038,0.05662904244780653
31039,0.045182870614121295
31040,0.01987519586694453
31041,0.039877600046388295
31042,0.26759060902795284
31043,0.5949330920805844
31044,0.8280397684405298
31045,0.9089734848122938
31046,0.9457882880400688
31047,0.9997982575258794
31048,0.9999925849610569
31049,0.9999973778884003
32021,6.013092876733239e-06
32022,9.803438591804436e-06
32023,8.263590045021196e-06
32024,3.658736680856034e-05
32025,0.00046894862958524186
32026,0.000454857442747314
32027,0.0009205887220488096
32028,0.0020198155030575204
32029,0.0037601360973119613
32030,0.006899006827776555
32031,0.011783658285233312
32032,0.019072639732539254
32033,0.027005942816088035
32034,0.03429226693617138
32035,0.033896354090477976
32036,0.0685458938357365
32037,0.052673806288198066
32038,0.07610589708517534
32039,0.06525839313301729
32040,0.03832029596383413
32041,0.02767287583094402
32042,0.03191323513965283
32043,0.13245545264375846
32044,0.542053027634976
32045,0.9484751072408621
32046,0.9938839720416607
32047,0.9978206755367662
32048,0.999795881143685
33020,5.777385906235999e-06
33021,1.9415436435243905e-06
33022,3.263368725248128e-07
33023,1.3969805690017267e-07
33024,1.4951961579967588e-07
33025,5.831388199983856e-06
33026,1.2252141784463433e-06
33027,2.4687353178398652e-06
33028,3.762652087313523e-05
33029,0.00020184335781781026
33030,0.004785174729281305
33031,0.013202631083383709
33032,0.013686032431653339
33033,0.015760456239630072
33034,0.015731177992426848
33035,0.03328781822240623
33036,0.05114856823172953
33037,0.04842050875631765
33038,0.08481501851266382
33039,0.09426719653261273
33040,0.04227425650240002
33041,0.043748265068242254
33042,0.021053358247492437
33043,0.03287225543093708
33044,0.03218997252369127
33045,0.08341840365676512
33046,0.2048234563702085
33047,0.40401837576911337
33048,0.5702499217981982
33105,0.0793884894774366
33106,0.1187411153592478
33107,0.015291834202004528
33110,0.15128660227644664
33111,0.46941978921915584
33112,0.06248420972384017
34018,5.722388792706035e-06
34019,1.023453825910181e-06
34020,1.855046308785191e-07
34021,9.791017319127349e-08
34022,6.820449460764877e-08
34023,6.144876685265643e-08
34024,1.57176666681913e-07
34025,5.751487855976123e-07
34026,1.390255246258576e-06
34027,3.910316906052813e-06
34028,4.594290585746563e-06
34029,4.474739694448893e-06
34030,0.00041173663314486575
34031,0.0020906249186138925
34032,0.006684225537852528
34033,0.007058282263234683
34034,0.009058405983654483
34035,0.024759656379509387
34036,0.04756848196937691
34037,0.11054907180339901
34038,0.05525825154246722
34039,0.09291856508177687
34040,0.05323320920667807
34041,0.07993810405345658
34042,0.08014628805557755
34043,0.04308571570444597
34044,0.04001369367790242
34045,0.0461944398289742
34046,0.03744070201481331
34047,0.04903538217452186
34104,0.40106485918905166
34105,0.771317237315615
34106,0.007279460904273005
34107,1.0
34108,0.14758390127404553
34109,0.12660133955615804
34110,0.21093547675646307
34111,0.15903522632460987
34112,0.6658437510926662
34113,0.08000241143922682
35017,5.961467208770443e-08
35018,1.1290352608384069e-07
35019,1.0291957486252556e-07
35020,3.4750955224538416e-08
35021,3.44213478831179e-08
35022,1.0827040475280825e-07
35023,3.811109283713421e-07
35024,7.920942833861133e-07
35025,1.3595716094050303e-06
35026,1.5936740805910787e-06
35027,6.284875663231659e-06
35028,5.1402271240563735e-06
35029,6.319857614012214e-06
35030,0.001429432277360032
35031,0.006315163313855066
35032,0.007916295641025695
35033,0.01389847009491818
35034,0.013183326563070641
35035,0.024925632871558245
35036,0.0747902590273759
35037,0.016021743468393912
35038,0.06685300149851203
35039,0.06801169057090939
35040,0.09437017673645542
35041,0.12975824516271073
35042,0.12816354885249148
35043,0.09048441866952173
35044,0.05956214756387357
35045,0.06150977270768876
35046,0.03553250529781815
35047,0.04010955129363869
35048,0.05432081793088428
35049,0.051511834070427254
35050,0.22420768904117905
35102,0.1286358231379885
35103,0.2568636039485992
35104,0.4548336107146922
35105,0.7029307643357394
35106,0.7996106358942161
35107,0.9991641233655614
35108,0.7369048853935889
35109,0.28906743387909317
35110,0.052815533556483496
35111,0.4952416162028799
35112,0.7588453623470515
35113,0.3200794255602114
36017,3.2739025601635774e-08
36018,3.063400089153845e-08
36019,1.8667984824638495e-08
36020,6.812390762611642e-09
36021,2.760001760471198e-08
36022,9.377062537563319e-08
36023,6.842239452797827e-08
36024,2.2595896509436386e-07
36025,7.264663100969848e-06
36026,1.099770010337675e-05
36027,3.583434761256221e-05
36028,1.1017539019886335e-05
36029,3.4659023328775795e-05
36030,0.0009082503281396814
36031,0.00345205199030707
36032,0.012993618939182716
36033,0.030488002182595397
36034,0.02217748725030888
36035,0.023679443910449627
36036,0.08118038907730363
36037,0.041106642761206014
36038,0.033980024557578314
36039,0.045231564608431585
36040,0.14298778899986242
36041,0.05822258776735123
36042,0.12894675909748976
36043,0.09932368685227899
36044,0.07393694448978838
36045,0.03669680009667087
36046,0.029819757254543666
36047,0.0345071186347109
36048,0.05613605873692984
36049,0.05002568593958834
36050,0.04675265865725009
36051,0.16898673417968324
36052,0.11602988026703576
36101,0.6467608513029679
36102,0.3900615395871533
36103,0.015925179884981766
36104,0.3897155186525926
36105,0.6502819366210151
36106,1.0
36107,1.0
36108,1.0
36109,0.4742480104995953
36110,0.9372211268867036
36111,0.40852534747682334
36112,0.510744944691546
36113,0.508326254836063
36114,0.0495099318693788
37016,2.2923796194618262e-08
37017,2.0815262069540097e-08
37018,2.958238765060628e-08
37019,2.147529454266106e-08
37020,4.9542684177339424e-08
37021,1.9346597845970592e-07
37022,2.164244010671723e-07
37023,4.7102595002179726e-07
37024,3.929490498655319e-06
37025,2.4375822826772087e-05
37026,0.0001074096058427676
37027,8.319211897411805e-05
37028,3.862560531542325e-05
37029,7.609257757479337e-05
37030,0.002244993224456149
37031,0.0039724493367038205
37032,0.009220002663876903
37033,0.03290620256189969
37034,0.03555157286512034
37035,0.02808592372423402
37036,0.04013841479343805
37037,0.0649143505375599
37038,0.06817213348744777
37039,0.052702975134584995
37040,0.08891497717063646
37041,0.09534710101765642
37042,0.059218749959831896
37043,0.13982211162800473
37044,0.09517480819537294
37045,0.046467793042699546
37046,0.03188283976190842
37047,0.027449810961695076
37048,0.06153578720712016
37049,0.04427046901891152
37050,0.043505583701811124
37051,0.03440170481808158
37052,0.04426392625053588
37053,0.06809026842815769
37099,0.362095745054423
37100,0.12819896514343554
37101,0.050277491419118636
37102,0.8701120243391292
37103,0.8604122478116653
37104,1.0
37105,0.999999999994658
37106,1.0
37107,1.0
37108,1.0
37109,1.0
37110,0.8738701611576185
37111,1.0
37112,0.6383524523065747
37113,0.10110052841521677
37114,0.6924057324704078
37115,0.9973034848179572
37116,0.9995810033065079
38009,2.8585030786842935e-08
38010,3.995345310148224e-08
38014,1.0040298370483924e-08
38015,7.911176935770925e-09
38016,7.914039312773014e-09
38017,3.199034392942224e-08
38018,3.610571508438909e-09
38019,1.056601939275481e-08
38020,5.073623143836414e-07
38021,4.2786247878012773e-07
38022,5.83681502686062e-07
38023,3.393474842638966e-05
38024,6.048106629685801e-05
38025,8.994944497053847e-05
38026,0.00010703798186340041
38027,0.00012506854622451602
38028,0.0013798083152324336
38029,0.0029661894814535517
38030,0.008845273966979428
38031,0.007567261211552823
38032,0.00954815036465384
38033,0.02176659743525633
38034,0.042992486632450144
38035,0.18041042758406733
38036,0.07249750622115103
38037,0.05031832225174249
38038,0.05083179753909428
38039,0.05284948647474086
38040,0.04340146426434466
38041,0.12395139993069726
38042,0.08323719256953621
38043,0.03858366293197102
38044,0.05884097967516766
38045,0.06087554018659436
38046,0.04977890437822474
38047,0.03370923047005736
38048,0.0389207999782184
38049,0.03854988693659289
38050,0.034904964605083744
38051,0.028418148894775674
38052,0.023354881277951156
38053,0.02107816233648785
38054,0.04863747982564692
38055,0.07917282757249322
38056,0.16363024927208247
38081,0.26904845367383257
38082,0.5593418978922207
38098,0.1838595218869239
38099,0.7752005011455816
38100,0.05535011159665226
38101,0.9128127803615429
38102,1.0
38103,1.0
38104,1.0
38105,1.0
38106,1.0
38107,1.0
38108,1.0
38109,0.9523575494435601
38110,0.997464340860712
38111,0.9997953155412902
38112,0.9999999999999468
38113,1.0
38114,0.5622462506280466
38115,0.4071555040485424
38116,0.726533292813998
39008,1.008259864487826e-08
39009,7.813639735232414e-09
39010,6.0807325841238935e-09
39011,5.605545028153358e-09
39012,1.0578117048964941e-08
39013,6.0801444989877496e-09
39014,1.1056880744320097e-08
39015,1.3028710221796302e-08
39016,1.2189386278116388e-08
39017,3.415590810185165e-09
39018,9.122984701015469e-09
39019,8.368812309811346e-09
39020,1.6817217263209727e-07
39021,7.917440894011918e-07
39022,1.3805112659692753e-06
39023,1.1815876208798315e-05
39024,0.00027904296153125063
39025,0.00042514483823652416
39026,4.156722878834174e-05
39027,0.004702513166276789
39028,0.05768653939591584
39029,0.01173040037698403
39030,0.0018290300824174155
39031,0.019973575632714846
39032,0.06635754264107951
39033,0.29181593726653277
39034,0.26740923182732323
39035,0.07756020168456346
39036,0.06011208852251959
39037,0.031185381058010164
39038,0.01542910486811988
39039,0.04539216899598941
39040,0.04111306644875978
39041,0.062030401355197995
39042,0.08272370167695742
39043,0.1034469363513385
39044,0.06097063962328042
39045,0.050579395607441624
39046,0.03469171986240205
39047,0.03941030479245333
39048,0.03069976965946719
39049,0.034640330855081114
39050,0.029572905558369444
39051,0.032806236008801726
39052,0.03593981317791839
39053,0.0150069265294126
39054,0.03552770448816589
39055,0.04964513084575284
39056,0.04239500664545692
39057,0.11091772582716608
39058,0.09134077040914834
39080,0.04252947710901778
39081,0.19751588153996424
39082,0.9992596066311974
39094,0.9999999912755929
39095,1.0
39096,0.9999959653463453
39097,0.9992850395433199
39098,0.19420181267945236
39099,0.39642330338311327
39100,1.0
39101,0.930038578406181
39102,1.0
39103,1.0
39104,1.0
39105,0.9999998979239871
39106,0.9761896045209135
39107,0.32010998642133714
39108,0.06955486537825328
39109,0.21677454445866762
39110,0.9545552886852748
39111,0.984495481077314
39112,1.0
39113,1.0
39114,0.0845981351234758
39115,0.4828655662376109
40007,9.392398747642972e-09
40008,3.94307186901699e-09
40009,3.2398186355919734e-09
40010,8.211950675018898e-09
40011,4.024850219774834e-08
40012,1.5287513033257483e-08
40013,1.716727238143534e-08
40014,6.830545573599522e-09
40015,8.821060659691682e-09
40016,3.217613320227741e-08
40017,4.0041868043516615e-08
40018,1.1509368680329146e-08
40019,3.084581612355919e-08
40020,1.5727056268399764e-07
40021,9.091292350049685e-07
40022,1.6052790572373965e-06
40023,2.2231320757848394e-05
40024,0.00012275877014500391
40025,3.884191644820678e-05
40026,6.131019571276042e-05
40027,0.010636468346358452
40028,0.003720800500224608
40029,0.0025618481304598983
40030,0.00181372173524752
40031,0.01000627326935466
40032,0.2754571341890285
40033,0.30100608603008405
40034,0.4538068610748409
40035,0.1754952873819885
40036,0.13096549826327597
40037,0.025002974619160123
40038,0.026205408097169314
40039,0.0894282473441167
40040,0.09723278496747256
40041,0.03958517928083971
40042,0.04627421732435244
40043,0.05198436675175999
40044,0.07766137016189101
40045,0.05111611703118002
40046,0.026440426277070883
40047,0.05579798573282169
40048,0.04034307229400802
40049,0.04167947675939254
40050,0.03889693309435405
40051,0.03270992593712252
40052,0.04338169417202975
40053,0.017826891562554015
40054,0.03441875410210682
40055,0.04160501816235085
40056,0.04835474908926385
40057,0.04806629270523877
40058,0.06341696074862924
40059,0.04793516036825518
40060,0.07566099012596272
40061,0.11728250169575083
40062,0.3687256017087166
40063,0.27394004300247
40064,0.8906307920413729
40065,0.8138700502997895
40080,0.9675020464439303
40081,0.27824544126825546
40082,0.8535119817801609
40096,1.0
40097,0.999999999858795
40098,0.999999999999972
40099,1.0
40100,1.0
40101,0.9967283649039888
40102,1.0
40103,1.0
40104,0.9710984798372709
40105,0.202930700793846
40106,0.5821561898376517
40107,0.8133683838408695
40108,0.7443260054043763
40109,0.9227786429012066
40110,0.9999999999861086
40111,1.0
40112,1.0
40113,1.0
40114,0.9900423492739616
40115,0.6624375789493337
41006,4.433509448453776e-09
41007,3.733478304290827e-09
41008,2.9285707192627797e-09
41009,1.47939016592602e-09
41010,7.437339966109846e-09
41011,4.684700960488897e-09
41012,6.049500678173558e-09
41013,4.2667414046348995e-09
41014,1.0906626601858704e-08
41015,6.352169412693343e-08
41016,2.452231377958469e-07
41017,8.391784698247307e-07
41018,2.684451755330386e-07
41019,6.425249170494141e-07
41020,1.7680180767198905e-06
41021,5.740312363000655e-06
41022,1.4612699221427938e-05
41023,0.00011987368487753614
41024,7.416665585679993e-05
41025,2.107656216521203e-05
41026,9.305086891298053e-05
41027,0.0002725440710663607
41028,0.00012656971650637505
41029,0.00014256675663948393
41030,0.009557249963083714
41031,0.04099871575459002
41032,0.05669946801634351
41033,0.11397906908274191
41034,0.061985130820581436
41035,0.04865168547665388
41036,0.0936541502833298
41037,0.042429097077847366
41038,0.02891086029736556
41039,0.12494735582966354
41040,0.055467027166023586
41041,0.019614938867841714
41042,0.04493808340760408
41043,0.03417554140287904
41044,0.0402054270702944
41045,0.0709378728013772
41046,0.042013367115721234
41047,0.025850167381203937
41048,0.0604017663843337
41049,0.037397725024258754
41050,0.04710781636661854
41051,0.03914245720345999
41052,0.035314126187591666
41053,0.028115130694230883
41054,0.025709401813648003
41055,0.036116252426276696
41056,0.04493501149346879
41057,0.06735493631200773
41058,0.0651299541609498
41059,0.06688671099947296
41060,0.04638888039310074
41061,0.15976380588866979
41062,0.1399464929313181
41063,0.054929480430578326
41064,0.052077667185785104
41065,0.07481591903396889
41066,0.15175207749291963
41080,0.9818840155651074
41081,0.9999999803269368
41082,1.0
41096,0.9999999997584468
41097,0.9999999683056255
41098,1.0
41099,1.0
41100,1.0
41101,1.0
41102,1.0
41103,0.6399080737816994
41104,0.4129658868404331
41105,0.5888354547771253
41106,0.6100651816889656
41107,0.9966666002645617
41108,0.9834570750233789
41109,1.0
41110,1.0
41111,1.0
42006,2.6211853798585594e-09
42007,3.6775719136628027e-09
42008,6.6484917571330016e-09
42009,2.0871165906655165e-09
42010,5.31139221493504e-09
42011,9.18533271665467e-09
42012,1.1465406846156156e-08
42013,3.3564783841200097e-08
42014,9.533021982921497e-08
42015,7.12552700177227e-08
42016,5.226126197355185e-07
42017,3.0882631418815976e-07
42018,8.647970632935653e-07
42019,7.99579117072291e-06
42020,2.994308075809915e-05
42021,8.353212409484279e-05
42022,7.562839761221518e-06
42023,0.002992822156477226
42024,2.429355777133768e-05
42025,0.00024303372120626499
42026,0.0008551023685690051
42027,0.00017692824843174026
42028,2.5123130172666208e-05
42029,0.0002815518140758533
42030,0.012398665010268206
42031,0.010635282146079672
42032,0.0106199801066712
42033,0.0012849483890514657
42034,0.04090827658811602
42035,0.03409445082688811
42036,0.029681172825474778
42037,0.010713047005406207
42038,0.01976310204404419
42039,0.028720155291592442
42040,0.016176800403174596
42041,0.03090454094363615
42042,0.04255717434047179
42043,0.04343922987207416
42044,0.06234293008328162
42045,0.04610113601109311
42046,0.04802741347969164
42047,0.041947247372259855
42048,0.03553661248826112
42049,0.05521950475228066
42050,0.04861203515804258
42051,0.019654660644327526
42052,0.027399501345248045
42053,0.04034683407270334
42054,0.02990367258837956
42055,0.02932271035834455
42056,0.031241581475444202
42057,0.047106513122313065
42058,0.05125537981091288
42059,0.05826833404625609
42060,0.050470946483078594
42061,0.06238597845617022
42062,0.055695222883270445
42063,0.04451063190746818
42064,0.038486261181883696
42065,0.04766960800523712
42066,0.05143562435379734
42067,0.04303636867172156
42081,0.7936873283677593
42082,0.5345973413078215
42083,0.4333404104646593
42089,0.4366933176378398
42095,0.4796624555139103
42096,0.9841199499361551
42097,0.9972000237211409
42098,0.5069496436515064
42099,0.383930534128216
42100,0.7960607926620806
42101,0.774676072770659
42102,0.1934865059774239
42103,0.03536213993087556
42104,0.3731435447472998
42105,0.4815273925008513
42106,0.8826793026449731
42107,1.0
42108,1.0
42109,1.0
42110,1.0
43007,3.993960384640616e-09
43008,1.061410515035277e-08
43009,1.6420080850565455e-09
43010,5.70082259176985e-09
43011,3.174330809319059e-08
43012,1.727934229034389e-08
43013,3.691535777061716e-08
43014,9.121884404494907e-07
43015,2.749797146650579e-07
43016,6.754572854372753e-07
43017,2.240869770187004e-06
43018,8.095348749348474e-06
43019,1.765641515327765e-05
43020,1.5462454169057338e-05
43021,2.429139501392008e-05
43022,3.5297429746283804e-05
43023,0.00021845491058614108
43024,0.0012455259768381355
43025,0.0020084508097122367
43026,0.0016918490888637727
43027,0.0007713610999355858
43028,0.0012901749008260577
43029,0.0009433662071672844
43030,0.00035840502592499046
43031,0.00033869668591846036
43032,0.0016161217034958986
43033,0.01669274210192928
43034,0.006760555693719028
43035,0.01060066285897543
43036,0.007427883337096874
43037,0.0027100282362018113
43038,0.008744436663870814
43039,0.009676328841140669
43040,0.0204796444786719
43041,0.024559169117061574
43042,0.019234235712248693
43043,0.023989773517248514
43044,0.06861983994509879
43045,0.06844035166705431
43046,0.03833349114177731
43047,0.035266095285580445
43048,0.026401707210763292
43049,0.02762005250300703
43050,0.03311809083043782
43051,0.025423520932386978
43052,0.025325675031248385
43053,0.03726931952700285
43054,0.04295280006335844
43055,0.05822523312683914
43056,0.0611857661495292
43057,0.03723259610983343
43058,0.0357517008331677
43059,0.048244867242884015
43060,0.0638783090688827
43061,0.04470316161880428
43062,0.06911844818510049
43063,0.0598209856748223
43064,0.05114563784599013
43065,0.028164444202755212
43066,0.06307202965315828
43067,0.04160181930030826
43068,0.07730131633546389
43069,0.051669881367347736
43070,0.046094348025977894
43072,0.06276239301229325
43081,0.06832343939396557
43082,0.06497783694872838
43083,0.10409325789849255
43084,0.20908378446179976
43085,0.6150396961262752
43086,0.986296239741233
43087,0.9457601170929628
43088,0.9420767943474264
43089,0.8582667578690656
43090,0.6789731159019126
43091,0.15477017178947994
43092,0.10834601871709981
43093,0.2100258157833309
43094,0.09388750686538794
43095,0.1343544581766054
43096,0.14284555444662528
43097,0.07700551571708147
43098,0.06480398131574394
43099,0.2232502091642845
43100,0.6660658168523692
43101,0.9999856379871924
43102,0.9415868003983887
43103,0.3052368796962154
43104,0.6754792031596488
43105,1.0
43106,1.0
43107,1.0
43108,1.0
44009,3.623584243772626e-08
44010,9.107520149154169e-08
44011,3.5458441627334025e-08
44012,6.905344718255435e-08
44013,2.874513427286729e-07
44014,2.027897147871549e-06
44015,1.4234236322963056e-07
44016,4.46123779362928e-07
44017,1.6364610148089653e-06
44018,1.9035920991727906e-06
44019,3.724481431388593e-05
44020,6.571145127920452e-05
44021,2.2402465872373156e-06
44022,1.1012869975957074e-05
44023,0.00010774479443376173
44024,0.0004540383860487385
44025,0.0005578098800704812
44026,0.0627482641561764
44027,0.0015698641533324897
44028,0.002084944302375602
44029,0.0016459024959525337
44030,0.003389710832913506
44031,0.0005793507805005316
44032,0.0013684760467843615
44033,0.0052430580217779355
44034,0.01088744158439292
44035,0.02373050988469383
44036,0.012310758782209552
44037,0.010473588275701218
44038,0.020920582347373706
44039,0.02373552637674381
44040,0.014186422193284143
44041,0.01524324510070918
44042,0.01178720363974406
44043,0.008781987503929667
44044,0.02676892238997297
44045,0.05812094279684865
44046,0.05603079538931344
44047,0.04135959017900048
44048,0.023608982257755207
44049,0.01205811362399134
44050,0.01786502344633334
44051,0.02679024785857176
44052,0.02823145249240533
44053,0.03872285542936005
44054,0.04255497892373861
44055,0.04659111331845822
44056,0.047598786420039674
44057,0.07611137062734208
44058,0.06146152475934574
44059,0.0861131227644385
44060,0.057643131293333094
44061,0.05662618890044269
44062,0.04655340821542209
44063,0.08584192862617546
44064,0.058303584776533524
44065,0.059419009969737036
44066,0.02828243887964943
44067,0.041588919835668814
44068,0.04904039512579217
44069,0.05768942705612479
44070,0.061089032502226415
44071,0.06392690031402437
44072,0.05915681838660436
44073,0.040479026620667935
44074,0.032750069627963785
44075,0.07187763378451284
44076,0.06696502709648056
44077,0.08516999403539838
44078,0.03667443539803028
44079,0.02211516725761109
44080,0.042272651275572226
44081,0.11594561957910576
44083,0.09131321846105644
44084,0.1806142798365511
44085,0.3404101591265818
44086,0.5047755804028295
44087,0.8304938226929327
44088,0.7646632488744156
44089,0.9839888549257484
44090,0.6612929541348675
44091,0.07471221596336697
44092,0.10683257079030817
44093,0.2595953413779831
44094,0.29552728660149863
44095,0.19505801305273962
44096,0.0134569219288182
44097,0.33979486602971243
44098,0.5167885851926246
44099,0.9999999999989502
44100,1.0
44101,1.0
44102,1.0
44103,0.3915427092877286
44104,0.9998734531626721
44105,1.0
44106,1.0
44107,1.0
45008,6.044521350112575e-08
45009,6.500238669548963e-08
45010,3.2144447104087703e-08
45011,4.6625285965440355e-08
45012,4.491598246669781e-07
45013,2.221563021320705e-07
45014,2.3648968960898742e-07
45015,2.7230478516493406e-07
45016,5.017352173730671e-07
45017,1.0480198656681594e-06
45018,1.4453683901960446e-06
45019,5.17534530497521e-06
45020,4.455924813462353e-06
45021,9.383423053344053e-06
45022,5.231539231520532e-05
45023,0.0006023511458407294
45024,0.0009606461325089022
45025,0.0022689418513324178
45026,0.002147504124606958
45027,0.00336805700910614
45028,0.00509260109670584
45029,0.010552544677540965
45030,0.011207117357504348
45031,0.004154849743265299
45032,0.0037564268459182593
45033,0.015423818139070566
45034,0.04478375557950931
45035,0.004876419347960237
45036,0.012608277646112276
45037,0.02839161317510297
45038,0.008594620970753586
45039,0.02759405808090032
45040,0.05878523448536299
45041,0.051400720400638145
45042,0.06064447147555807
45043,0.03393483437693401
45044,0.03950816381539568
45045,0.03810491767288415
45046,0.020257428704918312
45047,0.023917260033654353
45048,0.038551048324684034
45049,0.04042753327026283
45050,0.021396765978484833
45051,0.02247707685262601
45052,0.030956672798461038
45053,0.03423671375716841
45054,0.0400186507094662
45055,0.05675004493244473
45056,0.04992633742777841
45057,0.05734551149121958
45058,0.060303973189260396
45059,0.05106566461201223
45060,0.05522881543255309
45061,0.05499572390956842
45062,0.05103561431854664
45063,0.050488377566043297
45064,0.04632849737143818
45065,0.04811383498655619
45066,0.04141078016281252
45067,0.033542060768737225
45068,0.042002324744392805
45069,0.04696367990739525
45070,0.059682176461658853
45071,0.05457204731366205
45072,0.05578666140146282
45073,0.04019561750773959
45074,0.05317128460963405
45075,0.09812951744847098
45076,0.06259509395686791
45077,0.07188966655611317
45078,0.04736437870051535
45079,0.03766509555320385
45080,0.034648072683291176
45085,0.1983228949267578
45086,0.29705768179856806
45087,0.2666545987816372
45088,0.33323140312533817
45089,0.33304273617625335
45090,0.38687975046477685
45091,0.038673008842565526
45092,0.01050430733458696
45093,0.03691595299723671
45094,0.9757182377018193
45095,0.9881252199975963
45096,0.9742455707213433
45097,0.9999993786275776
45098,0.7609330497617259
45099,0.9999999999696827
45100,0.9999994415442464
45101,1.0
45102,1.0
45103,0.19133203687744516
45104,1.0
45105,1.0
45106,1.0
45107,0.9999999999751054
45108,0.999994858743587
46009,6.048102352274043e-08
46010,5.4343322508643155e-08
46011,8.800576511980296e-08
46012,2.904848721563269e-07
46013,7.76365258747802e-07
46014,1.9352114222215278e-07
46015,3.9309331945069914e-07
46016,8.979176332468697e-07
46017,1.1105244555054128e-06
46018,9.67369623516845e-07
46019,1.0935850164317529e-06
46020,3.5007241951934276e-06
46021,6.474590219773813e-05
46022,0.0008460455370785658
46023,0.009169373719799201
46024,0.03859817327511905
46025,0.008360440439624361
46026,0.0035949231300740347
46027,0.005224789318087231
46028,0.010898016372144603
46029,0.013779789013434351
46030,0.0062890075908828
46031,0.0045341938912356605
46032,0.009335986457878365
46033,0.05863038751353533
46034,0.013354643487407003
46035,0.040447700253851915
46036,0.7290276857647954
46037,0.04040551692962113
46038,0.03020519056547466
46039,0.06417176943238212
46040,0.17642404788611044
46041,0.07502794162815685
46042,0.06879462463490849
46043,0.030786858426188446
46044,0.038375426217244546
46045,0.018488656570982642
46046,0.021920425541410937
46047,0.025276960928601544
46048,0.02196663304802815
46049,0.015396245082033966
46050,0.038281157477479844
46051,0.026970457304901663
46052,0.019171960577693103
46053,0.024606850552614246
46054,0.04511274104632734
46055,0.0501907886478874
46056,0.05465974777663474
46057,0.0572314730071698
46058,0.04184331684452447
46059,0.04269426162034051
46060,0.05383589692942459
46061,0.06300666939011268
46062,0.06139966795516294
46063,0.060253275714093335
46064,0.052876923240096185
46065,0.02888024310109627
46066,0.030133116531149695
46067,0.04456493398920458
46068,0.035884521986491946
46069,0.0452379970819784
46070,0.07199601805879663
46071,0.06596944942297889
46072,0.06873750571721438
46073,0.033581795753098276
46074,0.06310891466549717
46075,0.06872337575252041
46076,0.04810553123218608
46077,0.058893214215294476
46078,0.056648573600146634
46079,0.0741830335360828
46080,0.07092783061616281
46087,0.0015973592014124627
46088,0.9997920473343057
46089,1.0
46090,1.0
46091,1.0
46092,0.8708493098387137
46093,0.7295494127591418
46094,0.9999999913112675
46095,1.0
46096,1.0
46097,1.0
46098,0.9999999999923023
46099,0.880702869539279
46100,1.0
46101,1.0
46102,0.999999550695073
46103,0.999936135815776
46104,1.0
46105,1.0
46106,0.9999999999999862
46107,1.0
47011,1.4550502935861687e-07
47012,6.509446823788068e-07
47013,5.3170018887716e-07
47014,5.286850069952109e-07
47015,1.3681846144919518e-06
47016,3.3296452887077166e-06
47017,0.00012675908332204777
47018,7.96872330610654e-06
47019,2.118241048687519e-05
47020,7.124152367898873e-05
47021,0.0010046061497328562
47022,0.011879045397016008
47023,0.023168914169794497
47024,0.018825668407001173
47025,0.008377244860909183
47026,0.008868009847947
47027,0.014053113096303527
47028,0.014439676456328154
47029,0.016071198759299854
47030,0.02872129143774349
47031,0.03416274563190014
47032,0.024687843268453746
47033,0.014914119733744235
47034,0.036969783405506274
47035,0.5292555332201165
47036,0.7944851960326963
47037,0.14930795986814271
47038,0.05204715049849351
47039,0.2695168181815416
47040,0.050618124909272644
47041,0.03354606438636776
47042,0.12425293942418081
47043,0.051843254540679284
47044,0.028157091369023557
47045,0.031729125427293
47046,0.05151669679307258
47047,0.026235340898262405
47048,0.014797044473131571
47049,0.014283701575647512
47050,0.018727478436599276
47051,0.015578960548315646
47052,0.02586766403074614
47053,0.026337912379385764
47054,0.03255210626711025
47055,0.03811309814344532
47056,0.039203555670478285
47057,0.03564261907915778
47058,0.038143773379606616
47059,0.03726719999227557
47060,0.04744856564720212
47061,0.050151374557118156
47062,0.039689354414500944
47063,0.03533520630622977
47064,0.022594774214357405
47065,0.02742954725416169
47066,0.029169027097839972
47067,0.01938785489643846
47068,0.010397463776489535
47069,0.01648563517353885
47070,0.029842923533606847
47071,0.05907751460158328
47072,0.08133730009196194
47073,0.04101836299821893
47074,0.03239017649985687
47075,0.06083077893324951
47076,0.06424310620706009
47077,0.052442824720726366
47078,0.05595645726495713
47079,0.04633370007134752
47080,0.11952825200523931
47081,0.07092230921849152
47087,0.922697547816598
47088,1.0
47089,1.0
47090,1.0
47091,1.0
47092,0.9999999999978242
47093,0.7944020864051341
47094,0.3578369739497467
47095,0.3594298693500906
47096,0.9999148617691833
47097,0.9999998178813075
47098,1.0
47099,1.0
47100,1.0
47101,1.0
47102,1.0
47103,1.0
47104,1.0
47105,1.0
47106,1.0
47107,1.0
48011,8.266128459499811e-07
48012,1.3194160781715425e-06
48013,1.0053370254059502e-06
48014,1.6458999765323057e-06
48015,5.463650814219179e-06
48016,0.00012164413589244027
48017,0.00027500788575540724
48018,2.9170521863353116e-05
48019,0.00029348645326443545
48020,0.0044197227739749545
48021,0.006872464157425262
48022,0.0695287779760182
48023,0.046362803432589805
48024,0.018279916325503853
48025,0.008579881177497084
48026,0.02165431922811667
48027,0.04059023122329042
48028,0.02193346417980535
48029,0.021659222456081872
48030,0.1517318952669734
48031,0.057179845255357686
48032,0.03907128575012375
48033,0.07247725138339511
48034,0.030577610390020382
48035,0.42740959781420806
48036,0.294724759125111
48037,0.061300601512548014
48038,0.08016771855513538
48039,0.20382653357075697
48040,0.11706623554905005
48041,0.12304103052514959
48042,0.08483653856188544
48043,0.07981778445913812
48044,0.05412625584188535
48045,0.03841311358445565
48046,0.027323172110523597
48047,0.021650853648667256
48048,0.00959869059839602
48049,0.019919494004594918
48050,0.04069001285744511
48051,0.02019517420528294
48052,0.02584224737111862
48053,0.041724939209476286
48054,0.029876225335817352
48055,0.013013231388627089
48056,0.03613986223361221
48057,0.05264630641547485
48058,0.03454756825655447
48059,0.034014670341007025
48060,0.025479241730531843
48061,0.04675014620041662
48062,0.04976572521316014
48063,0.1116188081853885
48064,0.15124548399903592
48065,0.08117578164669159
48066,0.058613385031466514
48067,0.06407259395078302
48068,0.05489663742930728
48069,0.05512427750311033
48070,0.03648568258195628
48071,0.014162032650170686
48072,0.028099347255352902
48073,0.014448713828058235
48074,0.02191469676415858
48075,0.010905122179652782
48076,0.010771636982047417
48077,0.012710275217274525
48078,0.013960881010760318
48079,0.04139202454777757
48080,0.08069923356495567
48081,0.05648902722792992
48082,0.059048086531098054
48083,0.05420916186500213
48087,0.9999999999999224
48088,1.0
48089,0.9999996220595521
48090,0.9966519249523463
48091,1.0
48092,1.0
48093,0.999999999999893
48094,0.3495544647849267
48095,0.834941141476891
48096,0.9965663520143013
48097,0.9961864143555009
48098,0.9999999999970969
48099,1.0
48100,1.0
48101,1.0
48102,1.0
48103,1.0
48104,1.0
48105,1.0
48106,1.0
49011,1.7296560662627414e-06
49012,3.6499729395567115e-06
49013,3.898842888649945e-06
49014,7.291800460107467e-06
49015,1.2058153274430161e-05
49016,0.0022109609540124087
49017,0.0008239390510422773
49018,0.0005394669840917965
49019,0.0009985028353332037
49020,0.00048800398042991855
49021,0.6981918574588177
49022,0.2921337901650506
49023,0.0501332276784594
49024,0.024714053194000662
49025,0.02293518714591547
49026,0.060613734945077935
49027,0.08248458580584417
49028,0.04747868804446942
49029,0.027339130139723666
49030,0.04495203911576007
49031,0.10547519307710163
49032,0.08006402971308824
49033,0.06591936394709874
49034,0.05976840865602828
49035,0.3297677227827478
49036,0.1941386689426916
49037,0.06969106429463867
49038,0.04834913531795826
49039,0.08619588799846689
49040,0.2593071433037747
49041,0.10564419436611128
49042,0.15012764895095387
49043,0.12674976100887148
49044,0.0799326350557672
49045,0.1044459982038215
49046,0.0711900968465865
49047,0.06374931281383911
49048,0.020823995860031586
49049,0.04536670683414379
49050,0.2597517817539191
49051,0.24860575528446893
49052,0.06729652562860988
49053,0.035846806281720656
49054,0.033526290961080396
49055,0.04017412207726623
49056,0.040594271935517456
49057,0.01809689885762944
49058,0.018154779755516604
49059,0.02191516337357957
49060,0.08440641900100243
49061,0.0895020967946959
49062,0.08434067637264664
49063,0.08597773340156012
49064,0.12931090526581257
49065,0.06665190873682081
49066,0.09459852621805853
49067,0.06467467816327299
49068,0.06854845159065892
49069,0.08005532866536513
49070,0.07482016014548132
49071,0.08022037700328966
49072,0.08681806143180781
49073,0.8995722005516997
49074,0.19010611019755685
49075,0.08778188196477887
49076,0.04646932503517287
49077,0.07987308700961404
49078,0.35591627998721065
49079,0.01234844831643711
49080,0.03702676869364041
49081,0.05317467397612452
49097,0.9999999960862739
49098,1.0
49099,1.0
49100,1.0
49101,1.0
49102,1.0
49103,1.0
49104,1.0
49105,1.0
49106,1.0
50012,2.717433091437016e-06
50013,7.128071954687343e-06
50014,2.6968396780846504e-05
50015,0.0006630743344194778
50016,0.0016483222465487612
50017,0.003098434046283516
50018,0.0046391381594854675
50019,0.09617989682674766
50020,0.08086871670025197
50021,0.42525915319011687
50022,0.3040663253945515
50023,0.0970534066703388
50024,0.07801053888237197
50025,0.0942046443364486
50026,0.1455036933230337
50027,0.28477549398463486
50028,0.23594857804260483
50029,0.11091555939440512
50030,0.04129564781827921
50031,0.0777408847565868
50032,0.09660949995230894
50033,0.08959440918586514
50034,0.06672422870877659
50035,0.09674958089209429
50036,0.10366683709093472
50037,0.20814451471380135
50038,0.08334379099901967
50039,0.16731812626186648
50040,0.6126020392431034
50041,0.167088728627672
50042,0.13004654321683629
50043,0.16023496831024353
50044,0.1283004177891881
50045,0.12025813165425481
50046,0.07828697475739999
50047,0.11191477220671642
50048,0.18161668783019513
50049,0.6646286443200231
50050,0.3709075881661902
50051,0.26487663738504186
50052,0.4152889186837312
50053,0.23753594597335137
50054,0.10189850067557182
50055,0.09955069825360685
50056,0.14403974764624294
50057,0.031028068856424618
50058,0.02876337198113621
50059,0.0391073618734048
50060,0.08220162376655293
50061,0.46835270319489974
50062,0.5561286852091356
50063,0.2729650331314569
50064,0.05469418218196109
50065,0.0766183397643524
50066,0.05490085852557347
50067,0.05502289390332271
50068,0.048350933563595655
50069,0.11026725630856338
50070,0.08542514960559289
50071,0.4283148816188015
50072,0.22358020914227783
50073,0.05161054645007779
50074,0.14379332975061454
50075,0.10809061745594495
50076,0.04455365501527919
50077,0.30128348506613856
50078,0.2564203392184913
50079,0.015721687756706237
50080,0.043484423621626744
50097,0.21868042809252242
50098,0.6621748209052875
50099,0.9999999999922243
50100,1.0
50101,1.0
50102,1.0
50103,0.9999999999999994
50104,1.0
50105,1.0
50106,1.0
51012,5.992523508524528e-07
51013,4.144409231354729e-06
51014,0.00031312588454623924
51015,0.026394969771003085
51016,0.0377738899585538
51017,0.08432244059310245
51018,0.26497457409652025
51019,0.512850961409822
51020,0.7120283100220769
51021,0.8901060622179626
51022,0.18572843207911283
51023,0.17560058577987447
51024,0.06281423281197462
51025,0.09404248278334493
51026,0.08709322617529514
51027,0.13533267418945538
51028,0.08021208619676623
51029,0.09757504999637212
51030,0.01891198067272093
51031,0.07358532641744553
51032,0.05073700635803857
51033,0.2897516848927394
51034,0.17113537403986645
51035,0.13869228358212782
51036,0.40320546096038135
51037,0.23554341441351767
51038,0.18637178822451483
51039,0.34868760555116984
51040,0.37954377196422884
51041,0.0989102959485808
51042,0.14211647907725944
51043,0.1805851848229182
51044,0.167566760138523
51045,0.595283182183942
51046,0.543598712551893
51047,0.4833853842914577
51048,0.3163343504742603
51049,0.06714344938554284
51050,0.07931740961714306
51051,0.03940414598084774
51052,0.05732505371447916
51053,0.05950309904183182
51054,0.06311115050114036
51055,0.09099531172096964
51056,0.06357986633924251
51057,0.034491879340148524
51058,0.07123784070355854
51059,0.0727607189556072
51060,0.13300736112646983
51061,0.23893722145676288
51062,0.2997840905746465
51063,0.2151765989632043
51064,0.06294045590027386
51065,0.1346771741892664
51066,0.20095523799495718
51067,0.0415006579138365
51068,0.06774672449105734
51069,0.31354667634998645
51070,0.7715132235163515
51071,0.4456942105290762
51072,0.1962574826186414
51073,0.12599346659077248
51074,0.027956433264129776
51075,0.05050735480675961
51076,0.0764862535987395
51077,0.4170722957169122
51078,0.3075400765921473
51079,0.02631791667460104
51097,0.9976091955576819
51098,0.9999975295406794
51099,1.0
51100,1.0
51101,1.0
51102,1.0
51103,0.4474745800652382
51104,0.999999998196017
51105,1.0
52012,4.1202633704884306e-07
52013,4.872002358768945e-06
52014,0.0006981233112548502
52015,0.01987136533576439
52016,0.029051193467927616
52017,0.055148573150085256
52018,0.4337992615975581
52019,0.5744187228928941
52020,0.8119756879488993
52021,0.8897378381155837
52022,0.1749013422016552
52023,0.18930878872147594
52024,0.051480365464801614
52025,0.24820884349350092
52026,0.2723292186366916
52027,0.08452143076497642
52028,0.10927567258841309
52029,0.040822306275270503
52030,0.034812706427938656
52031,0.1308712741199578
52032,0.10413683435868148
52033,0.17872327068163207
52034,0.24365526558036577
52035,0.22284249401650902
52036,0.2898586368211964
52037,0.3529586620548467
52038,0.2100786600443426
52039,0.19434309639758784
52040,0.19925090835474535
52041,0.32520061353547947
52042,0.44027455095108425
52043,0.34011941464674944
52044,0.4353963142832442
52045,0.8056064469967821
52046,0.4137037381409806
52047,0.06597962140919478
52048,0.0407055314859085
52049,0.19418589900754457
52050,0.4857063896003154
52051,0.0782954941087467
52052,0.20319106222852623
52053,0.25977981199049893
52054,0.28810262407830967
52055,0.38929527836888256
52056,0.30777041742813294
52057,0.6067369860096694
52058,0.16241033507761093
52059,0.07603468215988796
52060,0.1687394057380981
52061,0.10196398810021245
52062,0.1205406220992078
52063,0.086677484418476
52064,0.2610728734418375
52065,0.2874827855301496
52066,0.21761418880183003
52067,0.5333445872871245
52068,0.33127029384268836
52069,0.07527145763424292
52070,0.03195057626712072
52071,0.021040821298698664
52072,0.010459131593835047
52073,0.018805791884666023
52074,0.025171810756946633
52075,0.07233503611029446
52076,0.09448353368399476
52077,0.20654526358584302
52078,0.1565631151746668
52079,0.03386046655645414
52080,0.025190844280826852
52081,0.020650759963147913
52096,1.0
52097,1.0
52098,1.0
52099,1.0
52100,1.0
52101,1.0
52102,1.0
52103,0.9999999745660174
52104,1.0
53004,2.409353052623686e-07
53005,8.784304084130667e-08
53006,1.0256989602108746e-07
53007,1.2061588605671858e-07
53013,7.508714225834545e-06
53014,0.0017298307480003716
53015,0.02506569999990582
53016,0.018495475384229465
53017,0.03745747677172728
53018,0.3821788554827764
53019,0.5088288169677783
53020,0.7951710126958107
53021,0.8741012306557507
53022,0.14388159580568483
53023,0.06164572369589394
53024,0.29456727551083384
53025,0.6544695194013691
53026,0.38914230796312055
53027,0.14587920507099594
53028,0.08789208244393787
53029,0.08665765013222138
53030,0.06049974676113168
53031,0.07506140936740757
53032,0.12195935682297743
53033,0.16628768012075068
53034,0.10024079811025544
53035,0.11691428408378124
53036,0.19464601537238024
53037,0.5572032064612288
53038,0.4144443911580308
53039,0.3424514299589645
53040,0.18290622838009007
53041,0.20095951726917594
53042,0.4103726648352438
53043,0.25565443528365484
53044,0.11753806451040094
53045,0.18039105695566082
53046,0.04844471881628132
53047,0.4225195531973459
53048,0.19895207773344814
53049,0.20767870056052873
53050,0.4120357935472876
53051,0.06913542583082877
53052,0.017560586712879855
53053,0.1388553639750435
53054,0.18916394461631592
53055,0.1379746812158713
53056,0.1026469861226631
53057,0.09867066715542994
53058,0.026342326946314998
53059,0.001477123928991908
53060,0.11705831624773422
53061,0.18198754518665128
53062,0.1343864042992734
53063,0.09856448549451868
53064,0.06253361155631698
53065,0.24059213485291608
53066,0.454155219885801
53067,0.1688148794296669
53068,0.10263585323173685
53069,0.08050035099069774
53070,0.1817994297893737
53071,0.03785760186749976
53072,0.07132417581913475
53073,0.017093930138886937
53074,0.024317477713011626
53075,0.05621342853189448
53076,0.20224560515493972
53077,0.10008531903273321
53078,0.07832385961086286
53079,0.03590868666607172
53080,0.047951973241531
53081,0.03568570394499071
53082,0.06249413211996813
53095,1.0
53096,1.0
53097,1.0
53098,1.0
53099,1.0
53100,1.0
53101,1.0
53102,1.0
53103,1.0
53104,1.0
54004,2.3714948282904658e-07
54005,9.37873972928216e-08
54006,1.5208694836843506e-07
54007,2.277034576381176e-05
54008,2.3650721991952395e-07
54009,3.741758942799045e-06
54010,2.3897082668256076e-06
54012,1.0023461456620808e-05
54013,3.853154880439913e-05
54014,0.0001304467736619186
54015,0.0015231759569710457
54016,0.017282944657021404
54017,0.01663820395265736
54018,0.07803468627730425
54019,0.21470138810652684
54020,0.7721800091999562
54021,0.6637070996826122
54022,0.054264573064348176
54023,0.07969467201493108
54024,0.10683592650764029
54025,0.4980257451486957
54026,0.6159658369023718
54027,0.23941668738010458
54028,0.16605286907366446
54029,0.08202528691510391
54030,0.09316879285419866
54031,0.10116494782274421
54032,0.2186532514544155
54033,0.16424026888536736
54034,0.12144548348450013
54035,0.1270640517961632
54036,0.39142329351244565
54037,0.6954254996511404
54038,0.5156238890852487
54039,0.1255413311704766
54040,0.20368660123072868
54041,0.3333818347415495
54042,0.2090562330982222
54043,0.0777920527884306
54044,0.18129296304045195
54045,0.047237042183161715
54046,0.10350383304184108
54047,0.18665260018768692
54048,0.15451478363652993
54049,0.03222765601167166
54050,0.048153670206392385
54051,0.07907484386722285
54052,0.09689782127792346
54053,0.10200940157227756
54054,0.11312182982205854
54055,0.6168389091156634
54056,0.3727804609877232
54057,0.3723570079243176
54058,0.2878674436315515
54059,0.2092106754328824
54060,0.15291589450711318
54061,0.2643822745407933
54062,0.25668906733623886
54063,0.21203685913361192
54064,0.21690711804872864
54065,0.2592210263150079
54066,0.19128220613675595
54067,0.07869826215243902
54068,0.20858616613837133
54069,0.1064810283886084
54070,0.26649345837364524
54071,0.1699627174186541
54072,0.3781532033342051
54073,0.26202601629436395
54074,0.07700105210088393
54075,0.03481875918705635
54076,0.04550192766027661
54077,0.04153256012525286
54078,0.035623034504585815
54079,0.03550301996690508
54080,0.025949839156773624
54081,0.044081266647581385
54082,0.08936108606043058
54093,0.940026254132991
54094,1.0
54095,1.0
54096,1.0
54097,1.0
54098,1.0
54099,1.0
54100,1.0
54101,1.0
55002,0.0010655453886163624
55003,0.00670529713888246
55004,0.0004983797391535649
55005,4.5937063401946254e-05
55006,1.4228347701150668e-06
55007,3.2959901608009545e-07
55008,1.1640030884718655e-06
55009,1.3236377987002612e-06
55010,9.119801372803327e-05
55011,6.343584187795681e-05
55012,1.2686022403674002e-06
55013,3.3584576126788335e-06
55014,3.474471243902766e-05
55015,0.0002926102751472648
55016,0.0035248327606617336
55017,0.019365397934649642
55018,0.15501926122763943
55019,0.12328036835413902
55020,0.3359535186011745
55021,0.2789979764824755
55022,0.1287171094451769
55023,0.148192885326636
55024,0.384159236209508
55025,0.9304578304645862
55026,0.14677944721000025
55027,0.2723262892682905
55028,0.22906909059936453
55029,0.12263280255647369
55030,0.1325569957913202
55031,0.29977735129487515
55032,0.32489618247574104
55033,0.18213791318682238
55034,0.1778930880017351
55035,0.2983735154367274
55036,0.48556137807119815
55037,0.3775642864367954
55038,0.5227961745159418
55039,0.13356387176142182
55040,0.5743725733776258
55041,0.3838270660809163
55042,0.17552463338061908
55043,0.12963842563950834
55044,0.1771744612322187
55045,0.1650119827562455
55046,0.12971144782937105
55047,0.4546395673674569
55048,0.17341344241480106
55049,0.4933899928635176
55050,0.16042229379383366
55051,0.12085527516500272
55052,0.23617462387717414
55053,0.08313664863654968
55054,0.19033323705072736
55055,0.4641318704773052
55056,0.28325720786082864
55057,0.3867961402870461
55058,0.36219916071622027
55059,0.5272383137464732
55060,0.5122232832204447
55061,0.5512243116440498
55062,0.38620467929817104
55063,0.47623136902876095
55064,0.6476705572862909
55065,0.38545841850221385
55066,0.20765570851945658
55067,0.0913297245753587
55068,0.13275144006642514
55069,0.23331080744925725
55070,0.07601176168695034
55071,0.09067197357652357
55072,0.08175669678672093
55073,0.06582733820301268
55074,0.044238165450871336
55075,0.0809327676663838
55076,0.13831154288503278
55077,0.11625015612753842
55078,0.03693993663914796
55079,0.04810954141171653
55080,0.045184712068289334
55081,0.04798666556755071
55093,0.999561890190959
55094,1.0
55095,1.0
55097,1.0
55098,1.0
55099,1.0
55100,1.0
55101,1.0
56002,0.0014988093989872775
56003,0.0023923027653234286
56004,0.007061948489117231
56005,0.0026941118993604185
56006,0.00028114085812469547
56007,0.0001793278860926506
56008,4.209335371541112e-05
56009,0.00017147914290538413
56010,0.00028286581389347365
56011,2.696464723384029e-05
56013,1.211889676611122e-06
56014,9.164661630700621e-06
56015,0.0001675649641992294
56016,0.0013188787615973085
56017,0.04183501865414163
56018,0.507979594067941
56019,0.16292409914941308
56020,0.09620406779264157
56021,0.22163796153163728
56022,0.4468596550193057
56023,0.44544976466518005
56024,0.4644808142283271
56025,0.617071750826659
56026,0.2301781654247057
56027,0.25072106997257293
56028,0.20418960395474495
56029,0.14428143843986496
56030,0.16153351035660457
56031,0.3434421903336401
56032,0.20693391398708694
56033,0.1598618271961435
56034,0.1908746156397365
56035,0.23241913269361847
56036,0.27917621541328674
56037,0.17119910617207967
56038,0.5684713823440455
56039,0.3313970022578461
56040,0.828348471947523
56041,0.41507234595800824
56042,0.31222537798078487
56043,0.22163790024222618
56044,0.22207924263593537
56045,0.22021243004552005
56046,0.316200026000217
56047,0.24772882843232447
56048,0.209312026803113
56049,0.29168121119653356
56050,0.5571509635440354
56051,0.24283738720135062
56052,0.2949530261858063
56053,0.04855359227834288
56054,0.02828041081822208
56055,0.16166152123270605
56056,0.19374379230964245
56057,0.14770932991579844
56058,0.16009547009763547
56059,0.06744625723351061
56060,0.04108065475694411
56061,0.20976548992899857
56062,0.4496506801750628
56063,0.3969313852999785
56064,0.3935389063235384
56065,0.3200432445694862
56066,0.10653928830703907
56067,0.031302192469052414
56068,0.044812502335752846
56069,0.04863771086087565
56070,0.3598028347716239
56071,0.4089617206169516
56072,0.20245515158546512
56073,0.03544954867076566
56074,0.09718555793307937
56075,0.09567697176130574
56076,0.07837117759296364
56077,0.043749360267187565
56078,0.031921358971836455
56079,0.05337529160515864
56080,0.05865846247436779
56081,0.04432353501043096
56082,0.05131949998558749
56093,0.9842108522090893
56094,1.0
56097,1.0
56098,1.0
56099,1.0
56100,1.0
56101,1.0
57003,0.004152440254209133
57004,0.002756056933817752
57005,0.0077681392182851194
57006,0.002366254679589397
57007,0.002043073728720146
57008,0.0029844504377189995
57010,8.479027848784515e-05
57011,0.00022461916154870032
57012,0.0017042955594928078
57013,0.00023461192399454323
57014,6.967095534826662e-05
57015,0.0005790138852707072
57016,0.007670152328649205
57017,0.024445506772693415
57018,0.0853344496789189
57019,0.20790703640965535
57020,0.06553910182526201
57021,0.18443654792877517
57022,0.5792988127203189
57023,0.5464102688091507
57024,0.2436088677101489
57025,0.221408477140699
57026,0.074344366452607
57027,0.0725794006418089
57028,0.0827479932308397
57029,0.2701547811600723
57030,0.2287543038231905
57031,0.2778947960622583
57032,0.21080152969609467
57033,0.24278637066467545
57034,0.17450575522770806
57035,0.177124638459905
57036,0.13760923980758666
57037,0.30523016981356643
57038,0.3147625297259342
57039,0.7116204412675169
57040,0.8567675545545836
57041,0.10055161542266633
57042,0.3137724551053015
57043,0.18501111139726834
57044,0.43829116201405705
57045,0.28848317090490927
57046,0.09599190917570966
57047,0.2697890356156418
57048,0.19794380520751143
57049,0.28089687458474466
57050,0.2676323906242487
57051,0.30873356880690817
57052,0.5035612273033125
57053,0.22026350762454128
57054,0.10744593366755517
57055,0.033695098159290504
57056,0.02622035678548973
57057,0.1552683132734647
57058,0.058396814545890297
57059,0.03911814362364607
57060,0.055769033064933415
57061,0.17931139066287372
57062,0.32472342459609127
57063,0.3757476795893341
57064,0.39441644446512825
57065,0.2659883363047032
57066,0.026797079598787632
57067,0.05045966649283373
57068,0.04457430729201417
57069,0.1635542344448475
57070,0.31720316790679315
57071,0.054149240602357596
57072,0.2822358715260693
57073,0.05941869969105429
57074,0.12130832107578038
57075,0.10391452729610584
57076,0.055977059602450696
57077,0.06475275766087107
57078,0.037351977700757155
57079,0.029237285323089557
57080,0.04118885486932611
57081,0.04200681816176022
57082,0.08318758302063745
57083,0.07526078447480256
57094,0.999999999999962
57097,1.0
57098,1.0
57099,1.0
57100,1.0
58005,0.014286567015675544
58006,0.003552655775931224
58007,0.0010239354554224533
58010,0.0037257229855169882
58011,0.011757764176677843
58012,0.009547520437733548
58013,0.0040125763669210945
58014,0.010034020252524534
58015,0.0035233780072232435
58016,0.00644390497542735
58017,0.09039758421323663
58018,0.23097336257459788
58019,0.26831487950654886
58020,0.23226068530284794
58021,0.10929669156637412
58022,0.11186788802880743
58023,0.2935651257981633
58024,0.1095989547128775
58025,0.11623197745319669
58026,0.08545949764536265
58027,0.057926304563192255
58028,0.10274013012071581
58029,0.22853617234437407
58030,0.33949507455536865
58031,0.24593931859766593
58032,0.3021560639390851
58033,0.3392268192892477
58034,0.4099292616679252
58035,0.3310165650408007
58036,0.4538733556698612
58037,0.6337404537993753
58038,0.8593786848173626
58039,0.5771847573719391
58040,0.17470508085691672
58041,0.1660730969903519
58042,0.19062875216648
58043,0.10322817063335865
58044,0.2780648922211427
58045,0.2339811096904999
58046,0.47623209516493015
58047,0.11586603284785735
58048,0.6316028447553248
58049,0.6930106972666671
58050,0.48473496298953966
58051,0.31219127772615896
58052,0.1885840678347298
58053,0.08811051835284822
58054,0.27756810405710175
58055,0.12403425539254409
58056,0.10794215071878721
58057,0.18481462716698127
58058,0.23097089664879156
58059,0.18093533582119892
58060,0.22658533857012875
58061,0.1902396341175705
58062,0.3270512879194719
58063,0.5410358956463277
58064,0.386175777071767
58065,0.31914007843956516
58066,0.275143446742357
58067,0.09369437345370035
58068,0.28174039658668126
58069,0.4883895716770986
58070,0.5418273006965904
58071,0.5660012148544942
58072,0.32043837818639975
58073,0.30067032857573783
58074,0.23969059054885888
58075,0.15665344065138254
58076,0.09914506503068243
58077,0.07414321336610408
58078,0.07478086604006962
58079,0.06200823135591971
58080,0.07010908651295011
58081,0.20169555608165657
58082,0.10248863389716789
58083,0.12004918757265248
58098,1.0
58099,1.0
59009,0.02694602417233305
59010,0.03063035670015546
59011,0.022219350474864785
59012,0.005485282602401109
59013,0.003746031425568064
59014,0.017052938626044845
59015,0.004648674618075943
59016,0.0013798769159694135
59017,0.03465077493946567
59018,0.2171004267893727
59019,0.601645925565043
59020,0.4393200307902453
59021,0.070766550151665
59022,0.3765172211042348
59023,0.5144637554511677
59024,0.9393130455540645
59025,0.157565724624515
59026,0.29715623374690936
59027,0.24186282784315427
59028,0.40999074487292786
59029,0.2766838137008385
59030,0.21246129045340278
59031,0.13678822403223134
59032,0.7574690051216517
59033,0.7107013204494765
59034,0.5866895708257027
59035,0.2639160310245716
59036,0.23535160989822423
59037,0.24310374728612116
59038,0.18413158415274278
59039,0.3602214953795041
59040,0.754612800901947
59041,0.941992142259845
59042,0.7472267912988491
59043,0.60163103081607
59044,0.322196825874278
59045,0.17554338048198037
59046,0.05664996268937994
59047,0.025997863748413952
59048,0.15821586103102403
59049,0.24524382613477758
59050,0.4839740913045948
59051,0.3455635833556394
59052,0.48539091925543354
59053,0.3824578169912213
59054,0.30297956509281176
59055,0.3167379922702126
59056,0.4386658210577753
59057,0.47242727446042276
59058,0.33867381463391555
59059,0.5888267663092079
59060,0.42108610260798174
59061,0.2378321036606733
59062,0.15161701896657742
59063,0.28377733352765955
59064,0.3216186491886718
59065,0.22679502377783822
59066,0.3936605014713396
59067,0.32982940670408356
59068,0.4942010162970968
59069,0.6564520394864097
59070,0.41146951215585104
59071,0.025880987321214022
59072,0.08659360172313779
59073,0.44687991398703186
59074,0.31113378986575957
59075,0.11573310225367883
59076,0.11111713314154759
59077,0.1158937070860645
59078,0.10395174791019501
59079,0.10058606189272767
59080,0.14302418288726093
59081,0.7001427041053703
59082,0.06375131617698793
59083,0.04768501692209215
59098,1.0
59099,1.0
60006,0.006400206913960593
60007,0.015249961864099104
60008,0.1323706440571616
60009,0.05198151298546161
60010,0.25657408631471357
60011,0.05359503054912962
60012,0.04839883822647739
60013,0.014406583920946292
60014,0.01870969661829447
60015,0.008619912282262998
60016,0.0005048618855713061
60017,0.0017929756139108965
60018,0.11953349294891458
60019,0.3452639832285208
60020,0.3199687877946583
60021,0.09757623054401232
60022,0.7541427024592202
60023,0.4445597209609756
60024,0.5118807133681169
60025,0.2108671905687256
60026,0.12592905191136616
60027,0.24520872573803043
60028,0.7061078843620627
60029,0.5228357757448014
60030,0.8674378793929791
60031,0.7493112686560149
60032,0.7444720174766506
60033,0.9325494267970404
60034,0.3647271925092773
60035,0.34056648078458795
60036,0.35663310797692815
60037,0.379774332886865
60038,0.8176370854676807
60039,0.131732056381624
60040,0.9179961959744332
60041,0.434684897980426
60042,0.5998659444729076
60043,0.2637838676699965
60044,0.13111338350908852
60045,0.207250670057599
60046,0.09679450116163157
60047,0.07031770911149582
60048,0.19355731146619548
60049,0.19117617631095218
60050,0.5889857612203429
60051,0.2692790687681549
60052,0.389917939539302
60053,0.5145491922547603
60054,0.36359732664714195
60055,0.6765925911899683
60056,0.33274887063762215
60057,0.507719121155912
60058,0.015761634279682357
60059,0.7573638108654486
60060,0.391155276825658
60061,0.6438309567512032
60062,0.26268993975511645
60063,0.2933172314910071
60064,0.555404744075549
60065,0.41350583661072626
60066,0.2578730700661582
60067,0.20666176266796743
60068,0.5389024008749135
60069,0.9215794226197978
60070,0.5229623210676745
60071,0.12891387012429423
60072,0.3126541542771657
60073,0.6085667227231584
60074,0.1906572684494956
60075,0.10862903658434209
60076,0.08778922384615528
60077,0.10061770479784327
60078,0.13385835416310154
60079,0.08784101081135709
60080,0.2334263765188933
60081,0.28062993353419174
60082,0.07290089216337603
60083,0.0074123048188324825
60098,1.0
60099,1.0
60100,1.0
61004,0.00014351567762960205
61005,0.015207366968909786
61006,0.024426152883906926
61007,0.024094311880701436
61008,0.06774078578167086
61009,0.0604936334522036
61010,0.05769797631594775
61011,0.040001640961136786
61012,0.16886578397076502
61013,0.06231941682621922
61014,0.01690111636847791
61015,0.010850970366395374
61016,0.00010120428814153204
61018,0.007343062991329696
61019,0.09254147620157749
61020,0.1823816756161626
61021,0.10464372534715771
61022,0.2491850967828425
61023,0.7208892428625326
61024,0.3206591485378052
61025,0.1659209791818651
61026,0.37551211490029823
61027,0.30343976131086503
61028,0.19731533240124388
61029,0.20412468212310797
61030,0.10145533429654396
61031,0.1184822432755841
61032,0.11429495857082672
61033,0.12998828370431992
61034,0.0021282863689047193
61035,0.09767028360918839
61036,0.27564349232013596
61037,0.7368958124845904
61038,0.6324119099698963
61039,0.4529401844352202
61040,0.547396134204917
61041,0.5503568307040336
61042,0.16658525326539209
61043,0.11752230253118567
61044,0.06325005995548882
61045,0.03003680125994268
61046,0.07039989704465577
61047,0.3133850366839036
61048,0.7116759574758884
61049,0.44336819275242223
61050,0.4017075504241029
61051,0.5496594750110912
61052,0.7411581885980771
61053,0.25315416344000174
61054,0.12918292251206687
61055,0.07127505942213463
61056,0.03131073761530423
61057,0.10537684646585621
61058,0.04428569180545694
61059,0.36392026377817943
61060,0.5437360417971036
61061,0.27376412784088777
61062,0.6359966933573209
61063,0.3822829974651025
61064,0.2836369283786562
61065,0.5418487415979424
61066,0.5259100148513993
61067,0.6211864336267263
61068,0.9373975579586932
61069,0.3060664542556879
61070,0.09914371361123575
61071,0.21660566250338698
61072,0.5911265796666271
61073,0.7298440720146904
61074,0.16516005686978108
61075,0.25766737872810264
61076,0.1533234812934935
61077,0.12004001048729762
61078,0.17995655807128363
61079,0.09389871880272882
61080,0.047222122891385054
61081,0.10096800273049844
61082,0.05333799815620832
61083,0.0633472275566096
61099,1.0
62005,0.019279705818988857
62006,0.28691836244114355
62007,0.28575545681961023
62008,0.13971778001528667
62009,0.06299054409478266
62010,0.06189112355664139
62011,0.08035915499466773
62012,0.06129386975253903
62013,0.04900931611933235
62014,0.01786325604699268
62015,0.004699948007961585
62016,3.4020349926722204e-05
62018,0.0003925492461550606
62019,0.02045495454197599
62020,0.08468740498537897
62021,0.2457062779778293
62022,0.8238641984642284
62023,0.6726751865399646
62024,0.2790159798775932
62025,0.5333653630745303
62026,0.3581893403618446
62027,0.08491186974046938
62028,0.1294609970188224
62029,0.03028732592599792
62030,0.044146986674141075
62031,0.02789244629714127
62032,0.02789304926535774
62033,0.0348092919019336
62034,0.02451396473439038
62035,0.16289257580327976
62036,0.8835341500880166
62037,0.9125516609400453
62038,0.6946322281017397
62039,0.33242340791435143
62040,0.16045527153742478
62041,0.06347597087952805
62042,0.5283862403680515
62043,0.2736789214999267
62044,0.1125178632614201
62045,0.20252714668160765
62046,0.3882997705833203
62047,0.3419751991777048
62048,0.13869679964390536
62049,0.8559218302500748
62050,0.8258135654295651
62051,0.6057280321741225
62052,0.6335530392542464
62053,0.16887849777347153
62054,0.11810922667930801
62055,0.09091224986889301
62056,0.027217142794231264
62057,0.028107801755077766
62058,0.043391031541208824
62059,0.069846726821152
62060,0.06150720666532894
62061,0.16861237508542626
62062,0.6328580594398845
62063,0.20685589168786678
62064,0.06929901228086399
62065,0.44431921003287345
62066,0.9941802169416888
62067,0.5338824049577375
62068,0.7329193667270539
62069,0.5296382497931458
62070,0.07495076716164406
62071,0.11817689748490057
62072,0.8949375714983141
62073,0.99999995960098
62074,0.7331283612591951
62075,0.4127220722063102
62076,0.29211160211943576
62077,0.2212340869538595
62078,0.1091378142990751
62079,0.044967978661582864
62081,0.05632612574126317
63006,0.03318734428285752
63007,0.09615475005924456
63008,0.14058146874896815
63009,0.38686445991751295
63010,0.4837738948620456
63011,0.09161060215897288
63012,0.1253869516449463
63013,0.024865840868803946
63014,0.011791244532805112
63015,0.015129788297570279
63016,0.06616298943879961
63018,9.208949365246966e-05
63019,0.035872387753139945
63020,0.028389393284180775
63021,0.057362769110042455
63022,0.6315751796262272
63023,0.6933213700883958
63024,0.7095644625343388
63025,0.708558101078379
63026,0.21487993933999816
63027,0.18766352086826465
63028,0.09919044587187287
63029,0.3248030823522078
63030,0.3410249801353097
63031,0.10536103231219507
63032,0.05759512284731305
63033,0.045193078182025226
63034,0.10706326328914728
63035,0.591986195388394
63036,0.9434123880292519
63037,0.9932781855381981
63038,0.2969538319452678
63039,0.16063988843796095
63040,0.19504504894940478
63041,0.1371368707952041
63042,0.21282915886500775
63043,0.22070747723300055
63044,0.5921205435413084
63045,0.3553971726892613
63046,0.13351915548965676
63047,0.10951423699783858
63048,0.09245120821425024
63049,0.23518781433105518
63050,0.9442693140469652
63051,0.6527371270941312
63052,0.1662410075507823
63053,0.0694326152237057
63054,0.05274995061525001
63055,0.021033562969407837
63056,0.03074425092958133
63057,0.08778657823001301
63058,0.20616640446644363
63059,0.19865943327052182
63060,0.22478350853331341
63061,0.10708901881260913
63062,0.6966640336465653
63063,0.009227123430970985
63064,0.5082827057839654
63065,0.9364386043374543
63066,0.9438709639971624
63067,0.7843913131240761
63068,0.9529933901446901
63069,0.4608087342619315
63070,0.22871216574683195
63071,0.09975679545962923
63072,0.9615530889337252
63073,0.9896013708069332
63074,0.1431245762213903
63075,0.10986580209722563
63076,0.05717249131230728
63077,0.09503531444564361
64007,0.11723421405324819
64008,0.13009071712696307
64009,0.959195079007962
64010,0.4711163377435513
64011,0.12036347299323791
64012,0.08765605901547824
64013,0.03366017928246323
64014,0.025420569898966128
64015,0.07414603158671096
64016,0.02353363984992851
64019,0.08777847572994146
64020,0.08302259259712574
64021,0.3366788287212804
64022,0.4742490159397925
64023,0.043990858120319554
64024,0.07687075072050087
64025,0.0894596409361158
64026,0.08040566792594106
64027,0.14223978826845085
64028,0.23503075772412674
64029,0.7012185813535889
64030,0.8403465029284227
64031,0.31752489286518415
64032,0.2809409527264367
64033,0.26037329584272517
64034,0.6660533932597252
64035,0.6791209954312123
64036,0.9996812404617229
64037,0.8269582403429971
64038,0.705020052146115
64039,0.533953684067993
64040,0.3472295632223541
64041,0.16010073952629778
64042,0.11988799711750742
64043,0.09628329646789291
64044,0.07341501723850041
64045,0.10629249956850584
64046,0.1365104038798488
64047,0.14656025005100537
64048,0.2978355146267567
64049,0.08602663563967294
64050,0.9491349519516966
64051,0.5228678453158999
64052,0.0635155459247736
64053,0.025922323608630005
64054,0.01773861505666885
64055,0.022689292156107377
64056,0.0576844137665824
64057,0.6453777454791623
64058,0.4279961237028833
64059,0.32108824372274203
64060,0.7214476354204458
64061,0.16393487260539308
64062,0.12101578054041462
64063,0.1832018249892705
64064,0.9438979846941403
64065,0.9403937670863123
64066,0.8751746604722014
64067,0.425001510566126
64068,0.8088017636022464
64069,0.9920121279797356
64070,0.4664027296815696
64071,0.30215971245930917
64072,0.7651283626659593
64073,0.6876009662101819
64074,0.8301631136221685
64075,0.05159190020261262
65008,0.42117777877013673
65009,0.20047865543963517
65010,0.9872699421461799
65011,0.9920489307251643
65012,0.5871136065526008
65013,0.07126674836943914
65014,0.011673330024948303
65015,0.01602627019395264
65019,0.030087239439041902
65020,0.2645600487169255
65021,0.3314415415642643
65022,0.16795935935826578
65023,0.19835416051686094
65024,0.16667471665411238
65025,0.02431768946423385
65026,0.02591283281842205
65027,0.0838354154594847
65028,0.13086347190532255
65029,0.14879416477051588
65030,0.24728724703290017
65031,0.40372676829259624
65032,0.40949558514325746
65033,0.6202654455689134
65034,0.853976535580398
65035,0.43719979713456514
65036,0.3449048976929323
65037,0.08456820460545234
65038,0.07447566090423585
65039,0.03365041601010621
65040,0.0905089756141827
65041,0.16482240971113604
65042,0.13196535089279315
65043,0.06947210435308626
65044,0.017982463464121134
65045,0.05193069742050194
65046,0.08985988001415479
65047,0.5295386975153884
65048,0.48672966894242775
65049,0.37878055987372283
65050,0.22685384812096776
65051,0.06111826124135655
65052,0.04150797088506064
65053,0.02197637671302821
65054,0.04751579361922498
65055,0.0365475467149573
65056,0.07512342628871183
65057,0.11049262616609068
65058,0.12609779245936548
65059,0.3243665182498613
65060,0.729170103869156
65061,0.08064498277957732
65062,0.14580109483143633
65063,0.729681017864898
65064,0.999950236110823
65065,0.9986681304097883
65066,0.9438750603689339
65067,0.5428205884250086
65068,0.30568232694854025
65069,0.9966673807576022
65070,0.9081388998116118
65071,0.6532685379705254
65072,0.09432587576454021
65073,0.05932760216917332
65074,0.0402020925269192
66010,0.47444859081210744
66011,0.1929710221316313
66012,0.21546068152385833
66019,0.4547799408851555
66020,0.8566289502383319
66021,0.5656797196716897
66022,0.7960475769495139
66023,0.5241453617155487
66024,0.4079477640850261
66025,0.2997843591290913
66026,0.06972938222857139
66027,0.05332162103496629
66028,0.030926755791438887
66029,0.06989155172707817
66030,0.05876245793586099
66031,0.0694562550573693
66032,0.06202555046456337
66033,0.036559775215283974
66034,0.018133656929585684
66035,0.036280638339924676
66036,0.0292152440089557
66037,0.020978977347396732
66038,0.01569098723729212
66039,0.06034194306312102
66040,0.06293975598094403
66041,0.06625925105737884
66042,0.08779857752118625
66043,0.06382214976065315
66044,0.09215141226225221
66045,0.06282407087620123
66046,0.10593964517127352
66047,0.15720853918816324
66048,0.9062705848665058
66049,0.9323222253903054
66050,0.19953211456262554
66051,0.1356491430784087
66052,0.08231205809025777
66053,0.08493776072428216
66054,0.09962221149129336
66055,0.07624470180775289
66056,0.42867241078927787
66057,0.2046504676817278
66058,0.08573647611156776
66059,0.744768432052391
66060,0.5009423295790427
66061,0.21583599247528518
66062,0.14202153023284636
66063,0.06847437722932048
66064,0.09093120680863209
66065,0.3346395348786213
66066,0.9837631339073752
66067,0.7538278754353112
66068,0.13552902748425932
66069,0.17287498262731504
66070,0.149190741294134
66071,0.11398637184296867
66072,0.041454021314332845
66073,0.046962495664727655
66074,0.024176914675598238
66075,0.003241192931527692
67020,0.9802346427093648
67021,0.6841837320145132
67022,0.6161549808920952
67023,0.5716232886146027
67024,0.48361652283891843
67025,0.10979142859703406
67026,0.033189793893129926
67027,0.08612277363162335
67028,0.06596012924963879
67029,0.08551887491776111
67030,0.18470830952912987
67031,0.12081998914398184
67032,0.23350796446394784
67033,0.29687124779807217
67034,0.034418121891690356
67035,0.030895606934781994
67036,0.0419538887541443
67037,0.047586828674094694
67038,0.0326465528250528
67039,0.03647722606598802
67040,0.031630487464546
67041,0.02332779072889135
67042,0.027816674638178607
67043,0.028322312166176755
67044,0.09600152080169322
67045,0.06381664961845201
67046,0.1885688725689868
67047,0.0915366426362989
67048,0.5296465656696416
67049,0.9938018909014299
67050,0.607465324970572
67051,0.4394012222821104
67052,0.310231064170264
67053,0.22657918314172643
67054,0.1700176444347714
67055,0.40094719395270406
67056,0.34450094474899284
67057,0.7351103857070433
67058,0.36079070615519804
67059,0.22764023998788163
67060,0.128338101984093
67061,0.2248446311633222
67062,0.14169715195927501
67063,0.9983366281353638
67064,0.9741224136511581
67065,0.9159881084643144
67066,0.9821216972723772
67067,0.9999997441238845
67068,0.9972950607283376
67069,0.7630318736989224
67070,0.31984562099414215
67071,0.4155970536454666
67072,0.055416147043964914
67073,0.03530163905400785
67074,0.018677232147274347
67075,0.009145144759264645
68019,0.49078720915777174
68020,0.8678257699222255
68021,0.6330311292072848
68022,0.2602762944619963
68023,0.4114007521424715
68024,0.15163191752620375
68025,0.050475712108226545
68026,0.011608183981850151
68027,0.08580464414300704
68028,0.43136328831193127
68029,0.5786949867330871
68030,0.17525912902219698
68031,0.19878487895465236
68032,0.2444748008291331
68033,0.28123256327902224
68034,0.2814717619427838
68035,0.28987116262092216
68036,0.08853062996193528
68037,0.05427035120982571
68038,0.06840151612195311
68039,0.04019918430988467
68040,0.14879849992736127
68041,0.11991699076402218
68042,0.06824637897245645
68043,0.027653591364846353
68044,0.06530344745503491
68045,0.40196301051786654
68046,0.2389433728049728
68047,0.262530890282752
68048,0.6181204043817459
68049,0.9895680166156196
68050,0.9599521428914011
68051,0.7173748471342037
68052,0.5000085672672404
68053,0.18774986073469724
68054,0.2858107507832398
68055,0.5395194578453931
68056,0.8003441961625581
68057,0.7514075219363352
68058,0.7095423127530218
68059,0.11189140295190314
68060,0.22693886846258637
68061,0.10782002817730241
68062,0.9874324066275333
68063,0.9991914086084089
68064,0.9916628642234734
68065,0.8803976865165887
68066,0.9999997626374418
68067,0.8519061081689309
68068,0.6894752739216641
68069,0.5185799326112848
68070,0.280808631674728
68071,0.037413246202158135
68072,0.029372986533717116
68073,0.013490896601188296
68074,0.006766773626609268
69019,0.653136132311813
69020,0.7491110619309931
69021,0.5133632640800042
69022,0.166935031843372
69023,0.18285594288215523
69024,0.11022169108728619
69025,0.03941230054350475
69026,0.010052454966837376
69027,0.048923956247680866
69028,0.15218129265297875
69029,0.2568217528546648
69030,0.12978059223938887
69031,0.060549181707694966
69032,0.08047059136776058
69033,0.1951979369785335
69034,0.1043506492030104
69035,0.06705439369993071
69036,0.03978319358157323
69037,0.17590025967567302
69038,0.25917274036381655
69039,0.06847342618568042
69040,0.041151213422428445
69041,0.1195008159468075
69042,0.16816803433576588
69043,0.06928608316517737
69044,0.05545402648426501
69045,0.3744741860161206
69046,0.37862818380781793
69047,0.17982830026826802
69048,0.6991176478519775
69049,0.9987186251242112
69050,0.868794806895495
69051,0.8262955134673952
69052,0.6599104910044843
69053,0.6153385428799021
69054,0.7117966182985531
69055,0.5491204797113559
69056,0.855917901524135
69057,0.9351017040998306
69058,0.4924793498517912
69059,0.6850820805871027
69060,0.07909474686857698
69061,0.41548252415040665
69062,0.9919516687097569
69063,0.9923331626594911
69064,0.9999749641017074
69065,0.9852722081564185
69066,0.9983636052877866
69067,0.9240090427695277
69068,0.7415744160678104
69069,0.5399451197247331
69070,0.06376521782159306
69071,0.03569706147984797
69072,0.015018614352685367
69073,0.008290916131770132
70019,0.7030097075004635
70020,0.7812183736839241
70021,0.48606007083288416
70022,0.12159651521951287
70023,0.0852509574861946
70024,0.06587925059511157
70025,0.10388447672201007
70026,0.045675719664981296
70027,0.03246723202216706
70028,0.07301843031059885
70029,0.15194137581668232
70030,0.17029396555605825
70031,0.034151982398951564
70032,0.09131882602371011
70033,0.10131195138696869
70034,0.055500384789943125
70035,0.06374552098305908
70036,0.04971246176149946
70037,0.1588521083733745
70038,0.23811288111636897
70039,0.19354916309218306
70040,0.1866802586096643
70041,0.14169717400337156
70042,0.11845709531243664
70043,0.09827940427465631
70044,0.03734996810677049
70045,0.15767477866775237
70046,0.21124649586218736
70047,0.5148443962752738
70048,0.9954671758605912
70049,0.8926495281176339
70050,0.7834600662366054
70051,0.9823192272634398
70052,0.9910565278217113
70053,0.3644714286946774
70054,0.20917309355755465
70055,0.4085077808581107
70056,0.34246158097653
70057,0.7444308557446329
70058,0.25874557098588724
70059,0.20284434629608794
70060,0.9254525184529404
70061,0.6174574021779965
70062,0.9870365184059064
70063,0.9999999897058355
70064,0.999972464695713
70065,0.9998080321784883
70066,0.6582271588695675
70067,0.997120764746963
70068,0.9512793198455092
70069,0.6119190832023308
70070,0.037526570662639314
70071,0.01724676100580258
70072,0.008904627695826672
71019,0.5672180507710947
71020,0.5028821694435639
71021,0.8268283110700985
71022,0.1998495844780408
71023,0.299053429887011
71024,0.22577004687435231
71025,0.11528564453901013
71026,0.0818365098553605
71027,0.041152839321378365
71028,0.036411457175478334
71029,0.038124706812353804
71030,0.03854064066413898
71031,0.03141286734240445
71032,0.04227099473482787
71033,0.04799030029818485
71034,0.08049868676600358
71035,0.11004711327809391
71036,0.0815069762706705
71037,0.054557949521610416
71038,0.1135031111359669
71039,0.18679836209357992
71040,0.32667733008950495
71041,0.4941153280985775
71042,0.25836848342589125
71043,0.41014315574349325
71044,0.4616167640512847
71045,0.5165458101793536
71046,0.2860158322450982
71047,0.40442421014029606
71048,0.9990461640537824
71049,0.9982132680519781
71050,0.9999999991602792
71051,0.9992978454046052
71052,0.9577864056618972
71053,0.6143339591553855
71054,0.29368747902406644
71055,0.5408580354919748
71056,0.2874312976387897
71057,0.33232922144774457
71058,0.8442059055211113
71059,0.6715537397026301
71060,0.9330281297087804
71061,0.8845214863382937
71062,0.7339251183392137
71063,0.9999999999978572
71064,0.9999999903157764
71065,0.9851336901489901
71066,0.619759361858602
71067,0.5299605438738482
71068,0.25438218905872767
72019,0.9973876016147003
72020,0.47001554896154585
72021,0.6370267369974538
72022,0.5194933388031384
72023,0.46899469192231935
72024,0.13119570129749414
72025,0.03043016628440276
72026,0.0649575951852912
72027,0.032496563879232165
72028,0.07688203537869154
72029,0.054148004150581075
72030,0.09179895818520023
72031,0.12237923085487845
72032,0.07009171425800842
72033,0.07857703591872922
72034,0.05934257005005261
72035,0.08993170393239969
72036,0.1047240962251248
72037,0.17806625440776946
72038,0.11031959418761916
72039,0.07019606504694109
72040,0.28717422050832575
72041,0.1408409128647058
72042,0.269517004506844
72043,0.5467134619757779
72044,0.6686874691489186
72045,0.34482051317580864
72046,0.26496608889163065
72047,0.5198853790542843
72048,0.9992102370965464
72049,0.9362797341102133
72050,0.9999999890289047
72051,0.9999944048642433
72052,0.866562576809033
72053,0.8981144530696041
72054,0.24776830859085042
72055,0.11584335056197104
72056,0.16154853844376005
72057,0.13097086351475895
72058,0.2709297592671134
72059,0.43219820809153164
72060,0.7413153419692279
72061,0.5893957683522796
72062,0.9993115083060533
72063,0.9999974387967762
72064,0.9999900342259525
72065,0.8544584742822199
72066,0.5674061359788419
72067,0.028097991563424518
73019,0.8285888124680778
73020,0.41532768323406954
73021,0.7365877158919305
73022,0.5375550681203989
73023,0.3997683814897792
73024,0.10832912895464519
73025,0.012201538073547069
73026,0.012790906230696675
73027,0.030323531748335464
73028,0.06230175059839893
73029,0.07178467558564472
73030,0.07445647981401393
73031,0.09236673741985801
73032,0.09007127943522819
73033,0.11994556883370422
73034,0.08152587557719992
73035,0.09374780636014401
73036,0.07618765153486318
73037,0.07309902483514785
73038,0.13672500488557193
73039,0.08993740582461252
73040,0.0774615873185105
73041,0.32032726654113786
73042,0.7405092996060905
73043,0.8210261009277817
73044,0.94735093632036
73045,0.9197102000466263
73046,0.12091337122824553
73047,0.8347151533607082
73048,0.9999999974557711
73049,0.9999999683892978
73050,0.9997393288256421
73051,0.9988627047141324
73052,0.767938487834777
73053,0.9047657342821306
73054,0.31763871367601804
73055,0.02216545965958905
73056,0.059151257382465294
73057,0.06405241977897913
73058,0.2547370640637652
73059,0.5704074522262212
73060,0.5314594147216082
73061,0.98906912024153
73062,0.999351142785487
73063,0.9594822307222256
73064,0.999999597420843
73065,0.8575636555787858
73066,0.24023689691043193
74020,0.6070772810451399
74021,0.36501611744282225
74022,0.2414759409322078
74023,0.09186602895093132
74024,0.04836459061107756
74025,0.03808464544728074
74026,0.017391624973078224
74027,0.01982277991930792
74028,0.0324178269673534
74029,0.053129353278237756
74030,0.0866995147376387
74031,0.10016961574533512
74032,0.25770262497933005
74033,0.12406356473936742
74034,0.08813098412694864
74035,0.09880522970784589
74036,0.12355378405101092
74037,0.1234661251532917
74038,0.08114444646262287
74039,0.04729968237577753
74040,0.07329596040497899
74041,0.04997650119538111
74042,0.18205226307696465
74043,0.5631283206428793
74044,0.7043995700633991
74045,0.46097830712971133
74046,0.4172891894643096
74047,0.2183390870827704
74048,0.9987402681034669
74049,0.9999999999961011
74050,0.9999268129872995
74051,0.6779412893490285
74052,0.9693340823991345
74053,0.5142368702174658
74054,0.42146971774839503
74055,0.611528135517205
74056,0.8469763814799995
74057,0.16484869639909794
74058,0.4821644481523286
74059,0.600509064651032
74060,0.8980371597833603
74061,0.7755212874350262
74062,0.9983389444528505
74063,0.773265991299003
74064,0.8393692011566455
74065,0.7115969930719379
75020,0.46442998657038914
75021,0.7988464016594146
75022,0.22674343913284245
75023,0.012647645668007024
75024,0.05152330060026156
75025,0.10640482871947954
75026,0.11625647194170108
75027,0.00791772124305512
75028,0.006995315735153329
75029,0.022245243038408247
75030,0.058638015968100476
75031,0.043953435360544746
75032,0.04267522675491564
75033,0.06180693226605227
75034,0.060647573724218806
75035,0.05267704588558442
75036,0.07411343695341777
75037,0.11555730168033818
75038,0.05201558671999196
75039,0.16487033037731114
75040,0.34673863734365407
75041,0.15832654434906268
75042,0.5368858280633363
75043,0.3772814490771116
75044,0.5166680740858456
75045,0.6190027864918445
75046,0.5301163900461668
75047,0.36943004134252655
75048,0.6020729031454648
75049,0.9999999973200984
75050,0.9999841063668594
75051,0.9990767885271048
75052,0.999947224736196
75053,0.666683291732047
75054,0.8966119158720685
75055,0.7938541990797671
75056,0.9325961740905161
75057,0.9141560911621851
75058,0.4141759150684381
75059,0.7120442487756526
75060,0.6480323233137868
75061,0.16211294824459432
75062,0.2899894862638761
75063,0.5544150232733598
75064,0.38754985778755124
75065,0.02649281994635555
76020,0.5300008904420915
76021,0.9322921054464711
76022,0.5864278131956895
76023,0.11360104256399717
76024,0.02444914675649512
76025,0.009728419652169196
76026,0.02460713312984497
76027,0.0472909190971178
76028,0.015785409762159364
76029,0.015225404995466985
76030,0.028485302967015236
76031,0.07655118060435706
76032,0.03452052860293908
76033,0.022380149172721686
76034,0.03840839212167502
76035,0.050046545577902
76036,0.04166859180921989
76037,0.06294488928342756
76038,0.10170932432357804
76039,0.3836617244516378
76040,0.19344671765860733
76041,0.12308431540120901
76042,0.3357622610076715
76043,0.11723918674893374
76044,0.13807044316372363
76045,0.40814793037778196
76046,0.23077805360136094
76047,0.6708725117647997
76048,0.9974337107043397
76049,0.7893949984207639
76050,0.9999838394544609
76051,0.9766396622688405
76052,0.970688569266748
76053,0.9950025693397768
76054,0.8196375356558819
76055,0.9331508487285946
76056,0.9910952436473389
76057,0.9792402749597184
76058,0.4887736681998818
76059,0.6542690970402072
76060,0.8122227393698165
76061,0.1265644935520266
76062,0.060497864509576615
76063,0.01931895168023423
76064,0.015765315405522506
77020,0.5236507060729252
77021,0.5441158320418862
77022,0.8292140675022148
77023,0.172906375463186
77024,0.021564473652546323
77025,0.034920005141168775
77026,0.04274612133275291
77027,0.02308647501809269
77028,0.196941618214991
77029,0.014929359502999007
77030,0.015175634487063272
77031,0.02259079486927562
77032,0.03981083683133113
77033,0.032400309230542046
77034,0.05300008840539028
77035,0.05709016644122056
77036,0.021121936997377078
77037,0.018095707008578765
77038,0.026625631724007337
77039,0.12369532330228517
77040,0.3702569456957626
77041,0.2873151556264779
77042,0.07329086129302231
77043,0.13396741194715533
77044,0.14627830871880076
77045,0.5797129641757769
77046,0.27307067542856245
77047,0.3825605738817891
77048,0.9699670372520287
77049,0.9999527667956916
77050,0.47396260143872115
77051,0.9989075691451745
77052,0.9990377664630122
77053,0.6624237514968792
77054,0.9999941377330924
77055,0.9999999995501139
77056,0.9978062183928426
77057,0.9999953278842364
77058,0.8722166086182317
77059,0.7722796777140091
77060,0.7045065374488715
77061,0.07537026407299974
77062,0.0665085486305127
78020,0.7245101030514755
78021,0.5077588640771439
78022,0.5120359572538083
78023,0.3699680272885556
78024,0.04762778856829486
78025,0.014304019427883619
78026,0.014409213025350032
78027,0.03532647179601711
78028,0.07163282005578386
78029,0.020187756989288763
78030,0.015061035159059766
78031,0.014331602661641463
78032,0.02989920481165531
78033,0.028368177571278408
78034,0.07757977499576163
78035,0.05780787270767718
78036,0.02686054547979888
78037,0.02166236413107403
78038,0.024105805498868316
78039,0.0390772447232165
78040,0.13347587772433311
78041,0.15403602410267414
78042,0.048172787952708185
78043,0.05997544068205651
78044,0.09860563414371237
78045,0.24034208350083353
78046,0.25748739973625734
78047,0.2101221843107417
78048,0.9767061570982858
78049,0.9318043263362716
78050,0.9917055773567296
78051,0.3342076458556815
78052,0.9999999769118074
78053,0.9677495838273866
78054,0.9999999999999398
78055,0.999999999999999
78056,1.0
78057,0.9999415776729245
78058,0.8973331502628391
78059,0.5972557492062767
78060,0.25667323296182576
78061,0.22424707395702492
79021,0.46653367170560167
79022,0.7400215283408349
79023,0.5230484354880847
79024,0.08108340169342998
79025,0.04458859797497594
79026,0.004140731890230898
79027,0.0036644282121049976
79028,0.02305661826734584
79029,0.04582955520235643
79030,0.05425357942766651
79031,0.021847924309480682
79032,0.015878362708363847
79033,0.04400522569012666
79034,0.03588689345382534
79035,0.039286906682266864
79036,0.03665025720180515
79037,0.050337351774415784
79038,0.0856196001513242
79039,0.043091134309445445
79040,0.05943892029025488
79041,0.12396251966095206
79042,0.050746754505394565
79043,0.11033734074572743
79044,0.08020279697103083
79045,0.14281702287176423
79046,0.2820740813435423
79047,0.260251817369373
79048,0.5743106395136128
79049,0.5035042639054172
79050,0.4500603010018902
79051,0.25684612508180904
79052,0.9870080241446466
79053,0.999999644894221
79054,0.9999999999999927
79055,0.9999998228864327
79056,0.9999999852740017
79057,0.9928663578122563
79058,0.6382299515205507
79059,0.3430406559516038
79060,0.06042811961101269
80021,0.5177976733739902
80022,0.5720605467626356
80023,0.59934914220716
80024,0.37719865040681944
80025,0.042590091116799234
80026,0.029180555943412845
80027,0.006967269755189798
80028,0.002501963010700159
80029,0.0017230908756922236
80030,0.01352905034590346
80031,0.035099900522328364
80032,0.019163031139382558
80033,0.018119048642231017
80034,0.0237892937064067
80035,0.00793954903779659
80036,0.01906853835341682
80037,0.018307403572557224
80038,0.11646011030704151
80039,0.08958923309685651
80040,0.026286511889771935
80041,0.013758496025265243
80042,0.04655837026951337
80043,0.13264787708922454
80044,0.14766497798776446
80045,0.20379029679710048
80046,0.38894136265938395
80047,0.2590123129068532
80048,0.19070487636893696
80049,0.6571775104250379
80050,0.9488813852437039
80051,0.8451919485441571
80052,0.8076009735312399
80053,0.999999957204213
80054,0.9983145107834608
80055,0.9913905207372927
80056,0.9866202794192193
80057,0.8880502248803649
80058,0.4385174928822989
81021,0.6930085928110741
81022,0.785139250358202
81023,0.6831311952426102
81024,0.34777586437874863
81025,0.46811136628170735
81026,0.0981620035382963
81027,0.027923431952694533
81028,0.004540292449886518
81029,0.0026640845877106134
81030,0.004687641554727562
81031,0.004069314143295699
81032,0.04756310679602105
81033,0.07714367788893084
81034,0.02244066967562186
81035,0.006020570851571705
81036,0.010067183481922815
81037,0.016906205365374904
81038,0.05164850645773611
81039,0.10548286139352947
81040,0.048086113670086195
81041,0.04994579282309153
81042,0.0835285913970214
81043,0.5218807988643097
81044,0.056163006285513184
81045,0.21040281279659578
81046,0.24150457367704337
81047,0.4109026703402423
81048,0.19962285672595892
81049,0.20762281063991284
81050,0.34434295234734535
81051,0.19754894304451753
81052,0.4109788570272649
81053,0.21369994968077566
81054,0.08006236990840765
81055,0.2503074550165052
81056,0.046914177294240744
81057,0.026443940366215557
82021,0.7005080358157294
82022,0.6412650220536238
82023,0.6689238981037211
82024,0.49288482405102363
82025,0.6793385738822433
82026,0.2532538400662494
82027,0.04106652471598671
82028,0.023406603803618586
82029,0.007204660544949171
82030,0.002712280701382186
82031,0.003422566364093882
82032,0.00986685491982675
82033,0.04241482446056333
82034,0.024982124872112155
82035,0.013849377682650932
82036,0.04825653353951198
82037,0.08594261310384843
82038,0.05022944801987639
82039,0.3193718317881805
82040,0.04327078775948612
82041,0.03813964211071463
82042,0.18411956213877145
82043,0.15742486623646146
82044,0.14185497594750607
82045,0.22531926197948804
82046,0.35603768688272364
82047,0.31680525578491237
82048,0.23917864024465474
82049,0.23203305768814975
82050,0.7505268385719264
82051,0.21300165448649444
82052,0.31468142939646304
82053,0.13525803013271032
82054,0.07207081699061557
82055,0.025138735589350647
82056,0.029715720090289555
83021,0.3491462916339594
83022,0.4567844954728404
83023,0.8824015023719517
83024,0.44006471340938824
83025,0.4026359203006199
83026,0.3642293076138513
83027,0.19613861118010156
83028,0.17013220131441475
83029,0.11615325157772172
83030,0.016603780770690912
83031,0.007419290771341069
83032,0.014690599244002844
83033,0.023818215808879217
83034,0.0843074669417424
83035,0.059755381860220114
83036,0.0072945399723418625
83037,0.003981619273415449
83038,0.04312290541131991
83039,0.17977538108659352
83040,0.06506095356849662
83041,0.016267996829144593
83042,0.07308975101502901
83043,0.1669215446387684
83044,0.264706149221815
83045,0.25910146861352223
83046,0.1280649689215284
83047,0.1336045548591248
83048,0.32050609205513647
83049,0.18811883029877996
83050,0.4991211815060551
83051,0.11952313162399286
83052,0.050920205440727284
83053,0.06732526432836705
83054,0.06940629483826377
83055,0.025896521021463448
83056,0.013665543765773225
84022,0.2787989137832245
84023,0.31571779615044127
84024,0.6022457860056695
84025,0.49383181387443364
84026,0.047495268327554574
84027,0.2978586637187359
84028,0.1641437320278034
84029,0.11641558194607993
84030,0.14063999224932733
84031,0.01480215110736216
84032,0.011521623591539742
84033,0.0704673881314507
84034,0.1632877482155406
84035,0.02981860126167879
84036,0.01189666059340655
84037,0.007430230256006087
84038,0.012397762886350527
84039,0.04910264937886988
84040,0.15750772453762396
84041,0.047062382800430624
84042,0.39062415324631783
84043,0.9354431753358345
84044,0.5217584854869382
84045,0.5138522713380655
84046,0.7972096976429599
84047,0.4882034459252427
84048,0.1069053911986696
84049,0.07774720650389899
84050,0.06681870485304775
84051,0.049011773228070044
84052,0.04183435854481943
84053,0.006899953982364648
84054,0.020023718127401224
84055,0.03431413952436069
85022,0.5857888059040559
85023,0.5319851146067767
85024,0.9869347420898529
85025,0.36257953563239564
85026,0.12493028774064563
85027,0.28851333593726525
85028,0.009589307722801754
85029,0.010953854418928599
85030,0.044002961086297865
85031,0.02831955125783736
85032,0.008185740914242068
85033,0.020807508358933524
85034,0.008660032512120552
85035,0.0318591239701177
85036,0.024595784549174438
85037,0.013930008992517173
85038,0.007424267871430468
85039,0.05227234446074147
85040,0.028625597794819324
85041,0.910888214390898
85042,0.9998496597345672
85043,0.9994459893162425
85044,0.9998531495174687
85045,0.7890729237860663
85046,0.2830659938899266
85047,0.12302021871081414
85048,0.07951017058565657
85049,0.04730993275704065
85050,0.08734139398182628
85051,0.029452757863970613
85052,0.016014429502144267
86022,0.9598625898539838
86023,0.6261683315364953
86024,0.507761848365317
86025,0.43024823747255814
86026,0.33363520203498376
86027,0.026926491596954927
86028,0.14342135130278988
86029,0.018800191591873183
86030,0.02507141684071168
86031,0.03045260770771052
86032,0.0023811234895446676
86033,0.004731339845153837
86034,0.021574653539234934
86035,0.032797009344642025
86036,0.012022231812165884
86037,0.02147034289816807
86038,0.0313225290312007
86039,0.02017279012985962
86040,0.012113303374736373
86041,0.02634399492443429
86042,0.897702411128455
86043,0.9999999824277087
86044,0.9435889464660162
86045,0.03237540064976607
86046,0.05883284265173183
86047,0.06244618176297534
86048,0.06563811548008325
86049,0.027645757671360682
86050,0.0649227694697514
86051,0.012744069324445828
87023,0.30717321898645045
87024,0.4683228524027102
87025,0.7582018574758431
87026,0.1853804042119106
87027,0.1279062228034401
87028,0.011769436628472074
87029,0.00689143598434272
87030,0.004038450761300161
87031,0.0015998749642146537
87032,0.0013755650794547991
87033,0.004166091660116056
87034,0.0604905812819958
87035,0.04545842507144471
87036,0.03250020514788188
87037,0.0224846551148965
87038,0.013264535625218787
87039,0.00881031612147043
87040,0.05538504041437187
87041,0.06683451510406746
87042,0.9999687482953354
87043,0.9652077438393635
87044,0.2734057627841001
87045,0.04365110858229948
87046,0.051408017261911576
87047,0.11105085985385155
87048,0.006588169191130144
88023,0.21415138695926172
88024,0.36467876909922026
88025,0.17907348994179828
88026,0.38033568661152317
88027,0.5105833622271974
88028,0.021470174603104075
88029,0.006207100592820147
88030,0.01418655237245936
88031,0.0015930750382129322
88032,0.004330434259966598
88033,0.17404340179353528
88034,0.2249390543530151
88035,0.09600514246104908
88036,0.05693261399341498
88037,0.006042866245516754
88038,0.020272459589082747
88039,0.08245614781426303
88040,0.1010356131234661
88041,0.029947006043452795
88042,0.9942098858053748
88043,0.9017495921386162
88044,0.9974703344762058
88045,0.08382674779303279
88046,0.02890590876036425
88047,0.01463464646294621
88048,0.011990792581898724
89024,0.2925773481518329
89025,0.3121234592189832
89026,0.8300819584929775
89027,0.385853046955396
89028,0.25178663737892515
89029,0.010275755920133411
89030,0.030358185204529375
89031,0.048842568149465526
89032,0.008622342011950002
89033,0.48120416276207756
89034,0.5881096876855184
89035,0.1121774567728081
89036,0.010990855125529442
89037,0.01351384448963533
89038,0.023346880958518668
89039,0.09401783551100884
89040,0.01282095755455892
89041,0.007273419258781888
89042,0.9993403449693465
89043,0.9812468533452222
89044,0.9655738078326414
89045,0.10050974882583175
89046,0.05896973485370782
89047,0.043278399799717926
90024,0.6264519439018356
90025,0.8437879642039054
90026,0.5600545309100331
90027,0.9689267321827985
90028,0.24434028902095561
90029,0.029295413355419297
90030,0.03227157874007136
90031,0.06402858443259618
90032,0.009978431469307325
90033,0.02412457830493564
90034,0.11857254136591133
90035,0.022940947155093205
90036,0.01943637134406384
90037,0.029379390939917704
90038,0.10246823847668274
90039,0.06305818623544068
90040,0.026179803597754625
90041,0.017107348334316708
90042,0.33339595285723056
90043,0.8681807824334731
90044,0.9861168977327618
90045,0.31489558588988875
90046,0.03983092015279355
90047,0.0434936612950646
91025,0.7613807275047876
91026,0.3818971280521467
91027,0.8007282829294835
91028,0.10683214967748045
91029,0.2783611671139754
91030,0.061847791687685505
91031,0.22818932073984266
91032,0.043314307572738686
91033,0.0606169385154971
91034,0.006891995384602501
91035,0.025335285359723403
91036,0.009196115917818881
91037,0.030491012731421963
91038,0.04286651549241127
91039,0.1504789953473481
91040,0.022279286922434638
91041,0.0527352098021191
91042,0.05016125566424434
91043,0.9962899241934635
91044,0.9432283872694041
91045,0.6201460590822525
91046,0.062437201080917104
91047,0.10147728040154336
91048,0.09463056549949689
92026,0.9949326937063173
92027,0.13481854565380247
92028,0.677644996428399
92029,0.22035376336455292
92030,0.24785265639722598
92031,0.5658785106512599
92032,0.3994266337800969
92033,0.1630391082518058
92034,0.015509876338190676
92035,0.010076803648287447
92036,0.015615240647936623
92037,0.03564236756585093
92038,0.05451714193924606
92039,0.16837421188423896
92040,0.49871686858399167
92041,0.6085694810696329
92042,0.9952144681051854
92043,0.9906872476485655
92044,0.566276532339177
92045,0.9451131521914113
92046,0.057631778980330894
92047,0.049680971305852695
92048,0.06085946463492231
93026,0.49446049697972705
93027,0.1605013444535014
93028,0.5522799210022455
93029,0.5685751883783476
93030,0.19159980256151776
93031,0.4369879272951036
93032,0.31327239277700536
93033,0.7989588565020586
93034,0.0352806117100547
93035,0.041540370418444494
93036,0.1683897944712166
93037,0.023195936829085495
93038,0.18083803411471444
93039,0.9666007979966663
93040,0.8544620790936801
93041,0.8835423248921059
93042,0.505090261752478
93043,0.6684107175412116
93044,0.8691340691264084
93045,0.9368711438148207
93046,0.10339959544067334
93047,0.06311972237934826
93048,0.00679589404289449
94026,0.41772325328209203
94027,0.23200958505498614
94028,0.36727009506411046
94029,0.9983502773151444
94030,0.10686451352017146
94031,0.99611572376322
94032,0.12981662677597494
94033,0.09968137534086274
94034,0.07976570758293866
94035,0.05614987041717967
94036,0.11525167147162785
94037,0.044154564108590755
94038,0.1360683546396415
94039,0.5617774101898567
94040,0.30460165001031836
94041,0.7567599936368224
94042,0.4694036080449745
94043,0.08995967828355567
94044,0.9245965349735178
94045,0.9833348805445924
94046,0.06235979669692371
94047,0.026131325370057357
94048,0.004334720055625296
95027,0.13577175035624056
95028,0.8097462942470502
95029,0.6446770732094599
95030,0.9888653888702428
95031,0.7675301545967066
95032,0.019787047893941034
95033,0.03099134074301335
95034,0.0743271960768902
95035,0.05289012976487595
95036,0.3977426964784876
95037,0.10303312441530044
95038,0.6551519816891431
95039,0.4084103921926271
95040,0.158763337061963
95041,0.7662709476138043
95042,0.2429326310235309
95043,0.1418937747275476
95044,0.9013049061585361
95045,0.8922907552611474
95046,0.7932842411727523
95047,0.5034039782548392
95048,0.001403562134631997
96027,0.18837766714652904
96028,0.19296759401171037
96029,0.9830058860765302
96030,0.9999999975636168
96031,0.8423188454707983
96032,0.15850558472636855
96033,0.2976436053868713
96034,0.28580927585966776
96035,0.16723333222012549
96036,0.6145876452922621
96037,0.469929892427576
96038,0.8626682767227649
96039,0.2623011338876632
96040,0.49975105508318785
96041,0.6724330267080654
96042,0.09390318013395738
96043,0.7052007324336229
96044,0.4318294652137995
96045,0.6856505412951743
96046,0.6552995786957535
96047,0.6496214904021729
96048,0.023485028287926535
96099,0.8164760783905332
97027,0.6110020991539773
97028,0.9878432128388681
97029,0.7609158231648807
97030,0.6869746466341966
97031,0.3723917628148117
97032,0.46331565350649884
97033,0.21001847140843388
97034,0.16767497408965282
97035,0.10747456733132832
97036,0.42615231574998647
97037,0.2673317649032919
97038,0.10887651932254816
97039,0.21974085387602704
97040,0.2932022886469845
97041,0.04603018949697901
97042,0.14843110629713896
97043,0.5915017262996942
97044,0.3660622521825514
97045,0.3938242353659408
97046,0.09388733439796038
97047,0.058049240342425645
97048,0.010945977821852693
97099,0.36853841564591305
98027,0.4947016447560122
98028,0.7610850779845231
98029,0.3527424671361127
98030,0.9999999180402702
98031,0.8290379164799346
98032,0.14800170584249694
98033,0.20757746399876187
98034,0.16752313814845365
98035,0.09662240365293373
98036,0.5670769492139205
98037,0.2817255964819021
98038,0.06908889551878583
98039,0.11269775337009458
98040,0.20224252461741543
98041,0.07146063218024246
98042,0.5260127882152154
98043,0.6324725398806745
98044,0.6580529506355768
98045,0.09664518792443744
98046,0.05166662913225262
98047,0.03397854691407132
98048,0.016675626169453617
98099,0.39001035074675383
99028,0.5630244297119983
99029,0.34710418348039795
99030,0.9999999999904942
99031,0.6744161318369666
99032,0.1072829147418084
99033,0.09395580550473104
99034,0.1752340966817284
99035,0.16188149902860693
99036,0.17908101001781018
99037,0.3945799468012665
99038,0.5353680394882218
99039,0.1468082419264114
99040,0.3029075628466179
99041,0.5130459839122886
99042,0.6438558901020628
99043,0.811352907293553
99044,0.8099393148154187
99045,0.09281991931051381
99046,0.07945326988137447
99047,0.027064350896681244
99048,0.019225448221432018
99099,0.01867581846624289
100028,0.19187752598890395
100029,0.9987311514362834
100030,0.822722900036988
100031,0.8741075872250408
100032,0.20951729327306678
100033,0.06333510889942107
100034,0.07878338623265535
100035,0.1013780179160586
100036,0.2689704788471715
100037,0.7928742655603461
100038,0.5643171314973597
100039,0.5978635200819336
100040,0.4620961438557145
100041,0.3088781180286161
100042,0.7886320575812251
100043,0.7441969373671262
100044,0.10601434830580658
100045,0.21683957379720975
100046,0.05607760625930136
100047,0.022191442970332376
100099,0.05385905462133589
101029,0.04092909626660057
101030,0.86393480309806
101031,0.9887476858328474
101032,0.9358249640912047
101033,0.12261036072032372
101034,0.04575262193091012
101035,0.03079800872692562
101036,0.5931890235163924
101037,0.5054216628645152
101038,0.9997888382266615
101039,0.92885210581822
101040,0.4235203644204504
101041,0.18619563606425227
101042,0.5895545466375061
101043,0.37059211103042233
101044,0.054926257599489325
101045,0.2692454028949116
101046,0.02814198241689958
101047,0.018738405570620564
102029,0.02228623681820785
102030,0.566879126889837
102031,0.9999999999999218
102032,0.9971757866565556
102033,0.8473458097030859
102034,0.16092403487224705
102035,0.04603877129539535
102036,0.9768892661225815
102037,0.8240124154566094
102038,0.9415654717353125
102039,0.6076224368092056
102040,0.9906980228526996
102041,0.6431254297987605
102042,0.7149349354278347
102043,0.6226941791484644
102044,0.06049921212222176
102045,0.04105167729707282
102046,0.03492336048682576
102098,0.018402879297563346
103030,0.1423523277068719
103031,0.9999803722869178
103032,0.990513893947753
103033,1.0
103034,0.996907285906621
103035,0.8939627661588121
103036,0.9518993175349403
103037,0.7855984675583467
103038,0.8515903320415437
103039,0.36024933483134014
103040,0.914133451049711
103041,0.6785537095026772
103042,0.5324638661222529
103043,0.09656644073205167
103044,0.04894604537011216
103045,0.0503200949741186
103046,0.02596508330555769
103098,0.0002722149321848777
104031,0.688944287828539
104032,0.9317993483471586
104033,0.999999999999981
104034,1.0
104035,0.9990797030801554
104036,0.061699767495884905
104037,0.0703143328075665
104038,0.15160506293612097
104039,0.06439087708824942
104040,0.21626931338350774
104041,0.8756987125018356
104042,0.9075100700516631
104043,0.05399054126124292
104044,0.03931845816421653
104045,0.056800568272999175
104046,0.015668991143434674
105031,0.14483781061397372
105032,0.14856539878915664
105033,0.9706088512958483
105034,0.9999999999988542
105035,0.3120594036273868
105036,0.005537751090562426
105037,0.006408511620307977
105038,0.08507882278751311
105039,0.1235321661699662
105040,0.08270493581533
105041,0.5359264575071105
105042,0.15753869058235292
105043,0.02332701584516661
105044,0.018062707152260216
105045,0.03933516254037639
105046,0.04224578683652758
106032,0.07340250752794641
106033,0.10872257268136432
106034,0.9817638056729743
106035,0.530341855030773
106036,0.018080752344140194
106037,0.013694687329194766
106038,0.009919230196899997
106039,0.00554963069569725
106040,0.011795114258955408
106041,0.04228848060908186
106042,0.07277903862476331
106043,0.04299700966774378
106044,0.053388958421192734
106045,0.0700296348206716
106046,0.04843871879550299
107032,0.04827196210607276
107033,0.12824641201480746
107034,0.23170209717764068
107035,0.7893067122672913
107036,0.15086821746103052
107037,0.01273890427164448
107038,0.007236140626055265
107039,0.02044897164982773
107040,0.41607268518423624
107041,0.09134107748374998
107042,0.015582486187708855
107043,0.016971079851890836
107044,0.040703100936396286
107045,0.05134492814719338
107046,0.028392294034554344
108032,0.04886370455733313
108033,0.75360164270351
108034,0.8930308111241593
108035,1.0
108036,0.9999996785361159
108037,0.8110277132091153
108038,0.9093893645223875
108039,0.23445095821947604
108040,0.7312871985728537
108041,0.6925933606241906
108042,0.06980207399258764
108043,0.04011678198714974
108044,0.037017416989756136
108045,0.043824562996067185
108046,0.017406733239034078
109033,0.04199646184671557
109034,0.7366952292599208
109035,1.0
109036,1.0
109037,0.9999458525211287
109038,0.2764182112483966
109039,0.3364801308739436
109040,0.7446132275504571
109041,0.15452110030438837
109042,0.047838704372993424
109043,0.012770412255088459
109044,0.007888006695264238
110033,0.016923074348240363
110034,0.5710875081673795
110035,0.996366911690108
110036,1.0
110037,0.35162559787106984
110038,0.40934825796677066
110039,0.024867598287880988
110040,0.040466890465510774
110041,0.0351963509627371
110042,0.010466749114396268
110043,0.005675155695395673
111033,0.013103477803824481
111034,0.7335430616149994
111035,0.9999999921923876
111036,0.9999998753109469
111037,0.9999999999951632
111038,0.6857348910454806
111039,0.005136365537270149
111040,0.005233806962976262
111041,0.007638256787143249
111042,0.0036469469874894633
111043,0.015311237463639493
112033,0.029734670779739902
112034,0.6560193238088097
112035,0.9999995208681483
112036,1.0
112037,0.9946606753723156
112038,0.0021025885584892157
112039,0.0016096055425990352
112040,0.001106711163592844
112041,0.0030808178479556636
112042,0.009023888590102613
112043,0.04820978857485114
113034,0.11369646979032033
113035,0.5992630020772856
113036,0.999994730764783
113037,0.5227375947123422
113038,0.0007232703720212452
113039,0.000721675193216198
113040,0.0013774139972098087
113041,0.0015666545633231665
114034,0.033270080167279614
114035,0.4528059648442495
114036,0.8751354702865264
114037,0.25160215553910303
114038,0.0008052620499863217
114039,0.0007704354363823329
114040,0.0011098386549794892
115035,0.2767431972011404
115036,0.9964621378009422
115037,0.8375796781476414
115038,0.005554944295543152
115039,0.0074031339347334635
115040,0.09861222308757633
116036,0.4968118695997482
116037,0.9945187615650095
116038,0.07102538349559517
116039,0.0105824807399727
117037,0.38445018885513316
